Name: CCTV-1, URL: http://php.jdshipin.com/TVOD/iptv.php?id=rthk33, IPv_Type: ipv6, Location: 美国, ISP: CloudFlare Inc., Date: None, Delay: 0.1 ms, Speed: inf M/s, Resolution: 1920x1080
Name: CCTV-1, URL: http://iptv.huuc.edu.cn/hls/cctv1hd.m3u8, IPv_Type: ipv6, Location: 中国, ISP: 教育网, Date: None, Delay: 0.1 ms, Speed: inf M/s, Resolution: 1920x1080
Name: CCTV-1, URL: https://smart.pendy.dpdns.org/Smart.php?id=cctv1, IPv_Type: ipv6, Location: 美国, ISP: CloudFlare Inc., Date: None, Delay: 0.1 ms, Speed: inf M/s, Resolution: 1920x1080
Name: CCTV-1, URL: http://[2409:8087:1:20:20::29]/otttv.bj.chinamobile.com/PLTV/88888888/224/3221226895/1.m3u8?servicetype=1&accountinfo=%7E%7EV2.0%7EI0Rkc6neBYgfpoJ1yud8Fw%7EPepnxHHB2d6Hk2dZWM77MyFlBN5q1KnYLvimM9pqT7Epd7QgO4HFWH0z34SUb2Vs%7EExtInfo9bj61dxzlMXrsixrqcFYPg%3A20240420192714%2C%2C%2C20240420192714%2C%2C10001000275495%2C-1%2C0%2C1%2C-1%2C%2C2%2C2201300%2C%2C%2C2%2C%2C%2CEND&GuardEncType=2, IPv_Type: ipv6, Location: 中国, ISP: 中国移动, Date: None, Delay: 0.1 ms, Speed: inf M/s, Resolution: 1920x1080
Name: CCTV-1, URL: http://[2409:8087:1a01:df::4077]/ottrrs.hl.chinamobile.com/PLTV/88888888/8/3221226016/index.m3u8, IPv_Type: ipv6, Location: 中国, ISP: 中国移动, Date: None, Delay: 0.1 ms, Speed: inf M/s, Resolution: 1920x1080
Name: CCTV-1, URL: http://[2409:8087:1a01:df::4077]:80/ottrrs.hl.chinamobile.com/PLTV/88888888/224/3221226016/index.m3u8, IPv_Type: ipv6, Location: 中国, ISP: 中国移动, Date: None, Delay: 0.1 ms, Speed: inf M/s, Resolution: 1920x1080
Name: CCTV-1, URL: http://[2409:8087:1a01:df::4077]:80/ottrrs.hl.chinamobile.com/PLTV/88888888/224/3221226016/1.m3u8, IPv_Type: ipv6, Location: 中国, ISP: 中国移动, Date: None, Delay: 0.1 ms, Speed: inf M/s, Resolution: 1920x1080
Name: CCTV-1, URL: http://[2409:8087:1a01:df::4077]/ottrrs.hl.chinamobile.com/yinhe/88888888/224/3221226016/index.m3u8, IPv_Type: ipv6, Location: 中国, ISP: 中国移动, Date: None, Delay: 0.1 ms, Speed: inf M/s, Resolution: 1920x1080
Name: CCTV-1, URL: http://[2409:8087:1a01:df::4077]:80/ottrrs.hl.chinamobile.com/yinhe/88888888/224/3221226016/index.m3u8, IPv_Type: ipv6, Location: 中国, ISP: 中国移动, Date: None, Delay: 0.1 ms, Speed: inf M/s, Resolution: 1920x1080
Name: CCTV-1, URL: http://[2409:8087:8:21::18]:6610/otttv.bj.chinamobile.com/PLTV/88888888/224/3221226338/1.m3u8, IPv_Type: ipv6, Location: 中国, ISP: 中国移动, Date: None, Delay: 0.1 ms, Speed: inf M/s, Resolution: 1920x1080
Name: CCTV-1, URL: http://[2409:8087:1a01:df::4077]/ottrrs.hl.chinamobile.com/PLTV/88888888/224/3221226016/1.m3u8?icpid=88888888&from=1&hms_devid=1012&vqe=3, IPv_Type: ipv6, Location: 中国, ISP: 中国移动, Date: None, Delay: 0.1 ms, Speed: inf M/s, Resolution: 1920x1080
Name: CCTV-1, URL: http://[2409:8087:1a0a:df::404b]/ottrrs.hl.chinamobile.com/TVOD/88888888/224/3221226559/index.m3u8, IPv_Type: ipv6, Location: 中国, ISP: 中国移动, Date: None, Delay: 0.1 ms, Speed: inf M/s, Resolution: 1920x1080
Name: CCTV-1, URL: http://[2409:8087:1a01:df::4077]/ottrrs.hl.chinamobile.com/PLTV/88888888/224/3221226016/index.m3u8, IPv_Type: ipv6, Location: 中国, ISP: 中国移动, Date: None, Delay: 0.1 ms, Speed: inf M/s, Resolution: 1920x1080
Name: CCTV-1, URL: http://yc.myds.me:35455/gaoma/cctv1.m3u8, IPv_Type: ipv6, Location: 中国, ISP: 中国电信, Date: None, Delay: 0.1 ms, Speed: inf M/s, Resolution: 1920x1080
Name: CCTV-1, URL: http://yc.myds.me:35455/itv/6000000001000029752.m3u8?cdn=wasusyt, IPv_Type: ipv6, Location: 中国, ISP: 中国电信, Date: None, Delay: 0.1 ms, Speed: inf M/s, Resolution: 1920x1080
Name: CCTV-1, URL: http://yc.myds.me:35455/itv/5000000004000002226.m3u8?cdn=bestzb, IPv_Type: ipv6, Location: 中国, ISP: 中国电信, Date: None, Delay: 0.1 ms, Speed: inf M/s, Resolution: 1920x1080
Name: CCTV-1, URL: http://nas.suntao.online:35455/itv/6000000001000029752.m3u8?cdn=wasusyt, IPv_Type: ipv6, Location: 中国, ISP: 中国联通, Date: None, Delay: 0.1 ms, Speed: inf M/s, Resolution: 1920x1080
Name: CCTV-1, URL: http://iptv.cdn.ha.chinamobile.com/PLTV/88888888/224/3221227262/index.m3u8, IPv_Type: ipv6, Location: 中国, ISP: 中国移动, Date: None, Delay: 0.1 ms, Speed: inf M/s, Resolution: 1920x1080
Name: CCTV-1, URL: http://hwrr.jx.chinamobile.com:8080/PLTV/88888888/224/3221225618/index.m3u8, IPv_Type: ipv6, Location: 中国, ISP: 中国移动, Date: None, Delay: 0.1 ms, Speed: inf M/s, Resolution: 1920x1080
Name: CCTV-1, URL: http://hwrr.jx.chinamobile.com:8080/PLTV/88888888/224/3221225642/index.m3u8, IPv_Type: ipv6, Location: 中国, ISP: 中国移动, Date: None, Delay: 0.1 ms, Speed: inf M/s, Resolution: 1920x1080
Name: CCTV-1, URL: http://hwrr.jx.chinamobile.com:8080/PLTV/88888888/224/3221226221/index.m3u8, IPv_Type: ipv6, Location: 中国, ISP: 中国移动, Date: None, Delay: 0.1 ms, Speed: inf M/s, Resolution: 1920x1080
Name: CCTV-1, URL: http://hwrr.jx.chinamobile.com:8080/PLTV/88888888/224/3221226225/index.m3u8, IPv_Type: ipv6, Location: 中国, ISP: 中国移动, Date: None, Delay: 0.1 ms, Speed: inf M/s, Resolution: 1920x1080
Name: CCTV-1, URL: http://lu.wqwqwq.sbs/itv/1000000005000265001.m3u8?cdn=ystenlive, IPv_Type: ipv6, Location: 美国, ISP: CloudFlare Inc., Date: None, Delay: 0.1 ms, Speed: inf M/s, Resolution: 1920x1080
Name: CCTV-1, URL: http://[2409:8087:5e01:34::21]:6610/ZTE_CMS/00000001000000060000000000000131/index.m3u8?IAS, IPv_Type: ipv6, Location: 中国, ISP: 中国移动, Date: None, Delay: 0.1 ms, Speed: inf M/s, Resolution: 1920x1080
Name: CCTV-1, URL: http://[2409:8087:5e01:34::22]:6610/ZTE_CMS/00000001000000060000000000000131/index.m3u8?IAS, IPv_Type: ipv6, Location: 中国, ISP: 中国移动, Date: None, Delay: 0.1 ms, Speed: inf M/s, Resolution: 1920x1080
Name: CCTV-1, URL: http://[2409:8087:5e01:34::23]:6610/ZTE_CMS/00000001000000060000000000000131/index.m3u8?IAS, IPv_Type: ipv6, Location: 中国, ISP: 中国移动, Date: None, Delay: 0.1 ms, Speed: inf M/s, Resolution: 1920x1080
Name: CCTV-1, URL: http://[2409:8087:5e01:34::20]:6610/ZTE_CMS/00000001000000060000000000000131/index.m3u8?IAS, IPv_Type: ipv6, Location: 中国, ISP: 中国移动, Date: None, Delay: 0.1 ms, Speed: inf M/s, Resolution: 1920x1080
Name: CCTV-1, URL: http://dbiptv.sn.chinamobile.com/PLTV/88888890/224/3221226231/index.m3u8, IPv_Type: ipv6, Location: 中国, ISP: 中国移动, Date: None, Delay: 0.1 ms, Speed: inf M/s, Resolution: 1920x1080
Name: CCTV-1, URL: http://php.jdshipin.com:8880/TVOD/iptv.php?id=rthk33, IPv_Type: ipv6, Location: 美国, ISP: CloudFlare Inc., Date: None, Delay: 0.1 ms, Speed: inf M/s, Resolution: 1920x1080
Name: CCTV-1, URL: https://ldncctvwbndhwy.cntv.myhwcdn.cn/ldncctvwbnd/ldcctv1_2/index.m3u8, IPv_Type: ipv6, Location: 中国, ISP: 中国联通, Date: None, Delay: 0.1 ms, Speed: inf M/s, Resolution: 1920x1080
Name: CCTV-1, URL: https://cdn5.163189.xyz/live/cctv1/stream.m3u8, IPv_Type: ipv6, Location: 美国, ISP: CloudFlare Inc., Date: None, Delay: 0.1 ms, Speed: inf M/s, Resolution: 1920x1080
Name: CCTV-1, URL: http://[2409:8087:1a01:df::4077]:80/ottrrs.hl.chinamobile.com/PLTV/88888888/8/3221226016/index.m3u8, IPv_Type: ipv6, Location: 中国, ISP: 中国移动, Date: None, Delay: 0.1 ms, Speed: inf M/s, Resolution: 1920x1080
Name: CCTV-1, URL: http://zteres.sn.chinamobile.com:6060/000000001000/5000000004000002226/1.m3u8?channel-id=bestzb&Contentid=5000000004000002226&livemode=1&stbId=3, IPv_Type: ipv6, Location: 中国, ISP: 中国移动, Date: None, Delay: 0.1 ms, Speed: inf M/s, Resolution: 1920x1080
Name: CCTV-1, URL: http://zteres.sn.chinamobile.com:6060/000000001000/1000000005000265001/1.m3u8?channel-id=ystenlive&Contentid=1000000005000265001&livemode=1&stbId=3, IPv_Type: ipv6, Location: 中国, ISP: 中国移动, Date: None, Delay: 0.1 ms, Speed: inf M/s, Resolution: 1920x1080
Name: CCTV-1, URL: http://zteres.sn.chinamobile.com:6060/000000001000/5000000010000030810/1.m3u8?channel-id=bestzb&Contentid=5000000010000030810&livemode=1&stbId=3, IPv_Type: ipv6, Location: 中国, ISP: 中国移动, Date: None, Delay: 0.1 ms, Speed: inf M/s, Resolution: 1920x1080
Name: CCTV-1, URL: http://zteres.sn.chinamobile.com:6060/000000001000/1000000001000021973/1.m3u8?channel-id=ystenlive&Contentid=1000000001000021973&livemode=1&stbId=3, IPv_Type: ipv6, Location: 中国, ISP: 中国移动, Date: None, Delay: 0.1 ms, Speed: inf M/s, Resolution: 1920x1080
Name: CCTV-1, URL: http://zteres.sn.chinamobile.com:6060/000000001000/1000000005000025334/1.m3u8?channel-id=ystenlive&Contentid=1000000005000025334&livemode=1&stbId=3, IPv_Type: ipv6, Location: 中国, ISP: 中国移动, Date: None, Delay: 0.1 ms, Speed: inf M/s, Resolution: 1920x1080
Name: CCTV-1, URL: http://[2409:8087:4c0a:22:1::11]:6410/170000001115/UmaiCHAN111128BESTVSMGSMG/index.m3u8?AuthInfo=9kOOdBn7MFF%2F2bWjKgahUU6FFmRK8Hl0ytyd5e5kWGEwoDIwMxbrlyyVy9x6ZDKnldIYKOjBOUjRyoym5n7Kg0yIYstFTUfqtC14fzxhy5Y, IPv_Type: ipv6, Location: 中国, ISP: 中国移动, Date: None, Delay: 0.1 ms, Speed: inf M/s, Resolution: 1920x1080
Name: CCTV-1, URL: http://[2409:8087:5e00:24::1f]:6060/ZTE_CMS/00000001000000060000000000000131/index.m3u8, IPv_Type: ipv6, Location: 中国, ISP: 中国移动, Date: None, Delay: 0.1 ms, Speed: inf M/s, Resolution: 1920x1080
Name: CCTV-1, URL: http://[2409:8087:74f0:22::4]:6610/270000001128/9900000501/index.m3u8, IPv_Type: ipv6, Location: 中国, ISP: 中国移动, Date: None, Delay: 0.1 ms, Speed: inf M/s, Resolution: 1920x1080
Name: CCTV-1, URL: http://[2409:8087:1a01:df::7005]/ottrrs.hl.chinamobile.com/PLTV/88888888/224/3221226559/index.m3u8, IPv_Type: ipv6, Location: 中国, ISP: 中国移动, Date: None, Delay: 0.1 ms, Speed: inf M/s, Resolution: 1920x1080
Name: CCTV-1, URL: http://[2409:8087:1a01:df::7005]:80/ottrrs.hl.chinamobile.com/PLTV/88888888/224/3221226559/index.m3u8, IPv_Type: ipv6, Location: 中国, ISP: 中国移动, Date: None, Delay: 0.1 ms, Speed: inf M/s, Resolution: 1920x1080
Name: CCTV-1, URL: http://[2409:8087:3869:8021:1001::e5]:6610/PLTV/88888910/224/3221225642/index.m3u8, IPv_Type: ipv6, Location: 中国, ISP: 中国移动, Date: None, Delay: -1 ms, Speed: 0.00 M/s, Resolution: None
Name: CCTV-1, URL: http://[2409:8087:3869:8021:1001::e5]:6610/PLTV/88888888/224/3221225643/2/index.m3u8, IPv_Type: ipv6, Location: 中国, ISP: 中国移动, Date: None, Delay: -1 ms, Speed: 0.00 M/s, Resolution: None
Name: CCTV-1, URL: http://[2409:8087:8:21::18]:6610/otttv.bj.chinamobile.com/PLTV/88888888/224/3221226895/1.m3u8, IPv_Type: ipv6, Location: 中国, ISP: 中国移动, Date: None, Delay: -1 ms, Speed: 0.00 M/s, Resolution: None
Name: CCTV-1, URL: http://rrs01.hw.gmcc.net:8088/PLTV/81/224/3221226737/1.m3u8, IPv_Type: ipv6, Location: 中国, ISP: 中国移动, Date: None, Delay: -1 ms, Speed: 0.00 M/s, Resolution: None
Name: CCTV-1, URL: http://[2409:8087:8:21::18]:6610/otttv.bj.chinamobile.com/PLTV/88888888/224/3221226230/1.m3u8, IPv_Type: ipv6, Location: 中国, ISP: 中国移动, Date: None, Delay: -1 ms, Speed: 0.00 M/s, Resolution: None
Name: CCTV-1, URL: https://cc06.tv12.xyz/1.m3u8, IPv_Type: ipv6, Location: 美国, ISP: CloudFlare Inc., Date: None, Delay: -1 ms, Speed: 0.00 M/s, Resolution: None
Name: CCTV-2, URL: http://php.jdshipin.com/TVOD/hljyd.php?id=3221225588, IPv_Type: ipv6, Location: 美国, ISP: CloudFlare Inc., Date: None, Delay: 0.1 ms, Speed: inf M/s, Resolution: 1920x1080
Name: CCTV-2, URL: http://iptv.huuc.edu.cn/hls/cctv2hd.m3u8, IPv_Type: ipv6, Location: 中国, ISP: 教育网, Date: None, Delay: 0.1 ms, Speed: inf M/s, Resolution: 1920x1080
Name: CCTV-2, URL: https://smart.pendy.dpdns.org/Smart.php?id=cctv2, IPv_Type: ipv6, Location: 美国, ISP: CloudFlare Inc., Date: None, Delay: 0.1 ms, Speed: inf M/s, Resolution: 1920x1080
Name: CCTV-2, URL: http://[2409:8087:1a01:df::4077]/ottrrs.hl.chinamobile.com/PLTV/88888888/8/3221225588/index.m3u8, IPv_Type: ipv6, Location: 中国, ISP: 中国移动, Date: None, Delay: 0.1 ms, Speed: inf M/s, Resolution: 1920x1080
Name: CCTV-2, URL: http://[2409:8087:1a01:df::4077]:80/ottrrs.hl.chinamobile.com/yinhe/88888888/8/3221225588/index.m3u8, IPv_Type: ipv6, Location: 中国, ISP: 中国移动, Date: None, Delay: 0.1 ms, Speed: inf M/s, Resolution: 1920x1080
Name: CCTV-2, URL: http://[2409:8087:1a01:df::406f]:80/wh7f454c46tw1241164675_1575082505/ottrrs.hl.chinamobile.com/PLTV/88888888/224/3221226540/index.m3u8?icpid=88888888&RTS=1713968070&from=4&hms_devid=692&prioritypopid=4&online=1713968070&vqe=3, IPv_Type: ipv6, Location: 中国, ISP: 中国移动, Date: None, Delay: 0.1 ms, Speed: inf M/s, Resolution: 1920x1080
Name: CCTV-2, URL: http://[2409:8087:1a01:df::4077]:80/ottrrs.hl.chinamobile.com/PLTV/88888888/8/3221225588/index.m3u8, IPv_Type: ipv6, Location: 中国, ISP: 中国移动, Date: None, Delay: 0.1 ms, Speed: inf M/s, Resolution: 1920x1080
Name: CCTV-2, URL: http://[2409:8087:8:21::18]:6610/otttv.bj.chinamobile.com/PLTV/88888888/224/3221226230/1.m3u8, IPv_Type: ipv6, Location: 中国, ISP: 中国移动, Date: None, Delay: 0.1 ms, Speed: inf M/s, Resolution: 1920x1080
Name: CCTV-2, URL: http://[2409:8087:8:21::18]:6610/otttv.bj.chinamobile.com/PLTV/88888888/224/3221226371/1.m3u8, IPv_Type: ipv6, Location: 中国, ISP: 中国移动, Date: None, Delay: 0.1 ms, Speed: inf M/s, Resolution: 1920x1080
Name: CCTV-2, URL: http://[2409:8087:8:21::18]:6610/otttv.bj.chinamobile.com/PLTV/88888888/224/3221226457/1.m3u8, IPv_Type: ipv6, Location: 中国, ISP: 中国移动, Date: None, Delay: 0.1 ms, Speed: inf M/s, Resolution: 1920x1080
Name: CCTV-2, URL: http://[2409:8087:8:21::18]:6610/otttv.bj.chinamobile.com/PLTV/88888888/224/3221226472/1.m3u8, IPv_Type: ipv6, Location: 中国, ISP: 中国移动, Date: None, Delay: 0.1 ms, Speed: inf M/s, Resolution: 1920x1080
Name: CCTV-2, URL: http://[2409:8087:1a0a:df::404b]/ottrrs.hl.chinamobile.com/TVOD/88888888/224/3221225588/index.m3u8, IPv_Type: ipv6, Location: 中国, ISP: 中国移动, Date: None, Delay: 0.1 ms, Speed: inf M/s, Resolution: 1920x1080
Name: CCTV-2, URL: http://ottrrs.hl.chinamobile.com/TVOD/88888888/224/3221226540/index.m3u8, IPv_Type: ipv6, Location: 中国, ISP: 中国移动, Date: None, Delay: 0.1 ms, Speed: inf M/s, Resolution: 1920x1080
Name: CCTV-2, URL: http://yc.myds.me:35455/gaoma/cctv2.m3u8, IPv_Type: ipv6, Location: 中国, ISP: 中国电信, Date: None, Delay: 0.1 ms, Speed: inf M/s, Resolution: 1920x1080
Name: CCTV-2, URL: http://yc.myds.me:35455/itv/6000000001000014161.m3u8?cdn=wasusyt, IPv_Type: ipv6, Location: 中国, ISP: 中国电信, Date: None, Delay: 0.1 ms, Speed: inf M/s, Resolution: 1920x1080
Name: CCTV-2, URL: http://iptv.cdn.ha.chinamobile.com/PLTV/88888888/224/3221227165/index.m3u8, IPv_Type: ipv6, Location: 中国, ISP: 中国移动, Date: None, Delay: 0.1 ms, Speed: inf M/s, Resolution: 1920x1080
Name: CCTV-2, URL: http://hwrr.jx.chinamobile.com:8080/PLTV/88888888/224/3221225619/index.m3u8, IPv_Type: ipv6, Location: 中国, ISP: 中国移动, Date: None, Delay: 0.1 ms, Speed: inf M/s, Resolution: 1920x1080
Name: CCTV-2, URL: http://hwrr.jx.chinamobile.com:8080/PLTV/88888888/224/3221225500/index.m3u8?fmt=ts2hls, IPv_Type: ipv6, Location: 中国, ISP: 中国移动, Date: None, Delay: 0.1 ms, Speed: inf M/s, Resolution: 1920x1080
Name: CCTV-2, URL: http://hwrr.jx.chinamobile.com:8080/PLTV/88888888/224/3221225643/index.m3u8, IPv_Type: ipv6, Location: 中国, ISP: 中国移动, Date: None, Delay: 0.1 ms, Speed: inf M/s, Resolution: 1920x1080
Name: CCTV-2, URL: http://lu.wqwqwq.sbs/itv/1000000001000023315.m3u8?cdn=ystenlive, IPv_Type: ipv6, Location: 美国, ISP: CloudFlare Inc., Date: None, Delay: 0.1 ms, Speed: inf M/s, Resolution: 1920x1080
Name: CCTV-2, URL: http://[2409:8087:5e01:34::22]:6610/ZTE_CMS/00000001000000060000000000000372/index.m3u8?IAS, IPv_Type: ipv6, Location: 中国, ISP: 中国移动, Date: None, Delay: 0.1 ms, Speed: inf M/s, Resolution: 1920x1080
Name: CCTV-2, URL: http://[2409:8087:5e00:24::1f]:6060/ZTE_CMS/00000001000000060000000000000372/index.m3u8, IPv_Type: ipv6, Location: 中国, ISP: 中国移动, Date: None, Delay: 0.1 ms, Speed: inf M/s, Resolution: 1920x1080
Name: CCTV-2, URL: http://[2409:8087:1a01:df::7005]/ottrrs.hl.chinamobile.com/PLTV/88888888/224/3221226540/index.m3u8, IPv_Type: ipv6, Location: 中国, ISP: 中国移动, Date: None, Delay: 0.1 ms, Speed: inf M/s, Resolution: 1920x1080
Name: CCTV-2, URL: http://[2409:8087:5e01:34::20]:6610/ZTE_CMS/00000001000000060000000000000372/index.m3u8?IAS, IPv_Type: ipv6, Location: 中国, ISP: 中国移动, Date: None, Delay: 0.1 ms, Speed: inf M/s, Resolution: 1920x1080
Name: CCTV-2, URL: http://[2409:8087:5e01:34::21]:6610/ZTE_CMS/00000001000000060000000000000372/index.m3u8?IAS, IPv_Type: ipv6, Location: 中国, ISP: 中国移动, Date: None, Delay: 0.1 ms, Speed: inf M/s, Resolution: 1920x1080
Name: CCTV-2, URL: http://[2409:8087:5e01:34::23]:6610/ZTE_CMS/00000001000000060000000000000372/index.m3u8?IAS, IPv_Type: ipv6, Location: 中国, ISP: 中国移动, Date: None, Delay: 0.1 ms, Speed: inf M/s, Resolution: 1920x1080
Name: CCTV-2, URL: http://dbiptv.sn.chinamobile.com/PLTV/88888890/224/3221226195/index.m3u8, IPv_Type: ipv6, Location: 中国, ISP: 中国移动, Date: None, Delay: 0.1 ms, Speed: inf M/s, Resolution: 1920x1080
Name: CCTV-2, URL: http://zteres.sn.chinamobile.com:6060/000000001000/5000000011000031101/1.m3u8?channel-id=bestzb&Contentid=5000000011000031101&livemode=1&stbId=3, IPv_Type: ipv6, Location: 中国, ISP: 中国移动, Date: None, Delay: 0.1 ms, Speed: inf M/s, Resolution: 1920x1080
Name: CCTV-2, URL: http://zteres.sn.chinamobile.com:6060/000000001000/1000000005000265002/1.m3u8?channel-id=ystenlive&Contentid=1000000005000265002&livemode=1&stbId=3, IPv_Type: ipv6, Location: 中国, ISP: 中国移动, Date: None, Delay: 0.1 ms, Speed: inf M/s, Resolution: 1920x1080
Name: CCTV-2, URL: http://zteres.sn.chinamobile.com:6060/000000001000/1000000001000012442/1.m3u8?channel-id=ystenlive&Contentid=1000000001000012442&livemode=1&stbId=3, IPv_Type: ipv6, Location: 中国, ISP: 中国移动, Date: None, Delay: 0.1 ms, Speed: inf M/s, Resolution: 1920x1080
Name: CCTV-2, URL: http://zteres.sn.chinamobile.com:6060/000000001000/5000000005000031113/1.m3u8?channel-id=bestzb&Contentid=5000000005000031113&livemode=1&stbId=3, IPv_Type: ipv6, Location: 中国, ISP: 中国移动, Date: None, Delay: 0.1 ms, Speed: inf M/s, Resolution: 1920x1080
Name: CCTV-2, URL: http://[2409:8087:4c0a:22:1::11]:6410/170000001115/UmaiCHAN5000036BESTVSMGSMG/index.m3u8?AuthInfo=9kOOdBn7MFF%2F2bWjKgahUSpr1AVNI633ampcuzdN%2BfGVSARKsxkWGZw7vFUuOj2QZHeRzosIxVbl7i2QHFATHA3k5wDWG1qHkZQAleNv%2FbI, IPv_Type: ipv6, Location: 中国, ISP: 中国移动, Date: None, Delay: 0.1 ms, Speed: inf M/s, Resolution: 1920x1080
Name: CCTV-2, URL: http://[2409:8087:5e01:34::38]:6610/ZTE_CMS/00000001000000060000000000000372/index.m3u8, IPv_Type: ipv6, Location: 中国, ISP: 中国移动, Date: None, Delay: 0.1 ms, Speed: inf M/s, Resolution: 1920x1080
Name: CCTV-2, URL: http://[2409:8087:5e01:34::22]:6610/ZTE_CMS/00000001000000060000000000000372/index.m3u8?key=tvbox6_com, IPv_Type: ipv6, Location: 中国, ISP: 中国移动, Date: None, Delay: 0.1 ms, Speed: inf M/s, Resolution: 1920x1080
Name: CCTV-2, URL: http://[2409:8087:74f0:22::4]:6410/270000001128/9900000502/index.m3u8, IPv_Type: ipv6, Location: 中国, ISP: 中国移动, Date: None, Delay: 0.1 ms, Speed: inf M/s, Resolution: 1920x1080
Name: CCTV-2, URL: http://[2409:8087:1a01:df::7005]:80/ottrrs.hl.chinamobile.com/PLTV/88888888/224/3221226540/index.m3u8, IPv_Type: ipv6, Location: 中国, ISP: 中国移动, Date: None, Delay: 0.1 ms, Speed: inf M/s, Resolution: 1920x1080
Name: CCTV-2, URL: http://[2409:8087:3869:8021:1001::e5]:6610/PLTV/88888910/224/3221225643/index.m3u8, IPv_Type: ipv6, Location: 中国, ISP: 中国移动, Date: None, Delay: 0.1 ms, Speed: inf M/s, Resolution: 1920x1080
Name: CCTV-2, URL: http://[2409:8087:3869:8021:1001::e5]:6610/PLTV/88888888/224/3221225619/2/index.m3u8, IPv_Type: ipv6, Location: 中国, ISP: 中国移动, Date: None, Delay: 0.1 ms, Speed: inf M/s, Resolution: 1920x1080
Name: CCTV-2, URL: http://[2409:8087:3869:8021:1001::e5]:6610/PLTV/88888888/224/3221225643/2/index.m3u8, IPv_Type: ipv6, Location: 中国, ISP: 中国移动, Date: None, Delay: -1 ms, Speed: 0.00 M/s, Resolution: None
Name: CCTV-2, URL: http://[2409:8087:8:21::18]:6610/otttv.bj.chinamobile.com/PLTV/88888888/224/3221226893/1.m3u8, IPv_Type: ipv6, Location: 中国, ISP: 中国移动, Date: None, Delay: -1 ms, Speed: 0.00 M/s, Resolution: None
Name: CCTV-2, URL: http://rrs01.hw.gmcc.net:8088/PLTV/81/224/3221226739/1.m3u8, IPv_Type: ipv6, Location: 中国, ISP: 中国移动, Date: None, Delay: -1 ms, Speed: 0.00 M/s, Resolution: None
Name: CCTV-2, URL: http://[2409:8087:1a01:df::4041]:80/TVOD/88888888/224/3221225799/main.m3u8, IPv_Type: ipv6, Location: 中国, ISP: 中国移动, Date: None, Delay: -1 ms, Speed: 0.00 M/s, Resolution: None
Name: CCTV-2, URL: https://cc06.tv12.xyz/2.m3u8, IPv_Type: ipv6, Location: 美国, ISP: CloudFlare Inc., Date: None, Delay: -1 ms, Speed: 0.00 M/s, Resolution: None
Name: CCTV-3, URL: http://php.jdshipin.com/TVOD/hljyd.php?id=3221226021, IPv_Type: ipv6, Location: 美国, ISP: CloudFlare Inc., Date: None, Delay: 0.1 ms, Speed: inf M/s, Resolution: 1920x1080
Name: CCTV-3, URL: http://iptv.huuc.edu.cn/hls/cctv3hd.m3u8, IPv_Type: ipv6, Location: 中国, ISP: 教育网, Date: None, Delay: 0.1 ms, Speed: inf M/s, Resolution: 1920x1080
Name: CCTV-3, URL: https://smart.pendy.dpdns.org/Smart.php?id=cctv3, IPv_Type: ipv6, Location: 美国, ISP: CloudFlare Inc., Date: None, Delay: 0.1 ms, Speed: inf M/s, Resolution: 1920x1080
Name: CCTV-3, URL: http://[2409:8087:1a01:df::4041]/TVOD/88888888/224/3221225799/main.m3u8, IPv_Type: ipv6, Location: 中国, ISP: 中国移动, Date: None, Delay: 0.1 ms, Speed: inf M/s, Resolution: 1920x1080
Name: CCTV-3, URL: http://[2409:8087:1a01:df::4077]/ottrrs.hl.chinamobile.com/PLTV/88888888/8/3221226021/index.m3u8, IPv_Type: ipv6, Location: 中国, ISP: 中国移动, Date: None, Delay: 0.1 ms, Speed: inf M/s, Resolution: 1920x1080
Name: CCTV-3, URL: http://[2409:8087:1a01:df::4077]:80/ottrrs.hl.chinamobile.com/PLTV/88888888/8/3221226021/index.m3u8, IPv_Type: ipv6, Location: 中国, ISP: 中国移动, Date: None, Delay: 0.1 ms, Speed: inf M/s, Resolution: 1920x1080
Name: CCTV-3, URL: http://[2409:8087:8:21::18]:6610/otttv.bj.chinamobile.com/PLTV/88888888/224/3221226456/1.m3u8, IPv_Type: ipv6, Location: 中国, ISP: 中国移动, Date: None, Delay: 0.1 ms, Speed: inf M/s, Resolution: 1920x1080
Name: CCTV-3, URL: http://[2409:8087:8:21::18]:6610/otttv.bj.chinamobile.com/PLTV/88888888/224/3221226471/1.m3u8, IPv_Type: ipv6, Location: 中国, ISP: 中国移动, Date: None, Delay: 0.1 ms, Speed: inf M/s, Resolution: 1920x1080
Name: CCTV-3, URL: http://[2409:8087:4c0a:22:1::11]:6410/170000001115/UmaiCHAN638727c125355/index.m3u8?AuthInfo=9kOOdBn7MFF%2F2bWjKgahUSPTZ4CK5oLfjaEYe9dogNMUNNEYLCPUtKY62j1Wp5u04wipypKUQ1TTuR2lXvBl5YpHqBJmlA19x22TD9bUOjk, IPv_Type: ipv6, Location: 中国, ISP: 中国移动, Date: None, Delay: 0.1 ms, Speed: inf M/s, Resolution: 1920x1080
Name: CCTV-3, URL: http://[2409:8087:1a0a:df::404b]/ottrrs.hl.chinamobile.com/TVOD/88888888/224/3221226021/index.m3u8, IPv_Type: ipv6, Location: 中国, ISP: 中国移动, Date: None, Delay: 0.1 ms, Speed: inf M/s, Resolution: 1920x1080
Name: CCTV-3, URL: http://iptv.cdn.ha.chinamobile.com/PLTV/88888888/224/3221227333/index.m3u8, IPv_Type: ipv6, Location: 中国, ISP: 中国移动, Date: None, Delay: 0.1 ms, Speed: inf M/s, Resolution: 1920x1080
Name: CCTV-3, URL: http://[2409:8087:1a01:df::4077]/ottrrs.hl.chinamobile.com/yinhe/88888888/224/3221226021/index.m3u8, IPv_Type: ipv6, Location: 中国, ISP: 中国移动, Date: None, Delay: 0.1 ms, Speed: inf M/s, Resolution: 1920x1080
Name: CCTV-3, URL: http://[2409:8087:1a01:df::4077]/ottrrs.hl.chinamobile.com/PLTV/88888888/224/3221226021/index.m3u8, IPv_Type: ipv6, Location: 中国, ISP: 中国移动, Date: None, Delay: 0.1 ms, Speed: inf M/s, Resolution: 1920x1080
Name: CCTV-3, URL: http://yc.myds.me:35455/gaoma/cctv3.m3u8, IPv_Type: ipv6, Location: 中国, ISP: 中国电信, Date: None, Delay: 0.1 ms, Speed: inf M/s, Resolution: 1920x1080
Name: CCTV-3, URL: http://yc.myds.me:35455/itv/6000000001000022313.m3u8?cdn=wasusyt, IPv_Type: ipv6, Location: 中国, ISP: 中国电信, Date: None, Delay: 0.1 ms, Speed: inf M/s, Resolution: 1920x1080
Name: CCTV-3, URL: http://nas.suntao.online:35455/itv/6000000001000022313.m3u8?cdn=wasusyt, IPv_Type: ipv6, Location: 中国, ISP: 中国联通, Date: None, Delay: 0.1 ms, Speed: inf M/s, Resolution: 1920x1080
Name: CCTV-3, URL: http://hwrr.jx.chinamobile.com:8080/PLTV/88888888/224/3221225634/index.m3u8, IPv_Type: ipv6, Location: 中国, ISP: 中国移动, Date: None, Delay: 0.1 ms, Speed: inf M/s, Resolution: 1920x1080
Name: CCTV-3, URL: http://hwrr.jx.chinamobile.com:8080/PLTV/88888888/224/3221225647/index.m3u8, IPv_Type: ipv6, Location: 中国, ISP: 中国移动, Date: None, Delay: 0.1 ms, Speed: inf M/s, Resolution: 1920x1080
Name: CCTV-3, URL: http://lu.wqwqwq.sbs/itv/1000000005000265003.m3u8?cdn=ystenlive, IPv_Type: ipv6, Location: 美国, ISP: CloudFlare Inc., Date: None, Delay: 0.1 ms, Speed: inf M/s, Resolution: 1920x1080
Name: CCTV-3, URL: http://dbiptv.sn.chinamobile.com/PLTV/88888890/224/3221226397/index.m3u8, IPv_Type: ipv6, Location: 中国, ISP: 中国移动, Date: None, Delay: 0.1 ms, Speed: inf M/s, Resolution: 1920x1080
Name: CCTV-3, URL: http://[2409:8087:1a01:df::4077]:80/ottrrs.hl.chinamobile.com/PLTV/88888888/224/3221226021/index.m3u8, IPv_Type: ipv6, Location: 中国, ISP: 中国移动, Date: None, Delay: 0.1 ms, Speed: inf M/s, Resolution: 1920x1080
Name: CCTV-3, URL: http://[2409:8087:1a01:df::4077]:80/ottrrs.hl.chinamobile.com/yinhe/88888888/224/3221226021/index.m3u8, IPv_Type: ipv6, Location: 中国, ISP: 中国移动, Date: None, Delay: 0.1 ms, Speed: inf M/s, Resolution: 1920x1080
Name: CCTV-3, URL: http://zteres.sn.chinamobile.com:6060/000000001000/5000000004000008883/1.m3u8?channel-id=bestzb&Contentid=5000000004000008883&livemode=1&stbId=3, IPv_Type: ipv6, Location: 中国, ISP: 中国移动, Date: None, Delay: 0.1 ms, Speed: inf M/s, Resolution: 1920x1080
Name: CCTV-3, URL: http://zteres.sn.chinamobile.com:6060/000000001000/1000000005000265003/1.m3u8?channel-id=ystenlive&Contentid=1000000005000265003&livemode=1&stbId=3, IPv_Type: ipv6, Location: 中国, ISP: 中国移动, Date: None, Delay: 0.1 ms, Speed: inf M/s, Resolution: 1920x1080
Name: CCTV-3, URL: http://zteres.sn.chinamobile.com:6060/000000001000/5000000002000020548/1.m3u8?channel-id=bestzb&Contentid=5000000002000020548&livemode=1&stbId=3, IPv_Type: ipv6, Location: 中国, ISP: 中国移动, Date: None, Delay: 0.1 ms, Speed: inf M/s, Resolution: 1920x1080
Name: CCTV-3, URL: http://zteres.sn.chinamobile.com:6060/000000001000/1000000001000011218/1.m3u8?channel-id=ystenlive&Contentid=1000000001000011218&livemode=1&stbId=3, IPv_Type: ipv6, Location: 中国, ISP: 中国移动, Date: None, Delay: 0.1 ms, Speed: inf M/s, Resolution: 1920x1080
Name: CCTV-3, URL: http://[2409:8087:2001:20:2800:0:df6e:eb20]/ott.mobaibox.com/PLTV/4/224/3221228499/index.m3u8, IPv_Type: ipv6, Location: 中国, ISP: 中国移动, Date: None, Delay: 0.1 ms, Speed: inf M/s, Resolution: 1920x1080
Name: CCTV-3, URL: http://[2409:8087:5e00:24::1f]:6060/ZTE_CMS/00000001000000060000000000000382/index.m3u8, IPv_Type: ipv6, Location: 中国, ISP: 中国移动, Date: None, Delay: 0.1 ms, Speed: inf M/s, Resolution: 1920x1080
Name: CCTV-3, URL: http://[2409:8087:74f0:22::4]:6410/270000001111/1110000303/index.m3u8, IPv_Type: ipv6, Location: 中国, ISP: 中国移动, Date: None, Delay: 0.1 ms, Speed: inf M/s, Resolution: 1920x1080
Name: CCTV-3, URL: http://[2409:8087:1a01:df::7005]/ottrrs.hl.chinamobile.com/PLTV/88888888/224/3221226021/index.m3u8, IPv_Type: ipv6, Location: 中国, ISP: 中国移动, Date: None, Delay: 0.1 ms, Speed: inf M/s, Resolution: 1920x1080
Name: CCTV-3, URL: http://[2409:8087:1a01:df::7005]:80/ottrrs.hl.chinamobile.com/PLTV/88888888/224/3221226021/index.m3u8, IPv_Type: ipv6, Location: 中国, ISP: 中国移动, Date: None, Delay: 0.1 ms, Speed: inf M/s, Resolution: 1920x1080
Name: CCTV-3, URL: http://[2409:8087:3869:8021:1001::e5]:6610/PLTV/88888910/224/3221225634/index.m3u8, IPv_Type: ipv6, Location: 中国, ISP: 中国移动, Date: None, Delay: -1 ms, Speed: 0.00 M/s, Resolution: None
Name: CCTV-3, URL: http://[2409:8087:3869:8021:1001::e5]:6610/PLTV/88888888/224/3221225634/2/index.m3u8, IPv_Type: ipv6, Location: 中国, ISP: 中国移动, Date: None, Delay: -1 ms, Speed: 0.00 M/s, Resolution: None
Name: CCTV-3, URL: http://rrs01.hw.gmcc.net:8088/PLTV/81/224/3221226720/1.m3u8, IPv_Type: ipv6, Location: 中国, ISP: 中国移动, Date: None, Delay: -1 ms, Speed: 0.00 M/s, Resolution: None
Name: CCTV-3, URL: https://cc06.tv12.xyz/3.m3u8, IPv_Type: ipv6, Location: 美国, ISP: CloudFlare Inc., Date: None, Delay: -1 ms, Speed: 0.00 M/s, Resolution: None
Name: CCTV-3, URL: http://23.237.228.134/live5/CCTV3.m3u8, IPv_Type: ipv4, Location: 北美地区, ISP: , Date: None, Delay: 81 ms, Speed: 10.91 M/s, Resolution: 1920x1080
Name: CCTV-4, URL: http://php.jdshipin.com/TVOD/hljyd.php?id=3221226428, IPv_Type: ipv6, Location: 美国, ISP: CloudFlare Inc., Date: None, Delay: 0.1 ms, Speed: inf M/s, Resolution: 1920x1080
Name: CCTV-4, URL: http://iptv.huuc.edu.cn/hls/cctv4hd.m3u8, IPv_Type: ipv6, Location: 中国, ISP: 教育网, Date: None, Delay: 0.1 ms, Speed: inf M/s, Resolution: 1920x1080
Name: CCTV-4, URL: https://smart.pendy.dpdns.org/Smart.php?id=cctv4, IPv_Type: ipv6, Location: 美国, ISP: CloudFlare Inc., Date: None, Delay: 0.1 ms, Speed: inf M/s, Resolution: 1920x1080
Name: CCTV-4, URL: http://[2409:8087:1a01:df::4077]/ottrrs.hl.chinamobile.com/PLTV/88888888/8/3221226007/index.m3u8, IPv_Type: ipv6, Location: 中国, ISP: 中国移动, Date: None, Delay: 0.1 ms, Speed: inf M/s, Resolution: 1920x1080
Name: CCTV-4, URL: http://[2409:8087:1:20:20::29]/otttv.bj.chinamobile.com/PLTV/88888888/224/3221226335/1.m3u8?servicetype=1&accountinfo=%7E%7EV2.0%7EBFJ5gRpm8ntK8JEFPZOhLQ%7EPepnxHHB2d6Hk2dZWM77MyFlBN5q1KnYLvimM9pqT7EfCf-e5nKehMQzrOBwWduf%7EExtInfo9bj61dxzlMXrsixrqcFYPg%3A20240420192542%2C%2C%2C20240420192542%2C%2C10001000275495%2C-1%2C0%2C1%2C-1%2C%2C2%2C2201300%2C%2C%2C2%2C%2C%2CEND&GuardEncType=2, IPv_Type: ipv6, Location: 中国, ISP: 中国移动, Date: None, Delay: 0.1 ms, Speed: inf M/s, Resolution: 1920x1080
Name: CCTV-4, URL: http://[2409:8087:1a01:df::4077]:80/ottrrs.hl.chinamobile.com/PLTV/88888888/8/3221226007/index.m3u8, IPv_Type: ipv6, Location: 中国, ISP: 中国移动, Date: None, Delay: 0.1 ms, Speed: inf M/s, Resolution: 1920x1080
Name: CCTV-4, URL: http://[2409:8087:1a01:df::4077]/ottrrs.hl.chinamobile.com/yinhe/88888888/8/3221226007/index.m3u8, IPv_Type: ipv6, Location: 中国, ISP: 中国移动, Date: None, Delay: 0.1 ms, Speed: inf M/s, Resolution: 1920x1080
Name: CCTV-4, URL: http://[2409:8087:8:21::18]:6610/otttv.bj.chinamobile.com/PLTV/88888888/224/3221226335/1.m3u8, IPv_Type: ipv6, Location: 中国, ISP: 中国移动, Date: None, Delay: 0.1 ms, Speed: inf M/s, Resolution: 1920x1080
Name: CCTV-4, URL: http://[2409:8087:8:21::18]:6610/otttv.bj.chinamobile.com/PLTV/88888888/224/3221226455/1.m3u8, IPv_Type: ipv6, Location: 中国, ISP: 中国移动, Date: None, Delay: 0.1 ms, Speed: inf M/s, Resolution: 1920x1080
Name: CCTV-4, URL: http://[2409:8087:8:21::18]:6610/otttv.bj.chinamobile.com/PLTV/88888888/224/3221226470/1.m3u8, IPv_Type: ipv6, Location: 中国, ISP: 中国移动, Date: None, Delay: 0.1 ms, Speed: inf M/s, Resolution: 1920x1080
Name: CCTV-4, URL: http://[2409:8087:1a0a:df::404b]/ottrrs.hl.chinamobile.com/TVOD/88888888/224/3221226428/index.m3u8, IPv_Type: ipv6, Location: 中国, ISP: 中国移动, Date: None, Delay: 0.1 ms, Speed: inf M/s, Resolution: 1920x1080
Name: CCTV-4, URL: http://[2409:8087:8:21::18]:6610/otttv.bj.chinamobile.com/PLTV/88888888/224/3221226907/1.m3u8, IPv_Type: ipv6, Location: 中国, ISP: 中国移动, Date: None, Delay: 0.1 ms, Speed: inf M/s, Resolution: 1920x1080
Name: CCTV-4, URL: https://smart.pendy.dpdns.org/Smart.php?id=Cctv4, IPv_Type: ipv6, Location: 美国, ISP: CloudFlare Inc., Date: None, Delay: 0.1 ms, Speed: inf M/s, Resolution: 1920x1080
Name: CCTV-4, URL: http://yc.myds.me:35455/gaoma/cctv4.m3u8, IPv_Type: ipv6, Location: 中国, ISP: 中国电信, Date: None, Delay: 0.1 ms, Speed: inf M/s, Resolution: 1920x1080
Name: CCTV-4, URL: http://yc.myds.me:35455/itv/5000000011000031102.m3u8?cdn=bestzb, IPv_Type: ipv6, Location: 中国, ISP: 中国电信, Date: None, Delay: 0.1 ms, Speed: inf M/s, Resolution: 1920x1080
Name: CCTV-4, URL: http://iptv.cdn.ha.chinamobile.com/PLTV/88888888/224/3221227235/index.m3u8, IPv_Type: ipv6, Location: 中国, ISP: 中国移动, Date: None, Delay: 0.1 ms, Speed: inf M/s, Resolution: 1920x1080
Name: CCTV-4, URL: http://lu.wqwqwq.sbs/itv/1000000005000265004.m3u8?cdn=ystenlive, IPv_Type: ipv6, Location: 美国, ISP: CloudFlare Inc., Date: None, Delay: 0.1 ms, Speed: inf M/s, Resolution: 1920x1080
Name: CCTV-4, URL: http://[2409:8087:5e01:34::22]:6610/ZTE_CMS/00000001000000060000000000000485/index.m3u8?IAS, IPv_Type: ipv6, Location: 中国, ISP: 中国移动, Date: None, Delay: 0.1 ms, Speed: inf M/s, Resolution: 1920x1080
Name: CCTV-4, URL: http://[2409:8087:5e01:34::23]:6610/ZTE_CMS/00000001000000060000000000000485/index.m3u8?IAS, IPv_Type: ipv6, Location: 中国, ISP: 中国移动, Date: None, Delay: 0.1 ms, Speed: inf M/s, Resolution: 1920x1080
Name: CCTV-4, URL: http://[2409:8087:5e01:34::21]:6610/ZTE_CMS/00000001000000060000000000000485/index.m3u8?IAS, IPv_Type: ipv6, Location: 中国, ISP: 中国移动, Date: None, Delay: 0.1 ms, Speed: inf M/s, Resolution: 1920x1080
Name: CCTV-4, URL: http://[2409:8087:5e01:34::23]:6610/ZTE_CMS/00000001000000060000000000000485/index.m3u8?key=tvbox6_com, IPv_Type: ipv6, Location: 中国, ISP: 中国移动, Date: None, Delay: 0.1 ms, Speed: inf M/s, Resolution: 1920x1080
Name: CCTV-4, URL: http://[2409:8087:5e01:34::20]:6610/ZTE_CMS/00000001000000060000000000000485/index.m3u8?IAS, IPv_Type: ipv6, Location: 中国, ISP: 中国移动, Date: None, Delay: 0.1 ms, Speed: inf M/s, Resolution: 1920x1080
Name: CCTV-4, URL: http://dbiptv.sn.chinamobile.com/PLTV/88888890/224/3221226191/index.m3u8, IPv_Type: ipv6, Location: 中国, ISP: 中国移动, Date: None, Delay: 0.1 ms, Speed: inf M/s, Resolution: 1920x1080
Name: CCTV-4, URL: http://php.jdshipin.com:8880/bst2.php?id=cctv4k/15000000, IPv_Type: ipv6, Location: 美国, ISP: CloudFlare Inc., Date: None, Delay: 0.1 ms, Speed: inf M/s, Resolution: 1920x1080
Name: CCTV-4, URL: http://[2409:8087:1a01:df::4077]:80/ottrrs.hl.chinamobile.com/yinhe/88888888/8/3221226007/index.m3u8, IPv_Type: ipv6, Location: 中国, ISP: 中国移动, Date: None, Delay: 0.1 ms, Speed: inf M/s, Resolution: 1920x1080
Name: CCTV-4, URL: http://zteres.sn.chinamobile.com:6060/000000001000/5000000011000031102/1.m3u8?channel-id=bestzb&Contentid=5000000011000031102&livemode=1&stbId=3, IPv_Type: ipv6, Location: 中国, ISP: 中国移动, Date: None, Delay: 0.1 ms, Speed: inf M/s, Resolution: 1920x1080
Name: CCTV-4, URL: http://zteres.sn.chinamobile.com:6060/000000001000/1000000005000265004/1.m3u8?channel-id=ystenlive&Contentid=1000000005000265004&livemode=1&stbId=3, IPv_Type: ipv6, Location: 中国, ISP: 中国移动, Date: None, Delay: 0.1 ms, Speed: inf M/s, Resolution: 1920x1080
Name: CCTV-4, URL: http://zteres.sn.chinamobile.com:6060/000000001000/1000000002000031664/1.m3u8?channel-id=ystenlive&Contentid=1000000002000031664&livemode=1&stbId=3, IPv_Type: ipv6, Location: 中国, ISP: 中国移动, Date: None, Delay: 0.1 ms, Speed: inf M/s, Resolution: 1920x1080
Name: CCTV-4, URL: http://zteres.sn.chinamobile.com:6060/000000001000/5000000005000030093/1.m3u8?channel-id=bestzb&Contentid=5000000005000030093&livemode=1&stbId=3, IPv_Type: ipv6, Location: 中国, ISP: 中国移动, Date: None, Delay: 0.1 ms, Speed: inf M/s, Resolution: 1920x1080
Name: CCTV-4, URL: http://[2409:8087:4c0a:22:1::11]:6410/170000001115/UmaiCHAN5000037BESTVSMGSMG/index.m3u8?AuthInfo=9kOOdBn7MFF%2F2bWjKgahUSpr1AVNI633ampcuzdN%2BfH0ZQXwaiVktPr6ILPKXqwOUC2ZXft7ZULN6h9qLQPFOTSlVTfophiKaMb8h1kPV74, IPv_Type: ipv6, Location: 中国, ISP: 中国移动, Date: None, Delay: 0.1 ms, Speed: inf M/s, Resolution: 1920x1080
Name: CCTV-4, URL: http://[2409:8087:2001:20:2800:0:df6e:eb21]:80/PLTV/1/224/3221231032/1.m3u8, IPv_Type: ipv6, Location: 中国, ISP: 中国移动, Date: None, Delay: 0.1 ms, Speed: inf M/s, Resolution: 1920x1080
Name: CCTV-4, URL: http://[2409:8087:2001:20:2800:0:df6e:eb20]:80/PLTV/1/224/3221230948/1.m3u8, IPv_Type: ipv6, Location: 中国, ISP: 中国移动, Date: None, Delay: 0.1 ms, Speed: inf M/s, Resolution: 1920x1080
Name: CCTV-4, URL: http://[2409:8087:5e01:34::38]:6610/ZTE_CMS/00000001000000060000000000000485/index.m3u8, IPv_Type: ipv6, Location: 中国, ISP: 中国移动, Date: None, Delay: 0.1 ms, Speed: inf M/s, Resolution: 1920x1080
Name: CCTV-4, URL: http://[2409:8087:5e00:24::1e]:6060/200000001898/460000089800010017/index.m3u8, IPv_Type: ipv6, Location: 中国, ISP: 中国移动, Date: None, Delay: 0.1 ms, Speed: inf M/s, Resolution: 1920x1080
Name: CCTV-4, URL: http://[2409:8087:5e00:24::1f]:6060/ZTE_CMS/00000001000000060000000000000485/index.m3u8, IPv_Type: ipv6, Location: 中国, ISP: 中国移动, Date: None, Delay: 0.1 ms, Speed: inf M/s, Resolution: 1920x1080
Name: CCTV-4, URL: http://[2409:8087:74f0:22::4]:6410/270000001128/9900000503/index.m3u8, IPv_Type: ipv6, Location: 中国, ISP: 中国移动, Date: None, Delay: 0.1 ms, Speed: inf M/s, Resolution: 1920x1080
Name: CCTV-4, URL: http://[2409:8087:1a01:df::7005]/ottrrs.hl.chinamobile.com/PLTV/88888888/224/3221226428/index.m3u8, IPv_Type: ipv6, Location: 中国, ISP: 中国移动, Date: None, Delay: 0.1 ms, Speed: inf M/s, Resolution: 1920x1080
Name: CCTV-4, URL: http://[2409:8087:1a01:df::7005]:80/ottrrs.hl.chinamobile.com/PLTV/88888888/224/3221226428/index.m3u8, IPv_Type: ipv6, Location: 中国, ISP: 中国移动, Date: None, Delay: 0.1 ms, Speed: inf M/s, Resolution: 1920x1080
Name: CCTV-4, URL: http://[2409:8087:3869:8021:1001::e5]:6610/PLTV/88888910/224/3221225621/index.m3u8, IPv_Type: ipv6, Location: 中国, ISP: 中国移动, Date: None, Delay: -1 ms, Speed: 0.00 M/s, Resolution: None
Name: CCTV-4, URL: http://rrs01.hw.gmcc.net:8088/PLTV/81/224/3221226725/1.m3u8, IPv_Type: ipv6, Location: 中国, ISP: 中国移动, Date: None, Delay: -1 ms, Speed: 0.00 M/s, Resolution: None
Name: CCTV-4, URL: https://cc06.tv12.xyz/4.m3u8, IPv_Type: ipv6, Location: 美国, ISP: CloudFlare Inc., Date: None, Delay: -1 ms, Speed: 0.00 M/s, Resolution: None
Name: CCTV-4, URL: https://dash2.antik.sk/live/test_cctv_tizen/playlist.m3u8, IPv_Type: ipv6, Location: 斯洛伐克, ISP: , Date: None, Delay: -1 ms, Speed: 0.00 M/s, Resolution: None
Name: CCTV-5, URL: http://php.jdshipin.com/TVOD/hljyd.php?id=3221226019, IPv_Type: ipv6, Location: 美国, ISP: CloudFlare Inc., Date: None, Delay: 0.1 ms, Speed: inf M/s, Resolution: 1920x1080
Name: CCTV-5, URL: http://iptv.huuc.edu.cn/hls/cctv5hd.m3u8, IPv_Type: ipv6, Location: 中国, ISP: 教育网, Date: None, Delay: 0.1 ms, Speed: inf M/s, Resolution: 1920x1080
Name: CCTV-5, URL: https://smart.pendy.dpdns.org/Smart.php?id=cctv5, IPv_Type: ipv6, Location: 美国, ISP: CloudFlare Inc., Date: None, Delay: 0.1 ms, Speed: inf M/s, Resolution: 1920x1080
Name: CCTV-5, URL: https://ldcctvwbcdks.v.kcdnvip.com/ldcctvwbcd/cdrmldcctv5plus_1/index.m3u8?b=200-2100, IPv_Type: ipv6, Location: 中国, ISP: 中国电信, Date: None, Delay: 0.1 ms, Speed: inf M/s, Resolution: 1920x1080
Name: CCTV-5, URL: https://ldcctvwbcdks.v.kcdnvip.com/ldcctvwbcd/cdrmldcctv5plus_1/index.m3u8?BR=td&region=shanghai, IPv_Type: ipv6, Location: 中国, ISP: 中国电信, Date: None, Delay: 0.1 ms, Speed: inf M/s, Resolution: 1920x1080
Name: CCTV-5, URL: http://[2409:8087:1a01:df::4077]/ottrrs.hl.chinamobile.com/PLTV/88888888/8/3221226019/index.m3u8, IPv_Type: ipv6, Location: 中国, ISP: 中国移动, Date: None, Delay: 0.1 ms, Speed: inf M/s, Resolution: 1920x1080
Name: CCTV-5, URL: http://[2409:8087:1a0a:df::404b]/ottrrs.hl.chinamobile.com/TVOD/88888888/224/3221226019/index.m3u8, IPv_Type: ipv6, Location: 中国, ISP: 中国移动, Date: None, Delay: 0.1 ms, Speed: inf M/s, Resolution: 1920x1080
Name: CCTV-5, URL: http://yc.myds.me:35455/gaoma/cctv5.m3u8, IPv_Type: ipv6, Location: 中国, ISP: 中国电信, Date: None, Delay: 0.1 ms, Speed: inf M/s, Resolution: 1920x1080
Name: CCTV-5, URL: http://yc.myds.me:35455/itv/1000000005000265005.m3u8?cdn=ystenlive, IPv_Type: ipv6, Location: 中国, ISP: 中国电信, Date: None, Delay: 0.1 ms, Speed: inf M/s, Resolution: 1920x1080
Name: CCTV-5, URL: http://nas.suntao.online:35455/itv/1000000005000265005.m3u8?cdn=ystenlive, IPv_Type: ipv6, Location: 中国, ISP: 中国联通, Date: None, Delay: 0.1 ms, Speed: inf M/s, Resolution: 1920x1080
Name: CCTV-5, URL: http://iptv.cdn.ha.chinamobile.com/PLTV/88888888/224/3221227323/index.m3u8, IPv_Type: ipv6, Location: 中国, ISP: 中国移动, Date: None, Delay: 0.1 ms, Speed: inf M/s, Resolution: 1920x1080
Name: CCTV-5, URL: http://lu.wqwqwq.sbs/itv/1000000005000265005.m3u8?cdn=ystenlive, IPv_Type: ipv6, Location: 美国, ISP: CloudFlare Inc., Date: None, Delay: 0.1 ms, Speed: inf M/s, Resolution: 1920x1080
Name: CCTV-5, URL: http://[2409:8087:4c0a:22:1::11]:6410/170000001115/UmaiCHAN63872908d48f9/index.m3u8?AuthInfo=9kOOdBn7MFF%2F2bWjKgahUSBx06ZL9Bo6JOM%2BSTjxZRK254G1jtietGzDaHvFNRtjXOvFnbf%2BTao33JqYlfMYYn2z3agOn9gvNMT9KmBaR9o, IPv_Type: ipv6, Location: 中国, ISP: 中国移动, Date: None, Delay: 0.1 ms, Speed: inf M/s, Resolution: 1920x1080
Name: CCTV-5, URL: http://[2409:8087:5e01:34::21]:6610/ZTE_CMS/00000001000000060000000000000461/index.m3u8?IAS, IPv_Type: ipv6, Location: 中国, ISP: 中国移动, Date: None, Delay: 0.1 ms, Speed: inf M/s, Resolution: 1920x1080
Name: CCTV-5, URL: http://[2409:8087:5e01:34::20]:6610/ZTE_CMS/00000001000000060000000000000461/index.m3u8?IAS, IPv_Type: ipv6, Location: 中国, ISP: 中国移动, Date: None, Delay: 0.1 ms, Speed: inf M/s, Resolution: 1920x1080
Name: CCTV-5, URL: http://zteres.sn.chinamobile.com:6060/000000001000/5000000004000008885/1.m3u8?channel-id=bestzb&Contentid=5000000004000008885&livemode=1&stbId=3, IPv_Type: ipv6, Location: 中国, ISP: 中国移动, Date: None, Delay: 0.1 ms, Speed: inf M/s, Resolution: 1920x1080
Name: CCTV-5, URL: http://zteres.sn.chinamobile.com:6060/000000001000/1000000005000265005/1.m3u8?channel-id=ystenlive&Contentid=1000000005000265005&livemode=1&stbId=3, IPv_Type: ipv6, Location: 中国, ISP: 中国移动, Date: None, Delay: 0.1 ms, Speed: inf M/s, Resolution: 1920x1080
Name: CCTV-5, URL: http://zteres.sn.chinamobile.com:6060/000000001000/5000000010000016619/1.m3u8?channel-id=bestzb&Contentid=5000000010000016619&livemode=1&stbId=3, IPv_Type: ipv6, Location: 中国, ISP: 中国移动, Date: None, Delay: 0.1 ms, Speed: inf M/s, Resolution: 1920x1080
Name: CCTV-5, URL: http://zteres.sn.chinamobile.com:6060/000000001000/1000000001000004794/1.m3u8?channel-id=ystenlive&Contentid=1000000001000004794&livemode=1&stbId=3, IPv_Type: ipv6, Location: 中国, ISP: 中国移动, Date: None, Delay: 0.1 ms, Speed: inf M/s, Resolution: 1920x1080
Name: CCTV-5, URL: http://[2409:8087:4c0a:22:1::11]:6410/170000001115/UmaiCHAN638727e617ca0/index.m3u8?AuthInfo=9kOOdBn7MFF%2F2bWjKgahUSPTZ4CK5oLfjaEYe9dogNMSXw4ajlL%2FoUYC2RZQQDco6uQSifXBocz5ID6RePfIKQ4rFWiHjq%2FeZoDmrzW%2FKlw, IPv_Type: ipv6, Location: 中国, ISP: 中国移动, Date: None, Delay: 0.1 ms, Speed: inf M/s, Resolution: 1920x1080
Name: CCTV-5, URL: http://[2409:8087:2001:20:2800:0:df6e:eb21]:80/PLTV/1/224/3221230976/1.m3u8, IPv_Type: ipv6, Location: 中国, ISP: 中国移动, Date: None, Delay: 0.1 ms, Speed: inf M/s, Resolution: 1920x1080
Name: CCTV-5, URL: http://[2409:8087:5e00:24::1f]:6060/ZTE_CMS/00000001000000060000000000000376/index.m3u8, IPv_Type: ipv6, Location: 中国, ISP: 中国移动, Date: None, Delay: 0.1 ms, Speed: inf M/s, Resolution: 1920x1080
Name: CCTV-5, URL: http://[2409:8087:5e01:34::22]:6610/ZTE_CMS/00000001000000060000000000000461/index.m3u8?IAS, IPv_Type: ipv6, Location: 中国, ISP: 中国移动, Date: None, Delay: 0.1 ms, Speed: inf M/s, Resolution: 1920x1080
Name: CCTV-5, URL: http://[2409:8087:5e01:34::21]:6610/ZTE_CMS/00000001000000060000000000000461/index.m3u8?key=tvbox6_com, IPv_Type: ipv6, Location: 中国, ISP: 中国移动, Date: None, Delay: 0.1 ms, Speed: inf M/s, Resolution: 1920x1080
Name: CCTV-5, URL: http://[2409:8087:74f0:22::4]:6410/270000001111/1110000305/index.m3u8, IPv_Type: ipv6, Location: 中国, ISP: 中国移动, Date: None, Delay: 0.1 ms, Speed: inf M/s, Resolution: 1920x1080
Name: CCTV-5, URL: http://[2409:8087:1a01:df::7005]/ottrrs.hl.chinamobile.com/PLTV/88888888/224/3221226019/index.m3u8, IPv_Type: ipv6, Location: 中国, ISP: 中国移动, Date: None, Delay: 0.1 ms, Speed: inf M/s, Resolution: 1920x1080
Name: CCTV-5, URL: http://[2409:8087:1a01:df::7005]:80/ottrrs.hl.chinamobile.com/PLTV/88888888/224/3221226019/index.m3u8, IPv_Type: ipv6, Location: 中国, ISP: 中国移动, Date: None, Delay: 0.1 ms, Speed: inf M/s, Resolution: 1920x1080
Name: CCTV-5, URL: http://[2409:8087:3869:8021:1001::e5]:6610/PLTV/88888910/224/3221225633/index.m3u8, IPv_Type: ipv6, Location: 中国, ISP: 中国移动, Date: None, Delay: 0.1 ms, Speed: inf M/s, Resolution: 1920x1080
Name: CCTV-5, URL: http://[2409:8087:3869:8021:1001::e5]:6610/PLTV/88888888/224/3221225633/2/index.m3u8, IPv_Type: ipv6, Location: 中国, ISP: 中国移动, Date: None, Delay: -1 ms, Speed: 0.00 M/s, Resolution: None
Name: CCTV-5, URL: http://[2409:8087:3869:8021:1001::e5]:6610/PLTV/88888888/224/3221225649/2/index.m3u8, IPv_Type: ipv6, Location: 中国, ISP: 中国移动, Date: None, Delay: -1 ms, Speed: 0.00 M/s, Resolution: None
Name: CCTV-5, URL: http://[2409:8087:8:21::18]:6610/otttv.bj.chinamobile.com/PLTV/88888888/224/3221226469/1.m3u8, IPv_Type: ipv6, Location: 中国, ISP: 中国移动, Date: None, Delay: -1 ms, Speed: 0.00 M/s, Resolution: None
Name: CCTV-5, URL: http://[2409:8087:8:21::18]:6610/otttv.bj.chinamobile.com/PLTV/88888888/224/3221226894/1.m3u8, IPv_Type: ipv6, Location: 中国, ISP: 中国移动, Date: None, Delay: -1 ms, Speed: 0.00 M/s, Resolution: None
Name: CCTV-5, URL: http://rrs01.hw.gmcc.net:8088/PLTV/81/224/3221226731/1.m3u8, IPv_Type: ipv6, Location: 中国, ISP: 中国移动, Date: None, Delay: -1 ms, Speed: 0.00 M/s, Resolution: None
Name: CCTV-5, URL: https://cc06.tv12.xyz/5.m3u8, IPv_Type: ipv6, Location: 美国, ISP: CloudFlare Inc., Date: None, Delay: -1 ms, Speed: 0.00 M/s, Resolution: None
Name: CCTV-5+, URL: http://php.jdshipin.com/TVOD/hljyd.php?id=3221225603, IPv_Type: ipv6, Location: 美国, ISP: CloudFlare Inc., Date: None, Delay: 0.1 ms, Speed: inf M/s, Resolution: 1920x1080
Name: CCTV-5+, URL: http://[2409:8087:1a01:df::4077]/ottrrs.hl.chinamobile.com/PLTV/88888888/8/3221225603/index.m3u8, IPv_Type: ipv6, Location: 中国, ISP: 中国移动, Date: None, Delay: 0.1 ms, Speed: inf M/s, Resolution: 1920x1080
Name: CCTV-5+, URL: https://smart.pendy.dpdns.org/Smart.php?id=cctv5plus, IPv_Type: ipv6, Location: 美国, ISP: CloudFlare Inc., Date: None, Delay: 0.1 ms, Speed: inf M/s, Resolution: 1920x1080
Name: CCTV-5+, URL: http://[2409:8087:1a01:df::4077]/ottrrs.hl.chinamobile.com/PLTV/88888888/224/3221225603/index.m3u8, IPv_Type: ipv6, Location: 中国, ISP: 中国移动, Date: None, Delay: 0.1 ms, Speed: inf M/s, Resolution: 1920x1080
Name: CCTV-5+, URL: http://[2409:8087:1a01:df::4077]:80/ottrrs.hl.chinamobile.com/yinhe/88888888/224/3221225603/index.m3u8, IPv_Type: ipv6, Location: 中国, ISP: 中国移动, Date: None, Delay: 0.1 ms, Speed: inf M/s, Resolution: 1920x1080
Name: CCTV-5+, URL: http://[2409:8087:1a0a:df::404b]/ottrrs.hl.chinamobile.com/TVOD/88888888/224/3221225603/index.m3u8, IPv_Type: ipv6, Location: 中国, ISP: 中国移动, Date: None, Delay: 0.1 ms, Speed: inf M/s, Resolution: 1920x1080
Name: CCTV-5+, URL: http://[2409:8087:1a01:df::4077]:80/ottrrs.hl.chinamobile.com/PLTV/88888888/8/3221225603/index.m3u8, IPv_Type: ipv6, Location: 中国, ISP: 中国移动, Date: None, Delay: 0.1 ms, Speed: inf M/s, Resolution: 1920x1080
Name: CCTV-5+, URL: http://[2409:8087:1a01:df::4077]:80/ottrrs.hl.chinamobile.com/PLTV/88888888/224/3221225603/index.m3u8, IPv_Type: ipv6, Location: 中国, ISP: 中国移动, Date: None, Delay: 0.1 ms, Speed: inf M/s, Resolution: 1920x1080
Name: CCTV-5+, URL: http://[2409:8087:1a01:df::4077]/ottrrs.hl.chinamobile.com/yinhe/88888888/224/3221225603/index.m3u8, IPv_Type: ipv6, Location: 中国, ISP: 中国移动, Date: None, Delay: 0.1 ms, Speed: inf M/s, Resolution: 1920x1080
Name: CCTV-5+, URL: http://[2409:8087:8:21::18]:6610/otttv.bj.chinamobile.com/PLTV/88888888/224/3221226349/1.m3u8, IPv_Type: ipv6, Location: 中国, ISP: 中国移动, Date: None, Delay: 0.1 ms, Speed: inf M/s, Resolution: 1920x1080
Name: CCTV-5+, URL: http://iptv.cdn.ha.chinamobile.com/PLTV/88888888/224/3221227348/index.m3u8, IPv_Type: ipv6, Location: 中国, ISP: 中国移动, Date: None, Delay: 0.1 ms, Speed: inf M/s, Resolution: 1920x1080
Name: CCTV-5+, URL: http://yc.myds.me:35455/gaoma/cctv5p.m3u8, IPv_Type: ipv6, Location: 中国, ISP: 中国电信, Date: None, Delay: 0.1 ms, Speed: inf M/s, Resolution: 1920x1080
Name: CCTV-5+, URL: http://yc.myds.me:35455/itv/6000000001000015875.m3u8?cdn=wasusyt, IPv_Type: ipv6, Location: 中国, ISP: 中国电信, Date: None, Delay: 0.1 ms, Speed: inf M/s, Resolution: 1920x1080
Name: CCTV-5+, URL: http://nas.suntao.online:35455/itv/6000000001000015875.m3u8?cdn=wasusyt, IPv_Type: ipv6, Location: 中国, ISP: 中国联通, Date: None, Delay: 0.1 ms, Speed: inf M/s, Resolution: 1920x1080
Name: CCTV-5+, URL: http://hwrr.jx.chinamobile.com:8080/PLTV/88888888/224/3221225649/index.m3u8, IPv_Type: ipv6, Location: 中国, ISP: 中国移动, Date: None, Delay: 0.1 ms, Speed: inf M/s, Resolution: 1920x1080
Name: CCTV-5+, URL: http://hwrr.jx.chinamobile.com:8080/PLTV/88888888/224/3221225706/index.m3u8, IPv_Type: ipv6, Location: 中国, ISP: 中国移动, Date: None, Delay: 0.1 ms, Speed: inf M/s, Resolution: 1920x1080
Name: CCTV-5+, URL: http://lu.wqwqwq.sbs/itv/1000000005000265016.m3u8?cdn=ystenlive, IPv_Type: ipv6, Location: 美国, ISP: CloudFlare Inc., Date: None, Delay: 0.1 ms, Speed: inf M/s, Resolution: 1920x1080
Name: CCTV-5+, URL: http://[2409:8087:5e01:34::22]:6610/ZTE_CMS/00000001000000060000000000000132/index.m3u8?IAS, IPv_Type: ipv6, Location: 中国, ISP: 中国移动, Date: None, Delay: 0.1 ms, Speed: inf M/s, Resolution: 1920x1080
Name: CCTV-5+, URL: http://[2409:8087:5e01:34::23]:6610/ZTE_CMS/00000001000000060000000000000132/index.m3u8?IAS, IPv_Type: ipv6, Location: 中国, ISP: 中国移动, Date: None, Delay: 0.1 ms, Speed: inf M/s, Resolution: 1920x1080
Name: CCTV-5+, URL: http://zteres.sn.chinamobile.com:6060/000000001000/5000000011000031127/1.m3u8?channel-id=bestzb&Contentid=5000000011000031127&livemode=1&stbId=3, IPv_Type: ipv6, Location: 中国, ISP: 中国移动, Date: None, Delay: 0.1 ms, Speed: inf M/s, Resolution: 1920x1080
Name: CCTV-5+, URL: http://zteres.sn.chinamobile.com:6060/000000001000/1000000005000265016/1.m3u8?channel-id=ystenlive&Contentid=1000000005000265016&livemode=1&stbId=3, IPv_Type: ipv6, Location: 中国, ISP: 中国移动, Date: None, Delay: 0.1 ms, Speed: inf M/s, Resolution: 1920x1080
Name: CCTV-5+, URL: http://zteres.sn.chinamobile.com:6060/000000001000/1000000001000020505/1.m3u8?channel-id=ystenlive&Contentid=1000000001000020505&livemode=1&stbId=3, IPv_Type: ipv6, Location: 中国, ISP: 中国移动, Date: None, Delay: 0.1 ms, Speed: inf M/s, Resolution: 1920x1080
Name: CCTV-5+, URL: http://[2409:8087:5e00:24::1f]:6060/ZTE_CMS/00000001000000060000000000000132/index.m3u8, IPv_Type: ipv6, Location: 中国, ISP: 中国移动, Date: None, Delay: 0.1 ms, Speed: inf M/s, Resolution: 1920x1080
Name: CCTV-5+, URL: http://[2409:8087:5e01:34::22]:6610/ZTE_CMS/00000001000000060000000000000132/index.m3u8?key=tvbox6_com, IPv_Type: ipv6, Location: 中国, ISP: 中国移动, Date: None, Delay: 0.1 ms, Speed: inf M/s, Resolution: 1920x1080
Name: CCTV-5+, URL: http://[2409:8087:5e01:34::23]:6610/ZTE_CMS/00000001000000060000000000000461/index.m3u8?IAS, IPv_Type: ipv6, Location: 中国, ISP: 中国移动, Date: None, Delay: 0.1 ms, Speed: inf M/s, Resolution: 1920x1080
Name: CCTV-5+, URL: http://[2409:8087:5e01:34::20]:6610/ZTE_CMS/00000001000000060000000000000132/index.m3u8?IAS, IPv_Type: ipv6, Location: 中国, ISP: 中国移动, Date: None, Delay: 0.1 ms, Speed: inf M/s, Resolution: 1920x1080
Name: CCTV-5+, URL: http://[2409:8087:5e01:34::21]:6610/ZTE_CMS/00000001000000060000000000000132/index.m3u8?IAS, IPv_Type: ipv6, Location: 中国, ISP: 中国移动, Date: None, Delay: 0.1 ms, Speed: inf M/s, Resolution: 1920x1080
Name: CCTV-5+, URL: http://[2409:8087:74f0:22::4]:6410/270000001111/1110000306/index.m3u8, IPv_Type: ipv6, Location: 中国, ISP: 中国移动, Date: None, Delay: 0.1 ms, Speed: inf M/s, Resolution: 1920x1080
Name: CCTV-5+, URL: http://[2409:8087:74f0:22::4]:6410/270000001128/9900000506/index.m3u8, IPv_Type: ipv6, Location: 中国, ISP: 中国移动, Date: None, Delay: 0.1 ms, Speed: inf M/s, Resolution: 1920x1080
Name: CCTV-5+, URL: http://[2409:8087:74f0:22::4]:6410/270000001128/9900000507/index.m3u8, IPv_Type: ipv6, Location: 中国, ISP: 中国移动, Date: None, Delay: 0.1 ms, Speed: inf M/s, Resolution: 1920x1080
Name: CCTV-5+, URL: http://[2409:8087:1a01:df::7005]/ottrrs.hl.chinamobile.com/PLTV/88888888/224/3221225603/index.m3u8, IPv_Type: ipv6, Location: 中国, ISP: 中国移动, Date: None, Delay: 0.1 ms, Speed: inf M/s, Resolution: 1920x1080
Name: CCTV-5+, URL: http://[2409:8087:1a01:df::7005]:80/ottrrs.hl.chinamobile.com/PLTV/88888888/224/3221225603/index.m3u8, IPv_Type: ipv6, Location: 中国, ISP: 中国移动, Date: None, Delay: 0.1 ms, Speed: inf M/s, Resolution: 1920x1080
Name: CCTV-5+, URL: http://[2409:8087:3869:8021:1001::e5]:6610/PLTV/88888910/224/3221225706/index.m3u8, IPv_Type: ipv6, Location: 中国, ISP: 中国移动, Date: None, Delay: -1 ms, Speed: 0.00 M/s, Resolution: None
Name: CCTV-5+, URL: http://rrs01.hw.gmcc.net:8088/PLTV/81/224/3221226711/1.m3u8, IPv_Type: ipv6, Location: 中国, ISP: 中国移动, Date: None, Delay: -1 ms, Speed: 0.00 M/s, Resolution: None
Name: CCTV-5+, URL: http://[2409:8087:8:21::18]:6610/otttv.bj.chinamobile.com/PLTV/88888888/224/3221226894/1.m3u8, IPv_Type: ipv6, Location: 中国, ISP: 中国移动, Date: None, Delay: -1 ms, Speed: 0.00 M/s, Resolution: None
Name: CCTV-5+, URL: https://cc06.tv12.xyz/6.m3u8, IPv_Type: ipv6, Location: 美国, ISP: CloudFlare Inc., Date: None, Delay: -1 ms, Speed: 0.00 M/s, Resolution: None
Name: CCTV-6, URL: http://php.jdshipin.com/TVOD/hljyd.php?id=3221226010, IPv_Type: ipv6, Location: 美国, ISP: CloudFlare Inc., Date: None, Delay: 0.1 ms, Speed: inf M/s, Resolution: 1920x1080
Name: CCTV-6, URL: http://iptv.huuc.edu.cn/hls/cctv6hd.m3u8, IPv_Type: ipv6, Location: 中国, ISP: 教育网, Date: None, Delay: 0.1 ms, Speed: inf M/s, Resolution: 1920x1080
Name: CCTV-6, URL: https://smart.pendy.dpdns.org/Smart.php?id=cctv6, IPv_Type: ipv6, Location: 美国, ISP: CloudFlare Inc., Date: None, Delay: 0.1 ms, Speed: inf M/s, Resolution: 1920x1080
Name: CCTV-6, URL: http://[2409:8087:1a01:df::4077]/ottrrs.hl.chinamobile.com/PLTV/88888888/8/3221226010/index.m3u8, IPv_Type: ipv6, Location: 中国, ISP: 中国移动, Date: None, Delay: 0.1 ms, Speed: inf M/s, Resolution: 1920x1080
Name: CCTV-6, URL: http://[2409:8087:1a01:df::4077]/ottrrs.hl.chinamobile.com/yinhe/88888888/224/3221226010/index.m3u8, IPv_Type: ipv6, Location: 中国, ISP: 中国移动, Date: None, Delay: 0.1 ms, Speed: inf M/s, Resolution: 1920x1080
Name: CCTV-6, URL: http://[2409:8087:1a01:df::4077]:80/ottrrs.hl.chinamobile.com/PLTV/88888888/8/3221226010/index.m3u8, IPv_Type: ipv6, Location: 中国, ISP: 中国移动, Date: None, Delay: 0.1 ms, Speed: inf M/s, Resolution: 1920x1080
Name: CCTV-6, URL: http://[2409:8087:1a01:df::4077]:80/ottrrs.hl.chinamobile.com/yinhe/88888888/224/3221226010/index.m3u8, IPv_Type: ipv6, Location: 中国, ISP: 中国移动, Date: None, Delay: 0.1 ms, Speed: inf M/s, Resolution: 1920x1080
Name: CCTV-6, URL: http://[2409:8087:1a0a:df::404b]/ottrrs.hl.chinamobile.com/TVOD/88888888/224/3221226010/index.m3u8, IPv_Type: ipv6, Location: 中国, ISP: 中国移动, Date: None, Delay: 0.1 ms, Speed: inf M/s, Resolution: 1920x1080
Name: CCTV-6, URL: http://yc.myds.me:35455/itv/6000000001000004574.m3u8?cdn=wasusyt, IPv_Type: ipv6, Location: 中国, ISP: 中国电信, Date: None, Delay: 0.1 ms, Speed: inf M/s, Resolution: 1920x1080
Name: CCTV-6, URL: http://yc.myds.me:35455/itv/1000000005000265006.m3u8?cdn=ystenlive, IPv_Type: ipv6, Location: 中国, ISP: 中国电信, Date: None, Delay: 0.1 ms, Speed: inf M/s, Resolution: 1920x1080
Name: CCTV-6, URL: http://nas.suntao.online:35455/itv/1000000005000265006.m3u8?cdn=ystenlive, IPv_Type: ipv6, Location: 中国, ISP: 中国联通, Date: None, Delay: 0.1 ms, Speed: inf M/s, Resolution: 1920x1080
Name: CCTV-6, URL: http://iptv.cdn.ha.chinamobile.com/PLTV/88888888/224/3221227325/index.m3u8, IPv_Type: ipv6, Location: 中国, ISP: 中国移动, Date: None, Delay: 0.1 ms, Speed: inf M/s, Resolution: 1920x1080
Name: CCTV-6, URL: http://cdn.jdshipin.com:8880/ysp.php?id=cctv6, IPv_Type: ipv6, Location: 美国, ISP: CloudFlare Inc., Date: None, Delay: 0.1 ms, Speed: inf M/s, Resolution: 1920x1080
Name: CCTV-6, URL: http://mobilelive-ds.ysp.cctv.cn/ysp/2013693901.m3u8, IPv_Type: ipv6, Location: 新加坡, ISP: Aceville Pte.Ltd., Date: None, Delay: 0.1 ms, Speed: inf M/s, Resolution: 1920x1080
Name: CCTV-6, URL: http://lu.wqwqwq.sbs/itv/1000000005000265006.m3u8?cdn=ystenlive, IPv_Type: ipv6, Location: 美国, ISP: CloudFlare Inc., Date: None, Delay: 0.1 ms, Speed: inf M/s, Resolution: 1920x1080
Name: CCTV-6, URL: http://[2409:8087:5e00:24::1e]:6060/200000001898/460000089800010214/1.m3u8, IPv_Type: ipv6, Location: 中国, ISP: 中国移动, Date: None, Delay: 0.1 ms, Speed: inf M/s, Resolution: 1920x1080
Name: CCTV-6, URL: http://dbiptv.sn.chinamobile.com/PLTV/88888890/224/3221226393/index.m3u8, IPv_Type: ipv6, Location: 中国, ISP: 中国移动, Date: None, Delay: 0.1 ms, Speed: inf M/s, Resolution: 1920x1080
Name: CCTV-6, URL: http://zteres.sn.chinamobile.com:6060/000000001000/5000000004000008886/1.m3u8?channel-id=bestzb&Contentid=5000000004000008886&livemode=1&stbId=3, IPv_Type: ipv6, Location: 中国, ISP: 中国移动, Date: None, Delay: 0.1 ms, Speed: inf M/s, Resolution: 1920x1080
Name: CCTV-6, URL: http://zteres.sn.chinamobile.com:6060/000000001000/1000000005000265006/1.m3u8?channel-id=ystenlive&Contentid=1000000005000265006&livemode=1&stbId=3, IPv_Type: ipv6, Location: 中国, ISP: 中国移动, Date: None, Delay: 0.1 ms, Speed: inf M/s, Resolution: 1920x1080
Name: CCTV-6, URL: http://zteres.sn.chinamobile.com:6060/000000001000/5000000010000018433/1.m3u8?channel-id=bestzb&Contentid=5000000010000018433&livemode=1&stbId=3, IPv_Type: ipv6, Location: 中国, ISP: 中国移动, Date: None, Delay: 0.1 ms, Speed: inf M/s, Resolution: 1920x1080
Name: CCTV-6, URL: http://zteres.sn.chinamobile.com:6060/000000001000/1000000001000016466/1.m3u8?channel-id=ystenlive&Contentid=1000000001000016466&livemode=1&stbId=3, IPv_Type: ipv6, Location: 中国, ISP: 中国移动, Date: None, Delay: 0.1 ms, Speed: inf M/s, Resolution: 1920x1080
Name: CCTV-6, URL: http://[2409:8087:4c0a:22:1::11]:6410/170000001115/UmaiCHAN638728804b1f9/index.m3u8?AuthInfo=9kOOdBn7MFF%2F2bWjKgahUdDh4EPdDnvGlSBkYaxFdazJhFQmuq4XUiks9ZrIlJN%2BknLs8H%2BSxcDXy%2BTesEc8Q0KCN89MjYoj85Sol1kbKI4, IPv_Type: ipv6, Location: 中国, ISP: 中国移动, Date: None, Delay: 0.1 ms, Speed: inf M/s, Resolution: 1920x1080
Name: CCTV-6, URL: http://[2409:8087:5e00:24::1e]:6060/200000001898/460000089800010214/index.m3u8, IPv_Type: ipv6, Location: 中国, ISP: 中国移动, Date: None, Delay: 0.1 ms, Speed: inf M/s, Resolution: 1920x1080
Name: CCTV-6, URL: http://[2409:8087:5e00:24::1f]:6060/ZTE_CMS/00000001000000060000000000000379/index.m3u8, IPv_Type: ipv6, Location: 中国, ISP: 中国移动, Date: None, Delay: 0.1 ms, Speed: inf M/s, Resolution: 1920x1080
Name: CCTV-6, URL: http://[2409:8087:74f0:22::4]:6410/270000001111/1110000307/index.m3u8, IPv_Type: ipv6, Location: 中国, ISP: 中国移动, Date: None, Delay: 0.1 ms, Speed: inf M/s, Resolution: 1920x1080
Name: CCTV-6, URL: http://[2409:8087:1a01:df::7005]/ottrrs.hl.chinamobile.com/PLTV/88888888/224/3221226010/index.m3u8, IPv_Type: ipv6, Location: 中国, ISP: 中国移动, Date: None, Delay: 0.1 ms, Speed: inf M/s, Resolution: 1920x1080
Name: CCTV-6, URL: http://[2409:8087:1a01:df::7005]:80/ottrrs.hl.chinamobile.com/PLTV/88888888/224/3221226010/index.m3u8, IPv_Type: ipv6, Location: 中国, ISP: 中国移动, Date: None, Delay: 0.1 ms, Speed: inf M/s, Resolution: 1920x1080
Name: CCTV-6, URL: http://[2409:8087:3869:8021:1001::e5]:6610/PLTV/88888910/224/3221225632/index.m3u8, IPv_Type: ipv6, Location: 中国, ISP: 中国移动, Date: None, Delay: -1 ms, Speed: 0.00 M/s, Resolution: None
Name: CCTV-6, URL: http://[2409:8087:3869:8021:1001::e5]:6610/PLTV/88888888/224/3221225632/2/index.m3u8, IPv_Type: ipv6, Location: 中国, ISP: 中国移动, Date: None, Delay: -1 ms, Speed: 0.00 M/s, Resolution: None
Name: CCTV-6, URL: http://[2409:8087:8:21::18]:6610/otttv.bj.chinamobile.com/PLTV/88888888/224/3221226468/1.m3u8, IPv_Type: ipv6, Location: 中国, ISP: 中国移动, Date: None, Delay: -1 ms, Speed: 0.00 M/s, Resolution: None
Name: CCTV-6, URL: http://rrs01.hw.gmcc.net:8088/PLTV/81/224/3221226699/1.m3u8, IPv_Type: ipv6, Location: 中国, ISP: 中国移动, Date: None, Delay: -1 ms, Speed: 0.00 M/s, Resolution: None
Name: CCTV-6, URL: https://migu.188766.xyz/?migutoken=6818dd0cb7452ab9cba884dc087f5f3e&id=CCTV6&pp=1, IPv_Type: ipv6, Location: 美国, ISP: CloudFlare Inc., Date: None, Delay: -1 ms, Speed: 0.00 M/s, Resolution: None
Name: CCTV-6, URL: https://cc06.tv12.xyz/7.m3u8, IPv_Type: ipv6, Location: 美国, ISP: CloudFlare Inc., Date: None, Delay: -1 ms, Speed: 0.00 M/s, Resolution: None
Name: CCTV-7, URL: http://php.jdshipin.com/TVOD/hljyd.php?id=3221225733, IPv_Type: ipv6, Location: 美国, ISP: CloudFlare Inc., Date: None, Delay: 0.1 ms, Speed: inf M/s, Resolution: 1920x1080
Name: CCTV-7, URL: http://iptv.huuc.edu.cn/hls/cctv7hd.m3u8, IPv_Type: ipv6, Location: 中国, ISP: 教育网, Date: None, Delay: 0.1 ms, Speed: inf M/s, Resolution: 1920x1080
Name: CCTV-7, URL: https://smart.pendy.dpdns.org/Smart.php?id=cctv7, IPv_Type: ipv6, Location: 美国, ISP: CloudFlare Inc., Date: None, Delay: 0.1 ms, Speed: inf M/s, Resolution: 1920x1080
Name: CCTV-7, URL: http://[2409:8087:1a0a:df::404b]/ottrrs.hl.chinamobile.com/TVOD/88888888/224/3221225733/index.m3u8, IPv_Type: ipv6, Location: 中国, ISP: 中国移动, Date: None, Delay: 0.1 ms, Speed: inf M/s, Resolution: 1920x1080
Name: CCTV-7, URL: http://[2409:8087:1a01:df::4077]/ottrrs.hl.chinamobile.com/PLTV/88888888/8/3221225733/index.m3u8, IPv_Type: ipv6, Location: 中国, ISP: 中国移动, Date: None, Delay: 0.1 ms, Speed: inf M/s, Resolution: 1920x1080
Name: CCTV-7, URL: http://[2409:8087:8:21::18]:6610/otttv.bj.chinamobile.com/PLTV/88888888/224/3221226234/1.m3u8, IPv_Type: ipv6, Location: 中国, ISP: 中国移动, Date: None, Delay: 0.1 ms, Speed: inf M/s, Resolution: 1920x1080
Name: CCTV-7, URL: http://[2409:8087:1a01:df::4077]/ottrrs.hl.chinamobile.com/PLTV/88888888/224/3221225733/1.m3u8?icpid=88888888&from=1&hms_devid=1012&vqe=3, IPv_Type: ipv6, Location: 中国, ISP: 中国移动, Date: None, Delay: 0.1 ms, Speed: inf M/s, Resolution: 1920x1080
Name: CCTV-7, URL: http://iptv.cdn.ha.chinamobile.com/PLTV/88888888/224/3221227180/index.m3u8, IPv_Type: ipv6, Location: 中国, ISP: 中国移动, Date: None, Delay: 0.1 ms, Speed: inf M/s, Resolution: 1920x1080
Name: CCTV-7, URL: http://[2409:8087:1a01:df::4077]/ottrrs.hl.chinamobile.com/PLTV/88888888/224/3221225733/index.m3u8, IPv_Type: ipv6, Location: 中国, ISP: 中国移动, Date: None, Delay: 0.1 ms, Speed: inf M/s, Resolution: 1920x1080
Name: CCTV-7, URL: http://yc.myds.me:35455/gaoma/cctv7.m3u8, IPv_Type: ipv6, Location: 中国, ISP: 中国电信, Date: None, Delay: 0.1 ms, Speed: inf M/s, Resolution: 1920x1080
Name: CCTV-7, URL: http://yc.myds.me:35455/itv/6000000001000009055.m3u8?cdn=wasusyt, IPv_Type: ipv6, Location: 中国, ISP: 中国电信, Date: None, Delay: 0.1 ms, Speed: inf M/s, Resolution: 1920x1080
Name: CCTV-7, URL: http://yc.myds.me:35455/itv/1000000005000265007.m3u8?cdn=ystenlive, IPv_Type: ipv6, Location: 中国, ISP: 中国电信, Date: None, Delay: 0.1 ms, Speed: inf M/s, Resolution: 1920x1080
Name: CCTV-7, URL: http://nas.suntao.online:35455/itv/1000000005000265007.m3u8?cdn=ystenlive, IPv_Type: ipv6, Location: 中国, ISP: 中国联通, Date: None, Delay: 0.1 ms, Speed: inf M/s, Resolution: 1920x1080
Name: CCTV-7, URL: http://hwrr.jx.chinamobile.com:8080/PLTV/88888888/224/3221225624/index.m3u8, IPv_Type: ipv6, Location: 中国, ISP: 中国移动, Date: None, Delay: 0.1 ms, Speed: inf M/s, Resolution: 1920x1080
Name: CCTV-7, URL: http://hwrr.jx.chinamobile.com:8080/PLTV/88888888/224/3221225644/index.m3u8, IPv_Type: ipv6, Location: 中国, ISP: 中国移动, Date: None, Delay: 0.1 ms, Speed: inf M/s, Resolution: 1920x1080
Name: CCTV-7, URL: http://lu.wqwqwq.sbs/itv/1000000005000265007.m3u8?cdn=ystenlive, IPv_Type: ipv6, Location: 美国, ISP: CloudFlare Inc., Date: None, Delay: 0.1 ms, Speed: inf M/s, Resolution: 1920x1080
Name: CCTV-7, URL: http://[2409:8087:5e01:34::23]:6610/ZTE_CMS/00000001000000060000000000000380/index.m3u8?IAS, IPv_Type: ipv6, Location: 中国, ISP: 中国移动, Date: None, Delay: 0.1 ms, Speed: inf M/s, Resolution: 1920x1080
Name: CCTV-7, URL: http://[2409:8087:5e01:34::21]:6610/ZTE_CMS/00000001000000060000000000000380/index.m3u8?IAS, IPv_Type: ipv6, Location: 中国, ISP: 中国移动, Date: None, Delay: 0.1 ms, Speed: inf M/s, Resolution: 1920x1080
Name: CCTV-7, URL: http://[2409:8087:5e01:34::22]:6610/ZTE_CMS/00000001000000060000000000000380/index.m3u8?IAS, IPv_Type: ipv6, Location: 中国, ISP: 中国移动, Date: None, Delay: 0.1 ms, Speed: inf M/s, Resolution: 1920x1080
Name: CCTV-7, URL: http://[2409:8087:5e01:34::22]:6610/ZTE_CMS/00000001000000060000000000000380/index.m3u8?key=tvbox6_com, IPv_Type: ipv6, Location: 中国, ISP: 中国移动, Date: None, Delay: 0.1 ms, Speed: inf M/s, Resolution: 1920x1080
Name: CCTV-7, URL: http://dbiptv.sn.chinamobile.com/PLTV/88888890/224/3221226192/index.m3u8, IPv_Type: ipv6, Location: 中国, ISP: 中国移动, Date: None, Delay: 0.1 ms, Speed: inf M/s, Resolution: 1920x1080
Name: CCTV-7, URL: http://[2409:8087:1a01:df::4077]/ottrrs.hl.chinamobile.com/yinhe/88888888/224/3221225733/index.m3u8, IPv_Type: ipv6, Location: 中国, ISP: 中国移动, Date: None, Delay: 0.1 ms, Speed: inf M/s, Resolution: 1920x1080
Name: CCTV-7, URL: http://zteres.sn.chinamobile.com:6060/000000001000/5000000011000031104/1.m3u8?channel-id=bestzb&Contentid=5000000011000031104&livemode=1&stbId=3, IPv_Type: ipv6, Location: 中国, ISP: 中国移动, Date: None, Delay: 0.1 ms, Speed: inf M/s, Resolution: 1920x1080
Name: CCTV-7, URL: http://zteres.sn.chinamobile.com:6060/000000001000/1000000005000265007/1.m3u8?channel-id=ystenlive&Contentid=1000000005000265007&livemode=1&stbId=3, IPv_Type: ipv6, Location: 中国, ISP: 中国移动, Date: None, Delay: 0.1 ms, Speed: inf M/s, Resolution: 1920x1080
Name: CCTV-7, URL: http://zteres.sn.chinamobile.com:6060/000000001000/1000000001000017218/1.m3u8?channel-id=ystenlive&Contentid=1000000001000017218&livemode=1&stbId=3, IPv_Type: ipv6, Location: 中国, ISP: 中国移动, Date: None, Delay: 0.1 ms, Speed: inf M/s, Resolution: 1920x1080
Name: CCTV-7, URL: http://zteres.sn.chinamobile.com:6060/000000001000/5000000005000026715/1.m3u8?channel-id=bestzb&Contentid=5000000005000026715&livemode=1&stbId=3, IPv_Type: ipv6, Location: 中国, ISP: 中国移动, Date: None, Delay: 0.1 ms, Speed: inf M/s, Resolution: 1920x1080
Name: CCTV-7, URL: http://[2409:8087:4c0a:22:1::11]:6410/170000001115/UmaiCHAN5000038BESTVSMGSMG/index.m3u8?AuthInfo=9kOOdBn7MFF%2F2bWjKgahUSpr1AVNI633ampcuzdN%2BfHYKFve4MwNzRa0jPXeHjqnBjPmzSdKDNWNHhnZSaMGCXKmdx8d%2BnYdhVK5ge22ot4, IPv_Type: ipv6, Location: 中国, ISP: 中国移动, Date: None, Delay: 0.1 ms, Speed: inf M/s, Resolution: 1920x1080
Name: CCTV-7, URL: http://[2409:8087:5e01:34::38]:6610/ZTE_CMS/00000001000000060000000000000380/index.m3u8, IPv_Type: ipv6, Location: 中国, ISP: 中国移动, Date: None, Delay: 0.1 ms, Speed: inf M/s, Resolution: 1920x1080
Name: CCTV-7, URL: http://[2409:8087:5e00:24::1f]:6060/ZTE_CMS/00000001000000060000000000000380/index.m3u8, IPv_Type: ipv6, Location: 中国, ISP: 中国移动, Date: None, Delay: 0.1 ms, Speed: inf M/s, Resolution: 1920x1080
Name: CCTV-7, URL: http://[2409:8087:5e00:24::1e]:6060/200000001898/460000089800010215/index.m3u8, IPv_Type: ipv6, Location: 中国, ISP: 中国移动, Date: None, Delay: 0.1 ms, Speed: inf M/s, Resolution: 1920x1080
Name: CCTV-7, URL: http://[2409:8087:5e01:34::20]:6610/ZTE_CMS/00000001000000060000000000000380/index.m3u8?IAS, IPv_Type: ipv6, Location: 中国, ISP: 中国移动, Date: None, Delay: 0.1 ms, Speed: inf M/s, Resolution: 1920x1080
Name: CCTV-7, URL: http://[2409:8087:74f0:22::4]:6410/270000001128/9900000504/index.m3u8, IPv_Type: ipv6, Location: 中国, ISP: 中国移动, Date: None, Delay: 0.1 ms, Speed: inf M/s, Resolution: 1920x1080
Name: CCTV-7, URL: http://[2409:8087:1a01:df::7005]/ottrrs.hl.chinamobile.com/PLTV/88888888/224/3221225733/index.m3u8, IPv_Type: ipv6, Location: 中国, ISP: 中国移动, Date: None, Delay: 0.1 ms, Speed: inf M/s, Resolution: 1920x1080
Name: CCTV-7, URL: http://[2409:8087:1a01:df::7005]:80/ottrrs.hl.chinamobile.com/PLTV/88888888/224/3221225733/index.m3u8, IPv_Type: ipv6, Location: 中国, ISP: 中国移动, Date: None, Delay: 0.1 ms, Speed: inf M/s, Resolution: 1920x1080
Name: CCTV-7, URL: http://[2409:8087:3869:8021:1001::e5]:6610/PLTV/88888910/224/3221225624/index.m3u8, IPv_Type: ipv6, Location: 中国, ISP: 中国移动, Date: None, Delay: -1 ms, Speed: 0.00 M/s, Resolution: None
Name: CCTV-7, URL: http://rrs01.hw.gmcc.net:8088/PLTV/81/224/3221226721/1.m3u8, IPv_Type: ipv6, Location: 中国, ISP: 中国移动, Date: None, Delay: -1 ms, Speed: 0.00 M/s, Resolution: None
Name: CCTV-7, URL: http://[2409:8087:8:21::18]:6610/otttv.bj.chinamobile.com/PLTV/88888888/224/3221226946/1.m3u8, IPv_Type: ipv6, Location: 中国, ISP: 中国移动, Date: None, Delay: -1 ms, Speed: 0.00 M/s, Resolution: None
Name: CCTV-7, URL: http://[2409:8087:8:21::18]:6610/otttv.bj.chinamobile.com/PLTV/88888888/224/3221226451/1.m3u8, IPv_Type: ipv6, Location: 中国, ISP: 中国移动, Date: None, Delay: -1 ms, Speed: 0.00 M/s, Resolution: None
Name: CCTV-7, URL: https://cc06.tv12.xyz/8.m3u8, IPv_Type: ipv6, Location: 美国, ISP: CloudFlare Inc., Date: None, Delay: -1 ms, Speed: 0.00 M/s, Resolution: None
Name: CCTV-8, URL: http://php.jdshipin.com/TVOD/hljyd.php?id=3221226008, IPv_Type: ipv6, Location: 美国, ISP: CloudFlare Inc., Date: None, Delay: 0.1 ms, Speed: inf M/s, Resolution: 1920x1080
Name: CCTV-8, URL: http://iptv.huuc.edu.cn/hls/cctv8hd.m3u8, IPv_Type: ipv6, Location: 中国, ISP: 教育网, Date: None, Delay: 0.1 ms, Speed: inf M/s, Resolution: 1920x1080
Name: CCTV-8, URL: http://[2409:8087:1a01:df::4051]:80/TVOD/88888888/224/3221225795/main.m3u8, IPv_Type: ipv6, Location: 中国, ISP: 中国移动, Date: None, Delay: 0.1 ms, Speed: inf M/s, Resolution: 1920x1080
Name: CCTV-8, URL: https://smart.pendy.dpdns.org/Smart.php?id=cctv8hd, IPv_Type: ipv6, Location: 美国, ISP: CloudFlare Inc., Date: None, Delay: 0.1 ms, Speed: inf M/s, Resolution: 1920x1080
Name: CCTV-8, URL: http://[2409:8087:1a01:df::4077]/ottrrs.hl.chinamobile.com/PLTV/88888888/8/3221226008/index.m3u8, IPv_Type: ipv6, Location: 中国, ISP: 中国移动, Date: None, Delay: 0.1 ms, Speed: inf M/s, Resolution: 1920x1080
Name: CCTV-8, URL: http://[2409:8087:1a01:df::4077]/ottrrs.hl.chinamobile.com/yinhe/88888888/224/3221226008/index.m3u8, IPv_Type: ipv6, Location: 中国, ISP: 中国移动, Date: None, Delay: 0.1 ms, Speed: inf M/s, Resolution: 1920x1080
Name: CCTV-8, URL: http://[2409:8087:8:21::18]:6610/otttv.bj.chinamobile.com/PLTV/88888888/224/3221226451/1.m3u8, IPv_Type: ipv6, Location: 中国, ISP: 中国移动, Date: None, Delay: 0.1 ms, Speed: inf M/s, Resolution: 1920x1080
Name: CCTV-8, URL: http://[2409:8087:1a0a:df::404b]/ottrrs.hl.chinamobile.com/TVOD/88888888/224/3221226008/index.m3u8, IPv_Type: ipv6, Location: 中国, ISP: 中国移动, Date: None, Delay: 0.1 ms, Speed: inf M/s, Resolution: 1920x1080
Name: CCTV-8, URL: http://yc.myds.me:35455/gaoma/cctv8.m3u8, IPv_Type: ipv6, Location: 中国, ISP: 中国电信, Date: None, Delay: 0.1 ms, Speed: inf M/s, Resolution: 1920x1080
Name: CCTV-8, URL: http://yc.myds.me:35455/itv/6000000001000001070.m3u8?cdn=wasusyt, IPv_Type: ipv6, Location: 中国, ISP: 中国电信, Date: None, Delay: 0.1 ms, Speed: inf M/s, Resolution: 1920x1080
Name: CCTV-8, URL: http://nas.suntao.online:35455/itv/6000000001000001070.m3u8?cdn=wasusyt, IPv_Type: ipv6, Location: 中国, ISP: 中国联通, Date: None, Delay: 0.1 ms, Speed: inf M/s, Resolution: 1920x1080
Name: CCTV-8, URL: http://iptv.cdn.ha.chinamobile.com/PLTV/88888888/224/3221227327/index.m3u8, IPv_Type: ipv6, Location: 中国, ISP: 中国移动, Date: None, Delay: 0.1 ms, Speed: inf M/s, Resolution: 1920x1080
Name: CCTV-8, URL: http://hwrr.jx.chinamobile.com:8080/PLTV/88888888/224/3221225631/index.m3u8, IPv_Type: ipv6, Location: 中国, ISP: 中国移动, Date: None, Delay: 0.1 ms, Speed: inf M/s, Resolution: 1920x1080
Name: CCTV-8, URL: http://hwrr.jx.chinamobile.com:8080/PLTV/88888888/224/3221225635/index.m3u8, IPv_Type: ipv6, Location: 中国, ISP: 中国移动, Date: None, Delay: 0.1 ms, Speed: inf M/s, Resolution: 1920x1080
Name: CCTV-8, URL: http://lu.wqwqwq.sbs/itv/1000000005000265008.m3u8?cdn=ystenlive, IPv_Type: ipv6, Location: 美国, ISP: CloudFlare Inc., Date: None, Delay: 0.1 ms, Speed: inf M/s, Resolution: 1920x1080
Name: CCTV-8, URL: http://dbiptv.sn.chinamobile.com/PLTV/88888890/224/3221226391/index.m3u8, IPv_Type: ipv6, Location: 中国, ISP: 中国移动, Date: None, Delay: 0.1 ms, Speed: inf M/s, Resolution: 1920x1080
Name: CCTV-8, URL: http://zteres.sn.chinamobile.com:6060/000000001000/5000000004000008888/1.m3u8?channel-id=bestzb&Contentid=5000000004000008888&livemode=1&stbId=3, IPv_Type: ipv6, Location: 中国, ISP: 中国移动, Date: None, Delay: 0.1 ms, Speed: inf M/s, Resolution: 1920x1080
Name: CCTV-8, URL: http://zteres.sn.chinamobile.com:6060/000000001000/1000000005000265008/1.m3u8?channel-id=ystenlive&Contentid=1000000005000265008&livemode=1&stbId=3, IPv_Type: ipv6, Location: 中国, ISP: 中国移动, Date: None, Delay: 0.1 ms, Speed: inf M/s, Resolution: 1920x1080
Name: CCTV-8, URL: http://zteres.sn.chinamobile.com:6060/000000001000/5000000010000018377/1.m3u8?channel-id=bestzb&Contentid=5000000010000018377&livemode=1&stbId=3, IPv_Type: ipv6, Location: 中国, ISP: 中国移动, Date: None, Delay: 0.1 ms, Speed: inf M/s, Resolution: 1920x1080
Name: CCTV-8, URL: http://zteres.sn.chinamobile.com:6060/000000001000/1000000001000003736/1.m3u8?channel-id=ystenlive&Contentid=1000000001000003736&livemode=1&stbId=3, IPv_Type: ipv6, Location: 中国, ISP: 中国移动, Date: None, Delay: 0.1 ms, Speed: inf M/s, Resolution: 1920x1080
Name: CCTV-8, URL: http://[2409:8087:4c0a:22:1::11]:6410/170000001115/UmaiCHAN638728970aa82/index.m3u8?AuthInfo=9kOOdBn7MFF%2F2bWjKgahUdDh4EPdDnvGlSBkYaxFdaymid9ta2tVUW0%2FdVrFqszC1EVEkAbpip1IYxn%2Ba2aA%2BVAihIiw9D8ejUsDbfU0K68, IPv_Type: ipv6, Location: 中国, ISP: 中国移动, Date: None, Delay: 0.1 ms, Speed: inf M/s, Resolution: 1920x1080
Name: CCTV-8, URL: http://[2409:8087:5e00:24::1f]:6060/ZTE_CMS/00000001000000060000000000000371/index.m3u8, IPv_Type: ipv6, Location: 中国, ISP: 中国移动, Date: None, Delay: 0.1 ms, Speed: inf M/s, Resolution: 1920x1080
Name: CCTV-8, URL: http://[2409:8087:74f0:22::9]:6410/270000001111/1110000309/index.m3u8, IPv_Type: ipv6, Location: 中国, ISP: 中国移动, Date: None, Delay: 0.1 ms, Speed: inf M/s, Resolution: 1920x1080
Name: CCTV-8, URL: http://[2409:8087:1a01:df::7005]/ottrrs.hl.chinamobile.com/PLTV/88888888/224/3221226008/index.m3u8, IPv_Type: ipv6, Location: 中国, ISP: 中国移动, Date: None, Delay: 0.1 ms, Speed: inf M/s, Resolution: 1920x1080
Name: CCTV-8, URL: http://[2409:8087:1a01:df::7005]:80/ottrrs.hl.chinamobile.com/PLTV/88888888/224/3221226008/index.m3u8, IPv_Type: ipv6, Location: 中国, ISP: 中国移动, Date: None, Delay: 0.1 ms, Speed: inf M/s, Resolution: 1920x1080
Name: CCTV-8, URL: http://[2409:8087:3869:8021:1001::e5]:6610/PLTV/88888910/224/3221225631/index.m3u8, IPv_Type: ipv6, Location: 中国, ISP: 中国移动, Date: None, Delay: 0.1 ms, Speed: inf M/s, Resolution: 1920x1080
Name: CCTV-8, URL: http://[2409:8087:3869:8021:1001::e5]:6610/PLTV/88888888/224/3221225631/2/index.m3u8, IPv_Type: ipv6, Location: 中国, ISP: 中国移动, Date: None, Delay: 0.1 ms, Speed: inf M/s, Resolution: 1920x1080
Name: CCTV-8, URL: http://[2409:8087:8:21::18]:6610/otttv.bj.chinamobile.com/PLTV/88888888/224/3221226485/1.m3u8, IPv_Type: ipv6, Location: 中国, ISP: 中国移动, Date: None, Delay: -1 ms, Speed: 0.00 M/s, Resolution: None
Name: CCTV-8, URL: http://rrs01.hw.gmcc.net:8088/PLTV/81/224/3221226715/1.m3u8, IPv_Type: ipv6, Location: 中国, ISP: 中国移动, Date: None, Delay: -1 ms, Speed: 0.00 M/s, Resolution: None
Name: CCTV-8, URL: https://cc06.tv12.xyz/9.m3u8, IPv_Type: ipv6, Location: 美国, ISP: CloudFlare Inc., Date: None, Delay: -1 ms, Speed: 0.00 M/s, Resolution: None
Name: CCTV-9, URL: http://php.jdshipin.com/TVOD/hljyd.php?id=3221225734, IPv_Type: ipv6, Location: 美国, ISP: CloudFlare Inc., Date: None, Delay: 0.1 ms, Speed: inf M/s, Resolution: 1920x1080
Name: CCTV-9, URL: http://iptv.huuc.edu.cn/hls/cctv9hd.m3u8, IPv_Type: ipv6, Location: 中国, ISP: 教育网, Date: None, Delay: 0.1 ms, Speed: inf M/s, Resolution: 1920x1080
Name: CCTV-9, URL: https://smart.pendy.dpdns.org/Smart.php?id=cctv9hd, IPv_Type: ipv6, Location: 美国, ISP: CloudFlare Inc., Date: None, Delay: 0.1 ms, Speed: inf M/s, Resolution: 1920x1080
Name: CCTV-9, URL: http://[2409:8087:1a01:df::4077]/ottrrs.hl.chinamobile.com/PLTV/88888888/8/3221225734/index.m3u8, IPv_Type: ipv6, Location: 中国, ISP: 中国移动, Date: None, Delay: 0.1 ms, Speed: inf M/s, Resolution: 1920x1080
Name: CCTV-9, URL: http://[2409:8087:1a01:df::4077]/ottrrs.hl.chinamobile.com/yinhe/88888888/224/3221225734/index.m3u8, IPv_Type: ipv6, Location: 中国, ISP: 中国移动, Date: None, Delay: 0.1 ms, Speed: inf M/s, Resolution: 1920x1080
Name: CCTV-9, URL: http://[2409:8087:1a01:df::4077]:80/ottrrs.hl.chinamobile.com/PLTV/88888888/8/3221225734/index.m3u8, IPv_Type: ipv6, Location: 中国, ISP: 中国移动, Date: None, Delay: 0.1 ms, Speed: inf M/s, Resolution: 1920x1080
Name: CCTV-9, URL: http://[2409:8087:8:21::18]:6610/otttv.bj.chinamobile.com/PLTV/88888888/224/3221226236/1.m3u8, IPv_Type: ipv6, Location: 中国, ISP: 中国移动, Date: None, Delay: 0.1 ms, Speed: inf M/s, Resolution: 1920x1080
Name: CCTV-9, URL: http://[2409:8087:8:21::18]:6610/otttv.bj.chinamobile.com/PLTV/88888888/224/3221226450/1.m3u8, IPv_Type: ipv6, Location: 中国, ISP: 中国移动, Date: None, Delay: 0.1 ms, Speed: inf M/s, Resolution: 1920x1080
Name: CCTV-9, URL: http://[2409:8087:1a0a:df::404b]/ottrrs.hl.chinamobile.com/TVOD/88888888/224/3221225734/index.m3u8, IPv_Type: ipv6, Location: 中国, ISP: 中国移动, Date: None, Delay: 0.1 ms, Speed: inf M/s, Resolution: 1920x1080
Name: CCTV-9, URL: http://yc.myds.me:35455/gaoma/cctv9.m3u8, IPv_Type: ipv6, Location: 中国, ISP: 中国电信, Date: None, Delay: 0.1 ms, Speed: inf M/s, Resolution: 1920x1080
Name: CCTV-9, URL: http://yc.myds.me:35455/itv/6000000001000032162.m3u8?cdn=wasusyt, IPv_Type: ipv6, Location: 中国, ISP: 中国电信, Date: None, Delay: 0.1 ms, Speed: inf M/s, Resolution: 1920x1080
Name: CCTV-9, URL: http://yc.myds.me:35455/itv/1000000005000265009.m3u8?cdn=ystenlive, IPv_Type: ipv6, Location: 中国, ISP: 中国电信, Date: None, Delay: 0.1 ms, Speed: inf M/s, Resolution: 1920x1080
Name: CCTV-9, URL: http://nas.suntao.online:35455/itv/1000000005000265009.m3u8?cdn=ystenlive, IPv_Type: ipv6, Location: 中国, ISP: 中国联通, Date: None, Delay: 0.1 ms, Speed: inf M/s, Resolution: 1920x1080
Name: CCTV-9, URL: http://iptv.cdn.ha.chinamobile.com/PLTV/88888888/224/3221227182/index.m3u8, IPv_Type: ipv6, Location: 中国, ISP: 中国移动, Date: None, Delay: 0.1 ms, Speed: inf M/s, Resolution: 1920x1080
Name: CCTV-9, URL: http://lu.wqwqwq.sbs/itv/1000000005000265009.m3u8?cdn=ystenlive, IPv_Type: ipv6, Location: 美国, ISP: CloudFlare Inc., Date: None, Delay: 0.1 ms, Speed: inf M/s, Resolution: 1920x1080
Name: CCTV-9, URL: http://[2409:8087:5e01:34::23]:6610/ZTE_CMS/00000001000000060000000000000373/index.m3u8?IAS, IPv_Type: ipv6, Location: 中国, ISP: 中国移动, Date: None, Delay: 0.1 ms, Speed: inf M/s, Resolution: 1920x1080
Name: CCTV-9, URL: http://[2409:8087:5e01:34::20]:6610/ZTE_CMS/00000001000000060000000000000373/index.m3u8?IAS, IPv_Type: ipv6, Location: 中国, ISP: 中国移动, Date: None, Delay: 0.1 ms, Speed: inf M/s, Resolution: 1920x1080
Name: CCTV-9, URL: http://[2409:8087:5e01:34::20]:6610/ZTE_CMS/00000001000000060000000000000373/index.m3u8?key=tvbox6_com, IPv_Type: ipv6, Location: 中国, ISP: 中国移动, Date: None, Delay: 0.1 ms, Speed: inf M/s, Resolution: 1920x1080
Name: CCTV-9, URL: http://dbiptv.sn.chinamobile.com/PLTV/88888890/224/3221226197/index.m3u8, IPv_Type: ipv6, Location: 中国, ISP: 中国移动, Date: None, Delay: 0.1 ms, Speed: inf M/s, Resolution: 1920x1080
Name: CCTV-9, URL: http://hwrr.jx.chinamobile.com:8080/PLTV/88888888/224/3221225626/index.m3u8, IPv_Type: ipv6, Location: 中国, ISP: 中国移动, Date: None, Delay: 0.1 ms, Speed: inf M/s, Resolution: 1920x1080
Name: CCTV-9, URL: http://zteres.sn.chinamobile.com:6060/000000001000/5000000010000018384/1.m3u8?channel-id=bestzb&Contentid=5000000010000018384&livemode=1&stbId=3, IPv_Type: ipv6, Location: 中国, ISP: 中国移动, Date: None, Delay: 0.1 ms, Speed: inf M/s, Resolution: 1920x1080
Name: CCTV-9, URL: http://zteres.sn.chinamobile.com:6060/000000001000/1000000001000028286/1.m3u8?channel-id=ystenlive&Contentid=1000000001000028286&livemode=1&stbId=3, IPv_Type: ipv6, Location: 中国, ISP: 中国移动, Date: None, Delay: 0.1 ms, Speed: inf M/s, Resolution: 1920x1080
Name: CCTV-9, URL: http://zteres.sn.chinamobile.com:6060/000000001000/5000000001000024017/1.m3u8?channel-id=bestzb&Contentid=5000000001000024017&livemode=1&stbId=3, IPv_Type: ipv6, Location: 中国, ISP: 中国移动, Date: None, Delay: 0.1 ms, Speed: inf M/s, Resolution: 1920x1080
Name: CCTV-9, URL: http://[2409:8087:4c0a:22:1::11]:6410/170000001115/UmaiCHAN5000039BESTVSMGSMG/index.m3u8?AuthInfo=9kOOdBn7MFF%2F2bWjKgahUSpr1AVNI633ampcuzdN%2BfHArfvJF2pWpm4RxcBNhZ7j9vEUeCQte%2BbQaOGNIUEEK%2B3RBE1BC9EUsM18gnb%2FyAA, IPv_Type: ipv6, Location: 中国, ISP: 中国移动, Date: None, Delay: 0.1 ms, Speed: inf M/s, Resolution: 1920x1080
Name: CCTV-9, URL: http://[2409:8087:5e01:34::38]:6610/ZTE_CMS/00000001000000060000000000000373/index.m3u8, IPv_Type: ipv6, Location: 中国, ISP: 中国移动, Date: None, Delay: 0.1 ms, Speed: inf M/s, Resolution: 1920x1080
Name: CCTV-9, URL: http://[2409:8087:5e00:24::1f]:6060/ZTE_CMS/00000001000000060000000000000373/index.m3u8, IPv_Type: ipv6, Location: 中国, ISP: 中国移动, Date: None, Delay: 0.1 ms, Speed: inf M/s, Resolution: 1920x1080
Name: CCTV-9, URL: http://[2409:8087:5e01:34::21]:6610/ZTE_CMS/00000001000000060000000000000373/index.m3u8?IAS, IPv_Type: ipv6, Location: 中国, ISP: 中国移动, Date: None, Delay: 0.1 ms, Speed: inf M/s, Resolution: 1920x1080
Name: CCTV-9, URL: http://[2409:8087:5e01:34::22]:6610/ZTE_CMS/00000001000000060000000000000373/index.m3u8?IAS, IPv_Type: ipv6, Location: 中国, ISP: 中国移动, Date: None, Delay: 0.1 ms, Speed: inf M/s, Resolution: 1920x1080
Name: CCTV-9, URL: http://[2409:8087:74f0:22::4]:6410/270000001128/9900000505/index.m3u8, IPv_Type: ipv6, Location: 中国, ISP: 中国移动, Date: None, Delay: 0.1 ms, Speed: inf M/s, Resolution: 1920x1080
Name: CCTV-9, URL: http://[2409:8087:1a01:df::7005]/ottrrs.hl.chinamobile.com/PLTV/88888888/224/3221225734/index.m3u8, IPv_Type: ipv6, Location: 中国, ISP: 中国移动, Date: None, Delay: 0.1 ms, Speed: inf M/s, Resolution: 1920x1080
Name: CCTV-9, URL: http://[2409:8087:1a01:df::7005]:80/ottrrs.hl.chinamobile.com/PLTV/88888888/224/3221225734/index.m3u8, IPv_Type: ipv6, Location: 中国, ISP: 中国移动, Date: None, Delay: 0.1 ms, Speed: inf M/s, Resolution: 1920x1080
Name: CCTV-9, URL: http://[2409:8087:3869:8021:1001::e5]:6610/PLTV/88888910/224/3221225646/index.m3u8, IPv_Type: ipv6, Location: 中国, ISP: 中国移动, Date: None, Delay: 0.1 ms, Speed: inf M/s, Resolution: 1920x1080
Name: CCTV-9, URL: http://[2409:8087:3869:8021:1001::e5]:6610/PLTV/88888888/224/3221225646/2/index.m3u8, IPv_Type: ipv6, Location: 中国, ISP: 中国移动, Date: None, Delay: 0.1 ms, Speed: inf M/s, Resolution: 1920x1080
Name: CCTV-9, URL: http://[2409:8087:3869:8021:1001::e5]:6610/PLTV/88888888/224/3221225626/2/index.m3u8, IPv_Type: ipv6, Location: 中国, ISP: 中国移动, Date: None, Delay: 0.1 ms, Speed: inf M/s, Resolution: 1920x1080
Name: CCTV-9, URL: http://[2409:8087:8:21::18]:6610/otttv.bj.chinamobile.com/PLTV/88888888/224/3221226944/1.m3u8, IPv_Type: ipv6, Location: 中国, ISP: 中国移动, Date: None, Delay: -1 ms, Speed: 0.00 M/s, Resolution: None
Name: CCTV-9, URL: http://rrs01.hw.gmcc.net:8088/PLTV/81/224/3221226651/1.m3u8, IPv_Type: ipv6, Location: 中国, ISP: 中国移动, Date: None, Delay: -1 ms, Speed: 0.00 M/s, Resolution: None
Name: CCTV-9, URL: http://[2409:8087:8:21::18]:6610/otttv.bj.chinamobile.com/PLTV/88888888/224/3221226449/1.m3u8, IPv_Type: ipv6, Location: 中国, ISP: 中国移动, Date: None, Delay: -1 ms, Speed: 0.00 M/s, Resolution: None
Name: CCTV-9, URL: https://cc06.tv12.xyz/10.m3u8, IPv_Type: ipv6, Location: 美国, ISP: CloudFlare Inc., Date: None, Delay: -1 ms, Speed: 0.00 M/s, Resolution: None
Name: CCTV-10, URL: http://iptv.huuc.edu.cn/hls/cctv10hd.m3u8, IPv_Type: ipv6, Location: 中国, ISP: 教育网, Date: None, Delay: 0.1 ms, Speed: inf M/s, Resolution: 1920x1080
Name: CCTV-10, URL: https://smart.pendy.dpdns.org/Smart.php?id=cctv10hd, IPv_Type: ipv6, Location: 美国, ISP: CloudFlare Inc., Date: None, Delay: 0.1 ms, Speed: inf M/s, Resolution: 1920x1080
Name: CCTV-10, URL: http://[2409:8087:1a01:df::4077]/ottrrs.hl.chinamobile.com/PLTV/88888888/8/3221225730/index.m3u8, IPv_Type: ipv6, Location: 中国, ISP: 中国移动, Date: None, Delay: 0.1 ms, Speed: inf M/s, Resolution: 1920x1080
Name: CCTV-10, URL: http://[2409:8087:1a01:df::4077]:80/ottrrs.hl.chinamobile.com/PLTV/88888888/8/3221225730/index.m3u8, IPv_Type: ipv6, Location: 中国, ISP: 中国移动, Date: None, Delay: 0.1 ms, Speed: inf M/s, Resolution: 1920x1080
Name: CCTV-10, URL: http://[2409:8087:1a01:df::4077]:80/ottrrs.hl.chinamobile.com/PLTV/88888888/224/3221225730/1.m3u8, IPv_Type: ipv6, Location: 中国, ISP: 中国移动, Date: None, Delay: 0.1 ms, Speed: inf M/s, Resolution: 1920x1080
Name: CCTV-10, URL: http://[2409:8087:1a01:df::4077]:80/ottrrs.hl.chinamobile.com/yinhe/88888888/224/3221225730/index.m3u8, IPv_Type: ipv6, Location: 中国, ISP: 中国移动, Date: None, Delay: 0.1 ms, Speed: inf M/s, Resolution: 1920x1080
Name: CCTV-10, URL: http://[2409:8087:1a01:df::4077]/ottrrs.hl.chinamobile.com/yinhe/88888888/224/3221225730/index.m3u8, IPv_Type: ipv6, Location: 中国, ISP: 中国移动, Date: None, Delay: 0.1 ms, Speed: inf M/s, Resolution: 1920x1080
Name: CCTV-10, URL: http://[2409:8087:8:21::18]:6610/otttv.bj.chinamobile.com/PLTV/88888888/224/3221226449/1.m3u8, IPv_Type: ipv6, Location: 中国, ISP: 中国移动, Date: None, Delay: 0.1 ms, Speed: inf M/s, Resolution: 1920x1080
Name: CCTV-10, URL: http://[2409:8087:8:21::18]:6610/otttv.bj.chinamobile.com/PLTV/88888888/224/3221226464/1.m3u8, IPv_Type: ipv6, Location: 中国, ISP: 中国移动, Date: None, Delay: 0.1 ms, Speed: inf M/s, Resolution: 1920x1080
Name: CCTV-10, URL: http://[2409:8087:1a01:df::4077]/ottrrs.hl.chinamobile.com/PLTV/88888888/224/3221225730/1.m3u8?icpid=88888888&from=1&hms_devid=1012&vqe=3, IPv_Type: ipv6, Location: 中国, ISP: 中国移动, Date: None, Delay: 0.1 ms, Speed: inf M/s, Resolution: 1920x1080
Name: CCTV-10, URL: http://[2409:8087:1a0a:df::404b]/ottrrs.hl.chinamobile.com/TVOD/88888888/224/3221225730/index.m3u8, IPv_Type: ipv6, Location: 中国, ISP: 中国移动, Date: None, Delay: 0.1 ms, Speed: inf M/s, Resolution: 1920x1080
Name: CCTV-10, URL: http://[2409:8087:1a01:df::4077]/ottrrs.hl.chinamobile.com/PLTV/88888888/224/3221225730/index.m3u8, IPv_Type: ipv6, Location: 中国, ISP: 中国移动, Date: None, Delay: 0.1 ms, Speed: inf M/s, Resolution: 1920x1080
Name: CCTV-10, URL: http://yc.myds.me:35455/gaoma/cctv10.m3u8, IPv_Type: ipv6, Location: 中国, ISP: 中国电信, Date: None, Delay: 0.1 ms, Speed: inf M/s, Resolution: 1920x1080
Name: CCTV-10, URL: http://yc.myds.me:35455/itv/5000000004000012827.m3u8?cdn=bestzb, IPv_Type: ipv6, Location: 中国, ISP: 中国电信, Date: None, Delay: 0.1 ms, Speed: inf M/s, Resolution: 1920x1080
Name: CCTV-10, URL: http://yc.myds.me:35455/itv/1000000005000265010.m3u8?cdn=ystenlive, IPv_Type: ipv6, Location: 中国, ISP: 中国电信, Date: None, Delay: 0.1 ms, Speed: inf M/s, Resolution: 1920x1080
Name: CCTV-10, URL: http://nas.suntao.online:35455/itv/1000000005000265010.m3u8?cdn=ystenlive, IPv_Type: ipv6, Location: 中国, ISP: 中国联通, Date: None, Delay: 0.1 ms, Speed: inf M/s, Resolution: 1920x1080
Name: CCTV-10, URL: http://iptv.cdn.ha.chinamobile.com/PLTV/88888888/224/3221227169/index.m3u8, IPv_Type: ipv6, Location: 中国, ISP: 中国移动, Date: None, Delay: 0.1 ms, Speed: inf M/s, Resolution: 1920x1080
Name: CCTV-10, URL: http://hwrr.jx.chinamobile.com:8080/PLTV/88888888/224/3221225627/index.m3u8, IPv_Type: ipv6, Location: 中国, ISP: 中国移动, Date: None, Delay: 0.1 ms, Speed: inf M/s, Resolution: 1920x1080
Name: CCTV-10, URL: http://hwrr.jx.chinamobile.com:8080/PLTV/88888888/224/3221225636/index.m3u8, IPv_Type: ipv6, Location: 中国, ISP: 中国移动, Date: None, Delay: 0.1 ms, Speed: inf M/s, Resolution: 1920x1080
Name: CCTV-10, URL: http://lu.wqwqwq.sbs/itv/1000000005000265010.m3u8?cdn=ystenlive, IPv_Type: ipv6, Location: 美国, ISP: CloudFlare Inc., Date: None, Delay: 0.1 ms, Speed: inf M/s, Resolution: 1920x1080
Name: CCTV-10, URL: http://[2409:8087:5e01:34::20]:6610/ZTE_CMS/00000001000000060000000000000375/index.m3u8?IAS, IPv_Type: ipv6, Location: 中国, ISP: 中国移动, Date: None, Delay: 0.1 ms, Speed: inf M/s, Resolution: 1920x1080
Name: CCTV-10, URL: http://[2409:8087:5e01:34::22]:6610/ZTE_CMS/00000001000000060000000000000375/index.m3u8?IAS, IPv_Type: ipv6, Location: 中国, ISP: 中国移动, Date: None, Delay: 0.1 ms, Speed: inf M/s, Resolution: 1920x1080
Name: CCTV-10, URL: http://[2409:8087:5e01:34::23]:6610/ZTE_CMS/00000001000000060000000000000375/index.m3u8?IAS, IPv_Type: ipv6, Location: 中国, ISP: 中国移动, Date: None, Delay: 0.1 ms, Speed: inf M/s, Resolution: 1920x1080
Name: CCTV-10, URL: http://[2409:8087:5e01:34::20]:6610/ZTE_CMS/00000001000000060000000000000375/index.m3u8?key=tvbox6_com, IPv_Type: ipv6, Location: 中国, ISP: 中国移动, Date: None, Delay: 0.1 ms, Speed: inf M/s, Resolution: 1920x1080
Name: CCTV-10, URL: http://dbiptv.sn.chinamobile.com/PLTV/88888890/224/3221226189/index.m3u8, IPv_Type: ipv6, Location: 中国, ISP: 中国移动, Date: None, Delay: 0.1 ms, Speed: inf M/s, Resolution: 1920x1080
Name: CCTV-10, URL: http://hwrr.jx.chinamobile.com:8080/PLTV/88888888/224/3221225496/index.m3u8?fmt=ts2hls, IPv_Type: ipv6, Location: 中国, ISP: 中国移动, Date: None, Delay: 0.1 ms, Speed: inf M/s, Resolution: 1920x1080
Name: CCTV-10, URL: http://[2409:8087:1a01:df::4077]:80/ottrrs.hl.chinamobile.com/PLTV/88888888/224/3221225730/index.m3u8, IPv_Type: ipv6, Location: 中国, ISP: 中国移动, Date: None, Delay: 0.1 ms, Speed: inf M/s, Resolution: 1920x1080
Name: CCTV-10, URL: http://zteres.sn.chinamobile.com:6060/000000001000/5000000004000012827/1.m3u8?channel-id=bestzb&Contentid=5000000004000012827&livemode=1&stbId=3, IPv_Type: ipv6, Location: 中国, ISP: 中国移动, Date: None, Delay: 0.1 ms, Speed: inf M/s, Resolution: 1920x1080
Name: CCTV-10, URL: http://zteres.sn.chinamobile.com:6060/000000001000/6000000001000031506/1.m3u8?channel-id=wasusyt&Contentid=6000000001000031506&livemode=1&stbId=3, IPv_Type: ipv6, Location: 中国, ISP: 中国移动, Date: None, Delay: 0.1 ms, Speed: inf M/s, Resolution: 1920x1080
Name: CCTV-10, URL: http://zteres.sn.chinamobile.com:6060/000000001000/1000000001000023734/1.m3u8?channel-id=ystenlive&Contentid=1000000001000023734&livemode=1&stbId=3, IPv_Type: ipv6, Location: 中国, ISP: 中国移动, Date: None, Delay: 0.1 ms, Speed: inf M/s, Resolution: 1920x1080
Name: CCTV-10, URL: http://zteres.sn.chinamobile.com:6060/000000001000/1000000005000265010/1.m3u8?channel-id=ystenlive&Contentid=1000000005000265010&livemode=1&stbId=3, IPv_Type: ipv6, Location: 中国, ISP: 中国移动, Date: None, Delay: 0.1 ms, Speed: inf M/s, Resolution: 1920x1080
Name: CCTV-10, URL: http://zteres.sn.chinamobile.com:6060/000000001000/5000000010000016738/1.m3u8?channel-id=bestzb&Contentid=5000000010000016738&livemode=1&stbId=3, IPv_Type: ipv6, Location: 中国, ISP: 中国移动, Date: None, Delay: 0.1 ms, Speed: inf M/s, Resolution: 1920x1080
Name: CCTV-10, URL: http://[2409:8087:4c0a:22:1::11]:6410/170000001115/UmaiCHAN3949784BESTVSMGSMG/index.m3u8?AuthInfo=9kOOdBn7MFF%2F2bWjKgahUXt3TPFwzzdHCkOT9AjSv5OuXozn3alq9%2BUx7ZLG1w9aOfkLjZvYj56D3xkOAtSOIoLsdw8c1%2BCwLDg1aS4esN4, IPv_Type: ipv6, Location: 中国, ISP: 中国移动, Date: None, Delay: 0.1 ms, Speed: inf M/s, Resolution: 1920x1080
Name: CCTV-10, URL: http://[2409:8087:5e01:34::38]:6610/ZTE_CMS/00000001000000060000000000000375/index.m3u8, IPv_Type: ipv6, Location: 中国, ISP: 中国移动, Date: None, Delay: 0.1 ms, Speed: inf M/s, Resolution: 1920x1080
Name: CCTV-10, URL: http://[2409:8087:5e00:24::1f]:6060/ZTE_CMS/00000001000000060000000000000375/index.m3u8, IPv_Type: ipv6, Location: 中国, ISP: 中国移动, Date: None, Delay: 0.1 ms, Speed: inf M/s, Resolution: 1920x1080
Name: CCTV-10, URL: http://[2409:8087:5e01:34::21]:6610/ZTE_CMS/00000001000000060000000000000375/index.m3u8?IAS, IPv_Type: ipv6, Location: 中国, ISP: 中国移动, Date: None, Delay: 0.1 ms, Speed: inf M/s, Resolution: 1920x1080
Name: CCTV-10, URL: http://[2409:8087:74f0:22::4]:6410/270000001128/9900000506/index.m3u8, IPv_Type: ipv6, Location: 中国, ISP: 中国移动, Date: None, Delay: 0.1 ms, Speed: inf M/s, Resolution: 1920x1080
Name: CCTV-10, URL: http://[2409:8087:1a01:df::7005]/ottrrs.hl.chinamobile.com/PLTV/88888888/224/3221226473/index.m3u8, IPv_Type: ipv6, Location: 中国, ISP: 中国移动, Date: None, Delay: 0.1 ms, Speed: inf M/s, Resolution: 1920x1080
Name: CCTV-10, URL: http://[2409:8087:1a01:df::7005]:80/ottrrs.hl.chinamobile.com/PLTV/88888888/224/3221226473/index.m3u8, IPv_Type: ipv6, Location: 中国, ISP: 中国移动, Date: None, Delay: 0.1 ms, Speed: inf M/s, Resolution: 1920x1080
Name: CCTV-10, URL: http://[2409:8087:3869:8021:1001::e5]:6610/PLTV/88888910/224/3221225636/index.m3u8, IPv_Type: ipv6, Location: 中国, ISP: 中国移动, Date: None, Delay: -1 ms, Speed: 0.00 M/s, Resolution: None
Name: CCTV-10, URL: http://[2409:8087:3869:8021:1001::e5]:6610/PLTV/88888888/224/3221225636/2/index.m3u8, IPv_Type: ipv6, Location: 中国, ISP: 中国移动, Date: None, Delay: -1 ms, Speed: 0.00 M/s, Resolution: None
Name: CCTV-10, URL: http://[2409:8087:3869:8021:1001::e5]:6610/PLTV/88888888/224/3221225627/2/index.m3u8, IPv_Type: ipv6, Location: 中国, ISP: 中国移动, Date: None, Delay: -1 ms, Speed: 0.00 M/s, Resolution: None
Name: CCTV-10, URL: http://[2409:8087:3869:8021:1001::e5]:6610/PLTV/88888888/224/3221225637/2/index.m3u8, IPv_Type: ipv6, Location: 中国, ISP: 中国移动, Date: None, Delay: -1 ms, Speed: 0.00 M/s, Resolution: None
Name: CCTV-10, URL: http://[2409:8087:8:21::18]:6610/otttv.bj.chinamobile.com/PLTV/88888888/224/3221226937/1.m3u8, IPv_Type: ipv6, Location: 中国, ISP: 中国移动, Date: None, Delay: -1 ms, Speed: 0.00 M/s, Resolution: None
Name: CCTV-10, URL: http://rrs01.hw.gmcc.net:8088/PLTV/81/224/3221226708/1.m3u8, IPv_Type: ipv6, Location: 中国, ISP: 中国移动, Date: None, Delay: -1 ms, Speed: 0.00 M/s, Resolution: None
Name: CCTV-10, URL: https://cc06.tv12.xyz/11.m3u8, IPv_Type: ipv6, Location: 美国, ISP: CloudFlare Inc., Date: None, Delay: -1 ms, Speed: 0.00 M/s, Resolution: None
Name: CCTV-11, URL: http://php.jdshipin.com/TVOD/hljyd.php?id=3221226565, IPv_Type: ipv6, Location: 美国, ISP: CloudFlare Inc., Date: None, Delay: 0.1 ms, Speed: inf M/s, Resolution: 1920x1080
Name: CCTV-11, URL: http://iptv.huuc.edu.cn/hls/cctv11hd.m3u8, IPv_Type: ipv6, Location: 中国, ISP: 教育网, Date: None, Delay: 0.1 ms, Speed: inf M/s, Resolution: 1920x1080
Name: CCTV-11, URL: https://smart.pendy.dpdns.org/Smart.php?id=cctv11, IPv_Type: ipv6, Location: 美国, ISP: CloudFlare Inc., Date: None, Delay: 0.1 ms, Speed: inf M/s, Resolution: 1920x1080
Name: CCTV-11, URL: http://[2409:8087:1a0a:df::404b]/ottrrs.hl.chinamobile.com/TVOD/88888888/224/3221225597/index.m3u8, IPv_Type: ipv6, Location: 中国, ISP: 中国移动, Date: None, Delay: 0.1 ms, Speed: inf M/s, Resolution: 1920x1080
Name: CCTV-11, URL: http://[2409:8087:1a01:df::4077]/ottrrs.hl.chinamobile.com/PLTV/88888888/8/3221225597/index.m3u8, IPv_Type: ipv6, Location: 中国, ISP: 中国移动, Date: None, Delay: 0.1 ms, Speed: inf M/s, Resolution: 1920x1080
Name: CCTV-11, URL: http://[2409:8087:1a01:df::4077]/ottrrs.hl.chinamobile.com/yinhe/88888888/224/3221225597/index.m3u8, IPv_Type: ipv6, Location: 中国, ISP: 中国移动, Date: None, Delay: 0.1 ms, Speed: inf M/s, Resolution: 1920x1080
Name: CCTV-11, URL: http://[2409:8087:1a01:df::4077]:80/ottrrs.hl.chinamobile.com/PLTV/88888888/8/3221225597/index.m3u8, IPv_Type: ipv6, Location: 中国, ISP: 中国移动, Date: None, Delay: 0.1 ms, Speed: inf M/s, Resolution: 1920x1080
Name: CCTV-11, URL: http://[2409:8087:1a01:df::4077]:80/ottrrs.hl.chinamobile.com/PLTV/88888888/224/3221225597/index.m3u8, IPv_Type: ipv6, Location: 中国, ISP: 中国移动, Date: None, Delay: 0.1 ms, Speed: inf M/s, Resolution: 1920x1080
Name: CCTV-11, URL: http://[2409:8087:8:21::18]:6610/otttv.bj.chinamobile.com/PLTV/88888888/224/3221226334/1.m3u8, IPv_Type: ipv6, Location: 中国, ISP: 中国移动, Date: None, Delay: 0.1 ms, Speed: inf M/s, Resolution: 1920x1080
Name: CCTV-11, URL: http://[2409:8087:8:21::18]:6610/otttv.bj.chinamobile.com/PLTV/88888888/224/3221226448/1.m3u8, IPv_Type: ipv6, Location: 中国, ISP: 中国移动, Date: None, Delay: 0.1 ms, Speed: inf M/s, Resolution: 1920x1080
Name: CCTV-11, URL: http://iptv.cdn.ha.chinamobile.com/PLTV/88888888/224/3221227171/index.m3u8, IPv_Type: ipv6, Location: 中国, ISP: 中国移动, Date: None, Delay: 0.1 ms, Speed: inf M/s, Resolution: 1920x1080
Name: CCTV-11, URL: http://yc.myds.me:35455/gaoma/cctv11.m3u8, IPv_Type: ipv6, Location: 中国, ISP: 中国电信, Date: None, Delay: 0.1 ms, Speed: inf M/s, Resolution: 1920x1080
Name: CCTV-11, URL: http://yc.myds.me:35455/itv/5000000011000031106.m3u8?cdn=bestzb, IPv_Type: ipv6, Location: 中国, ISP: 中国电信, Date: None, Delay: 0.1 ms, Speed: inf M/s, Resolution: 1920x1080
Name: CCTV-11, URL: http://lu.wqwqwq.sbs/itv/1000000005000265011.m3u8?cdn=ystenlive, IPv_Type: ipv6, Location: 美国, ISP: CloudFlare Inc., Date: None, Delay: 0.1 ms, Speed: inf M/s, Resolution: 1920x1080
Name: CCTV-11, URL: http://[2409:8087:5e01:34::20]:6610/ZTE_CMS/00000001000000060000000000000497/index.m3u8?IAS, IPv_Type: ipv6, Location: 中国, ISP: 中国移动, Date: None, Delay: 0.1 ms, Speed: inf M/s, Resolution: 1920x1080
Name: CCTV-11, URL: http://dbiptv.sn.chinamobile.com/PLTV/88888890/224/3221226240/index.m3u8, IPv_Type: ipv6, Location: 中国, ISP: 中国移动, Date: None, Delay: 0.1 ms, Speed: inf M/s, Resolution: 1920x1080
Name: CCTV-11, URL: http://zteres.sn.chinamobile.com:6060/000000001000/5000000011000031106/1.m3u8?channel-id=bestzb&Contentid=5000000011000031106&livemode=1&stbId=3, IPv_Type: ipv6, Location: 中国, ISP: 中国移动, Date: None, Delay: 0.1 ms, Speed: inf M/s, Resolution: 1920x1080
Name: CCTV-11, URL: http://zteres.sn.chinamobile.com:6060/000000001000/1000000005000265011/1.m3u8?channel-id=ystenlive&Contentid=1000000005000265011&livemode=1&stbId=3, IPv_Type: ipv6, Location: 中国, ISP: 中国移动, Date: None, Delay: 0.1 ms, Speed: inf M/s, Resolution: 1920x1080
Name: CCTV-11, URL: http://zteres.sn.chinamobile.com:6060/000000001000/5000000006000040011/1.m3u8?channel-id=bestzb&Contentid=5000000006000040011&livemode=1&stbId=3, IPv_Type: ipv6, Location: 中国, ISP: 中国移动, Date: None, Delay: 0.1 ms, Speed: inf M/s, Resolution: 1920x1080
Name: CCTV-11, URL: http://zteres.sn.chinamobile.com:6060/000000001000/1000000002000019789/1.m3u8?channel-id=ystenlive&Contentid=1000000002000019789&livemode=1&stbId=3, IPv_Type: ipv6, Location: 中国, ISP: 中国移动, Date: None, Delay: 0.1 ms, Speed: inf M/s, Resolution: 1920x1080
Name: CCTV-11, URL: http://[2409:8087:4c0a:22:1::11]:6410/170000001115/UmaiCHAN6000053BESTVSMGSMG/index.m3u8?AuthInfo=9kOOdBn7MFF%2F2bWjKgahUTWDyIgRkFJBAHMhA2ayG0Qj2xHA4vdPGsjBbxSL3p%2FmAObVTfznR%2Fpc%2B76QYmLRMuL3Lj9iabhv8arW7kJe6%2F4, IPv_Type: ipv6, Location: 中国, ISP: 中国移动, Date: None, Delay: 0.1 ms, Speed: inf M/s, Resolution: 1920x1080
Name: CCTV-11, URL: http://[2409:8087:5e01:34::38]:6610/ZTE_CMS/00000001000000060000000000000497/index.m3u8, IPv_Type: ipv6, Location: 中国, ISP: 中国移动, Date: None, Delay: 0.1 ms, Speed: inf M/s, Resolution: 1920x1080
Name: CCTV-11, URL: http://[2409:8087:5e00:24::1f]:6060/ZTE_CMS/00000001000000060000000000000497/index.m3u8, IPv_Type: ipv6, Location: 中国, ISP: 中国移动, Date: None, Delay: 0.1 ms, Speed: inf M/s, Resolution: 1920x1080
Name: CCTV-11, URL: http://[2409:8087:5e01:34::22]:6610/ZTE_CMS/00000001000000060000000000000497/index.m3u8?IAS, IPv_Type: ipv6, Location: 中国, ISP: 中国移动, Date: None, Delay: 0.1 ms, Speed: inf M/s, Resolution: 1920x1080
Name: CCTV-11, URL: http://[2409:8087:5e01:34::21]:6610/ZTE_CMS/00000001000000060000000000000497/index.m3u8?IAS, IPv_Type: ipv6, Location: 中国, ISP: 中国移动, Date: None, Delay: 0.1 ms, Speed: inf M/s, Resolution: 1920x1080
Name: CCTV-11, URL: http://[2409:8087:5e01:34::23]:6610/ZTE_CMS/00000001000000060000000000000497/index.m3u8?IAS, IPv_Type: ipv6, Location: 中国, ISP: 中国移动, Date: None, Delay: 0.1 ms, Speed: inf M/s, Resolution: 1920x1080
Name: CCTV-11, URL: http://[2409:8087:74f0:22::4]:6410/270000001128/9900000508/index.m3u8, IPv_Type: ipv6, Location: 中国, ISP: 中国移动, Date: None, Delay: 0.1 ms, Speed: inf M/s, Resolution: 1920x1080
Name: CCTV-11, URL: http://[2409:8087:1a01:df::7005]/ottrrs.hl.chinamobile.com/PLTV/88888888/224/3221226565/index.m3u8, IPv_Type: ipv6, Location: 中国, ISP: 中国移动, Date: None, Delay: 0.1 ms, Speed: inf M/s, Resolution: 1920x1080
Name: CCTV-11, URL: http://[2409:8087:1a01:df::7005]:80/ottrrs.hl.chinamobile.com/PLTV/88888888/224/3221226565/index.m3u8, IPv_Type: ipv6, Location: 中国, ISP: 中国移动, Date: None, Delay: 0.1 ms, Speed: inf M/s, Resolution: 1920x1080
Name: CCTV-11, URL: http://[2409:8087:3869:8021:1001::e5]:6610/PLTV/88888910/224/3221225628/index.m3u8, IPv_Type: ipv6, Location: 中国, ISP: 中国移动, Date: None, Delay: -1 ms, Speed: 0.00 M/s, Resolution: None
Name: CCTV-11, URL: http://[2409:8087:3869:8021:1001::e5]:6610/PLTV/88888888/224/3221225637/2/index.m3u8, IPv_Type: ipv6, Location: 中国, ISP: 中国移动, Date: None, Delay: -1 ms, Speed: 0.00 M/s, Resolution: None
Name: CCTV-11, URL: http://rrs01.hw.gmcc.net:8088/PLTV/81/224/3221226714/1.m3u8, IPv_Type: ipv6, Location: 中国, ISP: 中国移动, Date: None, Delay: -1 ms, Speed: 0.00 M/s, Resolution: None
Name: CCTV-11, URL: http://[2409:8087:8:21::18]:6610/otttv.bj.chinamobile.com/PLTV/88888888/224/3221226228/1.m3u8, IPv_Type: ipv6, Location: 中国, ISP: 中国移动, Date: None, Delay: -1 ms, Speed: 0.00 M/s, Resolution: None
Name: CCTV-11, URL: https://cc06.tv12.xyz/12.m3u8, IPv_Type: ipv6, Location: 美国, ISP: CloudFlare Inc., Date: None, Delay: -1 ms, Speed: 0.00 M/s, Resolution: None
Name: CCTV-12, URL: http://php.jdshipin.com/TVOD/hljyd.php?id=3221225731, IPv_Type: ipv6, Location: 美国, ISP: CloudFlare Inc., Date: None, Delay: 0.1 ms, Speed: inf M/s, Resolution: 1920x1080
Name: CCTV-12, URL: http://iptv.huuc.edu.cn/hls/cctv12hd.m3u8, IPv_Type: ipv6, Location: 中国, ISP: 教育网, Date: None, Delay: 0.1 ms, Speed: inf M/s, Resolution: 1920x1080
Name: CCTV-12, URL: https://smart.pendy.dpdns.org/Smart.php?id=cctv12, IPv_Type: ipv6, Location: 美国, ISP: CloudFlare Inc., Date: None, Delay: 0.1 ms, Speed: inf M/s, Resolution: 1920x1080
Name: CCTV-12, URL: http://[2409:8087:1:20:20::29]/otttv.bj.chinamobile.com/PLTV/88888888/224/3221226228/1.m3u8?GuardEncType=2&accountinfo=%7E%7EV2.0%7E2knJCFLHz_HqfBZXNGeA1A%7E_eNUb, IPv_Type: ipv6, Location: 中国, ISP: 中国移动, Date: None, Delay: 0.1 ms, Speed: inf M/s, Resolution: 1920x1080
Name: CCTV-12, URL: http://[2409:8087:1a01:df::4077]/ottrrs.hl.chinamobile.com/PLTV/88888888/8/3221225731/index.m3u8, IPv_Type: ipv6, Location: 中国, ISP: 中国移动, Date: None, Delay: 0.1 ms, Speed: inf M/s, Resolution: 1920x1080
Name: CCTV-12, URL: http://[2409:8087:1a01:df::4077]:80/ottrrs.hl.chinamobile.com/PLTV/88888888/8/3221225731/index.m3u8, IPv_Type: ipv6, Location: 中国, ISP: 中国移动, Date: None, Delay: 0.1 ms, Speed: inf M/s, Resolution: 1920x1080
Name: CCTV-12, URL: http://[2409:8087:1a01:df::4077]/ottrrs.hl.chinamobile.com/yinhe/88888888/224/3221225731/index.m3u8, IPv_Type: ipv6, Location: 中国, ISP: 中国移动, Date: None, Delay: 0.1 ms, Speed: inf M/s, Resolution: 1920x1080
Name: CCTV-12, URL: http://[2409:8087:8:21::18]:6610/otttv.bj.chinamobile.com/PLTV/88888888/224/3221226228/1.m3u8, IPv_Type: ipv6, Location: 中国, ISP: 中国移动, Date: None, Delay: 0.1 ms, Speed: inf M/s, Resolution: 1920x1080
Name: CCTV-12, URL: http://[2409:8087:8:21::18]:6610/otttv.bj.chinamobile.com/PLTV/88888888/224/3221226447/1.m3u8, IPv_Type: ipv6, Location: 中国, ISP: 中国移动, Date: None, Delay: 0.1 ms, Speed: inf M/s, Resolution: 1920x1080
Name: CCTV-12, URL: http://[2409:8087:8:21::18]:6610/otttv.bj.chinamobile.com/PLTV/88888888/224/3221226462/1.m3u8, IPv_Type: ipv6, Location: 中国, ISP: 中国移动, Date: None, Delay: 0.1 ms, Speed: inf M/s, Resolution: 1920x1080
Name: CCTV-12, URL: http://[2409:8087:1a0a:df::404b]/ottrrs.hl.chinamobile.com/TVOD/88888888/224/3221225731/index.m3u8, IPv_Type: ipv6, Location: 中国, ISP: 中国移动, Date: None, Delay: 0.1 ms, Speed: inf M/s, Resolution: 1920x1080
Name: CCTV-12, URL: http://yc.myds.me:35455/gaoma/cctv12.m3u8, IPv_Type: ipv6, Location: 中国, ISP: 中国电信, Date: None, Delay: 0.1 ms, Speed: inf M/s, Resolution: 1920x1080
Name: CCTV-12, URL: http://yc.myds.me:35455/itv/6000000001000022586.m3u8?cdn=wasusyt, IPv_Type: ipv6, Location: 中国, ISP: 中国电信, Date: None, Delay: 0.1 ms, Speed: inf M/s, Resolution: 1920x1080
Name: CCTV-12, URL: http://yc.myds.me:35455/itv/1000000005000265012.m3u8?cdn=ystenlive, IPv_Type: ipv6, Location: 中国, ISP: 中国电信, Date: None, Delay: 0.1 ms, Speed: inf M/s, Resolution: 1920x1080
Name: CCTV-12, URL: http://nas.suntao.online:35455/itv/1000000005000265012.m3u8?cdn=ystenlive, IPv_Type: ipv6, Location: 中国, ISP: 中国联通, Date: None, Delay: 0.1 ms, Speed: inf M/s, Resolution: 1920x1080
Name: CCTV-12, URL: http://iptv.cdn.ha.chinamobile.com/PLTV/88888888/224/3221227184/index.m3u8, IPv_Type: ipv6, Location: 中国, ISP: 中国移动, Date: None, Delay: 0.1 ms, Speed: inf M/s, Resolution: 1920x1080
Name: CCTV-12, URL: http://hwrr.jx.chinamobile.com:8080/PLTV/88888888/224/3221225495/index.m3u8?fmt=ts2hls, IPv_Type: ipv6, Location: 中国, ISP: 中国移动, Date: None, Delay: 0.1 ms, Speed: inf M/s, Resolution: 1920x1080
Name: CCTV-12, URL: http://lu.wqwqwq.sbs/itv/1000000005000265012.m3u8?cdn=ystenlive, IPv_Type: ipv6, Location: 美国, ISP: CloudFlare Inc., Date: None, Delay: 0.1 ms, Speed: inf M/s, Resolution: 1920x1080
Name: CCTV-12, URL: http://[2409:8087:74F1:0021::0008]:80/270000001322/69900158041111100000002147/1.m3u8, IPv_Type: ipv6, Location: 中国, ISP: 中国移动, Date: None, Delay: 0.1 ms, Speed: inf M/s, Resolution: 1920x1080
Name: CCTV-12, URL: http://[2409:8087:5e00:24::1e]:6060/200000001898/460000089800010205/1.m3u8, IPv_Type: ipv6, Location: 中国, ISP: 中国移动, Date: None, Delay: 0.1 ms, Speed: inf M/s, Resolution: 1920x1080
Name: CCTV-12, URL: http://[2409:8087:5e01:34::21]:6610/ZTE_CMS/00000001000000060000000000000377/index.m3u8?IAS, IPv_Type: ipv6, Location: 中国, ISP: 中国移动, Date: None, Delay: 0.1 ms, Speed: inf M/s, Resolution: 1920x1080
Name: CCTV-12, URL: http://[2409:8087:5e01:34::23]:6610/ZTE_CMS/00000001000000060000000000000377/index.m3u8?IAS, IPv_Type: ipv6, Location: 中国, ISP: 中国移动, Date: None, Delay: 0.1 ms, Speed: inf M/s, Resolution: 1920x1080
Name: CCTV-12, URL: http://[2409:8087:5e01:34::22]:6610/ZTE_CMS/00000001000000060000000000000377/index.m3u8?IAS, IPv_Type: ipv6, Location: 中国, ISP: 中国移动, Date: None, Delay: 0.1 ms, Speed: inf M/s, Resolution: 1920x1080
Name: CCTV-12, URL: http://[2409:8087:5e01:34::20]:6610/ZTE_CMS/00000001000000060000000000000377/index.m3u8?IAS, IPv_Type: ipv6, Location: 中国, ISP: 中国移动, Date: None, Delay: 0.1 ms, Speed: inf M/s, Resolution: 1920x1080
Name: CCTV-12, URL: http://dbiptv.sn.chinamobile.com/PLTV/88888890/224/3221226190/index.m3u8, IPv_Type: ipv6, Location: 中国, ISP: 中国移动, Date: None, Delay: 0.1 ms, Speed: inf M/s, Resolution: 1920x1080
Name: CCTV-12, URL: http://zteres.sn.chinamobile.com:6060/000000001000/5000000011000031107/1.m3u8?channel-id=bestzb&Contentid=5000000011000031107&livemode=1&stbId=3, IPv_Type: ipv6, Location: 中国, ISP: 中国移动, Date: None, Delay: 0.1 ms, Speed: inf M/s, Resolution: 1920x1080
Name: CCTV-12, URL: http://zteres.sn.chinamobile.com:6060/000000001000/1000000005000265012/1.m3u8?channel-id=ystenlive&Contentid=1000000005000265012&livemode=1&stbId=3, IPv_Type: ipv6, Location: 中国, ISP: 中国移动, Date: None, Delay: 0.1 ms, Speed: inf M/s, Resolution: 1920x1080
Name: CCTV-12, URL: http://zteres.sn.chinamobile.com:6060/000000001000/1000000001000001640/1.m3u8?channel-id=ystenlive&Contentid=1000000001000001640&livemode=1&stbId=3, IPv_Type: ipv6, Location: 中国, ISP: 中国移动, Date: None, Delay: 0.1 ms, Speed: inf M/s, Resolution: 1920x1080
Name: CCTV-12, URL: http://zteres.sn.chinamobile.com:6060/000000001000/5000000006000040012/1.m3u8?channel-id=bestzb&Contentid=5000000006000040012&livemode=1&stbId=3, IPv_Type: ipv6, Location: 中国, ISP: 中国移动, Date: None, Delay: 0.1 ms, Speed: inf M/s, Resolution: 1920x1080
Name: CCTV-12, URL: http://[2409:8087:4c0a:22:1::11]:6410/170000001115/UmaiCHAN5000040BESTVSMGSMG/index.m3u8?AuthInfo=9kOOdBn7MFF%2F2bWjKgahUd3JM2PCgDefrKOVZLNt0QMAmpLefguRLiOPXiDRWhxHg8yim2giTBA8RILsb%2B8Y5pkFUyZBE%2FkNJAbwncEegkU, IPv_Type: ipv6, Location: 中国, ISP: 中国移动, Date: None, Delay: 0.1 ms, Speed: inf M/s, Resolution: 1920x1080
Name: CCTV-12, URL: http://[2409:8087:5e01:34::38]:6610/ZTE_CMS/00000001000000060000000000000377/index.m3u8, IPv_Type: ipv6, Location: 中国, ISP: 中国移动, Date: None, Delay: 0.1 ms, Speed: inf M/s, Resolution: 1920x1080
Name: CCTV-12, URL: http://[2409:8087:5e00:24::1f]:6060/ZTE_CMS/00000001000000060000000000000377/index.m3u8, IPv_Type: ipv6, Location: 中国, ISP: 中国移动, Date: None, Delay: 0.1 ms, Speed: inf M/s, Resolution: 1920x1080
Name: CCTV-12, URL: http://[2409:8087:74F1:0021::0008]:80/270000001322/69900158041111100000002147/index.m3u8, IPv_Type: ipv6, Location: 中国, ISP: 中国移动, Date: None, Delay: 0.1 ms, Speed: inf M/s, Resolution: 1920x1080
Name: CCTV-12, URL: http://[2409:8087:74f0:22::4]:6410/270000001128/9900000509/index.m3u8, IPv_Type: ipv6, Location: 中国, ISP: 中国移动, Date: None, Delay: 0.1 ms, Speed: inf M/s, Resolution: 1920x1080
Name: CCTV-12, URL: http://[2409:8087:1a01:df::7005]/ottrrs.hl.chinamobile.com/PLTV/88888888/224/3221226568/index.m3u8, IPv_Type: ipv6, Location: 中国, ISP: 中国移动, Date: None, Delay: 0.1 ms, Speed: inf M/s, Resolution: 1920x1080
Name: CCTV-12, URL: http://[2409:8087:1a01:df::7005]:80/ottrrs.hl.chinamobile.com/PLTV/88888888/224/3221226568/index.m3u8, IPv_Type: ipv6, Location: 中国, ISP: 中国移动, Date: None, Delay: 0.1 ms, Speed: inf M/s, Resolution: 1920x1080
Name: CCTV-12, URL: http://[2409:8087:3869:8021:1001::e5]:6610/PLTV/88888910/224/3221225637/index.m3u8, IPv_Type: ipv6, Location: 中国, ISP: 中国移动, Date: None, Delay: -1 ms, Speed: 0.00 M/s, Resolution: None
Name: CCTV-12, URL: http://[2409:8087:8:21::18]:6610/otttv.bj.chinamobile.com/PLTV/88888888/224/3221226942/1.m3u8, IPv_Type: ipv6, Location: 中国, ISP: 中国移动, Date: None, Delay: -1 ms, Speed: 0.00 M/s, Resolution: None
Name: CCTV-12, URL: http://rrs01.hw.gmcc.net:8088/PLTV/81/224/3221226723/1.m3u8, IPv_Type: ipv6, Location: 中国, ISP: 中国移动, Date: None, Delay: -1 ms, Speed: 0.00 M/s, Resolution: None
Name: CCTV-12, URL: https://cc06.tv12.xyz/13.m3u8, IPv_Type: ipv6, Location: 美国, ISP: CloudFlare Inc., Date: None, Delay: -1 ms, Speed: 0.00 M/s, Resolution: None
Name: CCTV-13, URL: https://event.pull.hebtv.com/jishi/cp1.m3u8, IPv_Type: ipv6, Location: 中国, ISP: 中国电信, Date: None, Delay: 0.1 ms, Speed: inf M/s, Resolution: 1920x1080
Name: CCTV-13, URL: http://ali-m-l.cztv.com/channels/lantian/channel21/1080p.m3u8, IPv_Type: ipv6, Location: 中国-广西-防城港, ISP: 电信, Date: None, Delay: 0.1 ms, Speed: inf M/s, Resolution: 1920x1080
Name: CCTV-13, URL: http://jwplay.hebyun.com.cn/live/cctv13/1500k/tzwj_video.m3u8, IPv_Type: ipv6, Location: 中国, ISP: 中国联通, Date: None, Delay: 0.1 ms, Speed: inf M/s, Resolution: 1920x1080
Name: CCTV-13, URL: https://ldncctvwbcdcnc.v.wscdns.com/ldncctvwbcd/cdrmldcctv13_1/index.m3u8, IPv_Type: ipv6, Location: 中国, ISP: 中国电信, Date: None, Delay: 0.1 ms, Speed: inf M/s, Resolution: 1920x1080
Name: CCTV-13, URL: http://iptv.huuc.edu.cn/hls/cctv13hd.m3u8, IPv_Type: ipv6, Location: 中国, ISP: 教育网, Date: None, Delay: 0.1 ms, Speed: inf M/s, Resolution: 1920x1080
Name: CCTV-13, URL: https://smart.pendy.dpdns.org/Smart.php?id=cctv13, IPv_Type: ipv6, Location: 美国, ISP: CloudFlare Inc., Date: None, Delay: 0.1 ms, Speed: inf M/s, Resolution: 1920x1080
Name: CCTV-13, URL: http://[2409:8087:1a01:df::4077]/ottrrs.hl.chinamobile.com/PLTV/88888888/8/3221226011/index.m3u8, IPv_Type: ipv6, Location: 中国, ISP: 中国移动, Date: None, Delay: 0.1 ms, Speed: inf M/s, Resolution: 1920x1080
Name: CCTV-13, URL: http://[2409:8087:1a01:df::4077]:80/ottrrs.hl.chinamobile.com/PLTV/88888888/8/3221226011/index.m3u8, IPv_Type: ipv6, Location: 中国, ISP: 中国移动, Date: None, Delay: 0.1 ms, Speed: inf M/s, Resolution: 1920x1080
Name: CCTV-13, URL: http://[2409:8087:1a01:df::4077]:80/ottrrs.hl.chinamobile.com/PLTV/88888888/224/3221226011/index.m3u8, IPv_Type: ipv6, Location: 中国, ISP: 中国移动, Date: None, Delay: 0.1 ms, Speed: inf M/s, Resolution: 1920x1080
Name: CCTV-13, URL: http://[2409:8087:8:21::18]:6610/otttv.bj.chinamobile.com/PLTV/88888888/224/3221226316/1.m3u8, IPv_Type: ipv6, Location: 中国, ISP: 中国移动, Date: None, Delay: 0.1 ms, Speed: inf M/s, Resolution: 1920x1080
Name: CCTV-13, URL: http://[2409:8087:8:21::18]:6610/otttv.bj.chinamobile.com/PLTV/88888888/224/3221226339/1.m3u8, IPv_Type: ipv6, Location: 中国, ISP: 中国移动, Date: None, Delay: 0.1 ms, Speed: inf M/s, Resolution: 1920x1080
Name: CCTV-13, URL: http://[2409:8087:8:21::18]:6610/otttv.bj.chinamobile.com/PLTV/88888888/224/3221226446/1.m3u8, IPv_Type: ipv6, Location: 中国, ISP: 中国移动, Date: None, Delay: 0.1 ms, Speed: inf M/s, Resolution: 1920x1080
Name: CCTV-13, URL: http://[2409:8087:1a0a:df::404b]/ottrrs.hl.chinamobile.com/TVOD/88888888/224/3221226011/index.m3u8, IPv_Type: ipv6, Location: 中国, ISP: 中国移动, Date: None, Delay: 0.1 ms, Speed: inf M/s, Resolution: 1920x1080
Name: CCTV-13, URL: http://yc.myds.me:35455/gaoma/cctv13.m3u8, IPv_Type: ipv6, Location: 中国, ISP: 中国电信, Date: None, Delay: 0.1 ms, Speed: inf M/s, Resolution: 1920x1080
Name: CCTV-13, URL: http://iptv.cdn.ha.chinamobile.com/PLTV/88888888/224/3221227266/index.m3u8, IPv_Type: ipv6, Location: 中国, ISP: 中国移动, Date: None, Delay: 0.1 ms, Speed: inf M/s, Resolution: 1920x1080
Name: CCTV-13, URL: http://[2409:8087:5e01:34::22]:6610/ZTE_CMS/00000001000000060000000000000516/index.m3u8?IAS, IPv_Type: ipv6, Location: 中国, ISP: 中国移动, Date: None, Delay: 0.1 ms, Speed: inf M/s, Resolution: 1920x1080
Name: CCTV-13, URL: http://[2409:8087:5e01:34::20]:6610/ZTE_CMS/00000001000000060000000000000516/index.m3u8?IAS, IPv_Type: ipv6, Location: 中国, ISP: 中国移动, Date: None, Delay: 0.1 ms, Speed: inf M/s, Resolution: 1920x1080
Name: CCTV-13, URL: http://[2409:8087:5e01:34::21]:6610/ZTE_CMS/00000001000000060000000000000516/index.m3u8?IAS, IPv_Type: ipv6, Location: 中国, ISP: 中国移动, Date: None, Delay: 0.1 ms, Speed: inf M/s, Resolution: 1920x1080
Name: CCTV-13, URL: http://dbiptv.sn.chinamobile.com/PLTV/88888890/224/3221226233/index.m3u8, IPv_Type: ipv6, Location: 中国, ISP: 中国移动, Date: None, Delay: 0.1 ms, Speed: inf M/s, Resolution: 1920x1080
Name: CCTV-13, URL: http://zteres.sn.chinamobile.com:6060/000000001000/5000000011000031108/1.m3u8?channel-id=bestzb&Contentid=5000000011000031108&livemode=1&stbId=3, IPv_Type: ipv6, Location: 中国, ISP: 中国移动, Date: None, Delay: 0.1 ms, Speed: inf M/s, Resolution: 1920x1080
Name: CCTV-13, URL: http://zteres.sn.chinamobile.com:6060/000000001000/5000000005000001827/1.m3u8?channel-id=bestzb&Contentid=5000000005000001827&livemode=1&stbId=3, IPv_Type: ipv6, Location: 中国, ISP: 中国移动, Date: None, Delay: 0.1 ms, Speed: inf M/s, Resolution: 1920x1080
Name: CCTV-13, URL: http://zteres.sn.chinamobile.com:6060/000000001000/1000000002000021303/1.m3u8?channel-id=ystenlive&Contentid=1000000002000021303&livemode=1&stbId=3, IPv_Type: ipv6, Location: 中国, ISP: 中国移动, Date: None, Delay: 0.1 ms, Speed: inf M/s, Resolution: 1920x1080
Name: CCTV-13, URL: http://[2409:8087:4c0a:22:1::11]:6410/170000001115/UmaiCHAN6000054BESTVSMGSMG/index.m3u8?AuthInfo=9kOOdBn7MFF%2F2bWjKgahUTWDyIgRkFJBAHMhA2ayG0SuXozn3alq9%2BUx7ZLG1w9awc14iEUxQ5VsTsr5pEBsmF56tXUfsukRUpygmTCKvAI, IPv_Type: ipv6, Location: 中国, ISP: 中国移动, Date: None, Delay: 0.1 ms, Speed: inf M/s, Resolution: 1920x1080
Name: CCTV-13, URL: http://[2409:8087:5e01:34::38]:6610/ZTE_CMS/00000001000000060000000000000516/index.m3u8, IPv_Type: ipv6, Location: 中国, ISP: 中国移动, Date: None, Delay: 0.1 ms, Speed: inf M/s, Resolution: 1920x1080
Name: CCTV-13, URL: http://[2409:8087:5e01:34::23]:6610/ZTE_CMS/00000001000000060000000000000516/index.m3u8?IAS, IPv_Type: ipv6, Location: 中国, ISP: 中国移动, Date: None, Delay: 0.1 ms, Speed: inf M/s, Resolution: 1920x1080
Name: CCTV-13, URL: http://[2409:8087:5e01:34::22]:6610/ZTE_CMS/00000001000000060000000000000516/index.m3u8?key=tvbox6_com, IPv_Type: ipv6, Location: 中国, ISP: 中国移动, Date: None, Delay: 0.1 ms, Speed: inf M/s, Resolution: 1920x1080
Name: CCTV-13, URL: http://[2409:8087:74f0:22::4]:6410/270000001128/9900000510/index.m3u8, IPv_Type: ipv6, Location: 中国, ISP: 中国移动, Date: None, Delay: 0.1 ms, Speed: inf M/s, Resolution: 1920x1080
Name: CCTV-13, URL: http://[2409:8087:1a01:df::7005]/ottrrs.hl.chinamobile.com/PLTV/88888888/224/3221226537/index.m3u8, IPv_Type: ipv6, Location: 中国, ISP: 中国移动, Date: None, Delay: 0.1 ms, Speed: inf M/s, Resolution: 1920x1080
Name: CCTV-13, URL: http://[2409:8087:1a01:df::7005]:80/ottrrs.hl.chinamobile.com/PLTV/88888888/224/3221226537/index.m3u8, IPv_Type: ipv6, Location: 中国, ISP: 中国移动, Date: None, Delay: 0.1 ms, Speed: inf M/s, Resolution: 1920x1080
Name: CCTV-13, URL: http://[2409:8087:3869:8021:1001::e5]:6610/PLTV/88888910/224/3221225638/index.m3u8, IPv_Type: ipv6, Location: 中国, ISP: 中国移动, Date: None, Delay: -1 ms, Speed: 0.00 M/s, Resolution: None
Name: CCTV-13, URL: http://rrs01.hw.gmcc.net:8088/PLTV/81/224/3221226717/1.m3u8, IPv_Type: ipv6, Location: 中国, ISP: 中国移动, Date: None, Delay: -1 ms, Speed: 0.00 M/s, Resolution: None
Name: CCTV-13, URL: https://cc06.tv12.xyz/14.m3u8, IPv_Type: ipv6, Location: 美国, ISP: CloudFlare Inc., Date: None, Delay: -1 ms, Speed: 0.00 M/s, Resolution: None
Name: CCTV-13, URL: https://cdn3.163189.xyz/163189/cctv13, IPv_Type: ipv6, Location: 美国, ISP: CloudFlare Inc., Date: None, Delay: -1 ms, Speed: 0.00 M/s, Resolution: None
Name: CCTV-14, URL: http://php.jdshipin.com/TVOD/hljyd.php?id=3221225732, IPv_Type: ipv6, Location: 美国, ISP: CloudFlare Inc., Date: None, Delay: 0.1 ms, Speed: inf M/s, Resolution: 1920x1080
Name: CCTV-14, URL: http://iptv.huuc.edu.cn/hls/cctv14hd.m3u8, IPv_Type: ipv6, Location: 中国, ISP: 教育网, Date: None, Delay: 0.1 ms, Speed: inf M/s, Resolution: 1920x1080
Name: CCTV-14, URL: https://event.pull.hebtv.com/jishi/cp2.m3u8, IPv_Type: ipv6, Location: 中国, ISP: 中国电信, Date: None, Delay: 0.1 ms, Speed: inf M/s, Resolution: 1920x1080
Name: CCTV-14, URL: https://smart.pendy.dpdns.org/Smart.php?id=cctv14, IPv_Type: ipv6, Location: 美国, ISP: CloudFlare Inc., Date: None, Delay: 0.1 ms, Speed: inf M/s, Resolution: 1920x1080
Name: CCTV-14, URL: http://[2409:8087:1a01:df::4077]/ottrrs.hl.chinamobile.com/PLTV/88888888/8/3221225732/index.m3u8, IPv_Type: ipv6, Location: 中国, ISP: 中国移动, Date: None, Delay: 0.1 ms, Speed: inf M/s, Resolution: 1920x1080
Name: CCTV-14, URL: http://[2409:8087:1a01:df::4077]:80/ottrrs.hl.chinamobile.com/PLTV/88888888/8/3221225732/index.m3u8, IPv_Type: ipv6, Location: 中国, ISP: 中国移动, Date: None, Delay: 0.1 ms, Speed: inf M/s, Resolution: 1920x1080
Name: CCTV-14, URL: http://[2409:8087:1a01:df::4077]/ottrrs.hl.chinamobile.com/yinhe/88888888/224/3221225732/index.m3u8, IPv_Type: ipv6, Location: 中国, ISP: 中国移动, Date: None, Delay: 0.1 ms, Speed: inf M/s, Resolution: 1920x1080
Name: CCTV-14, URL: http://[2409:8087:8:21::18]:6610/otttv.bj.chinamobile.com/PLTV/88888888/224/3221226229/1.m3u8, IPv_Type: ipv6, Location: 中国, ISP: 中国移动, Date: None, Delay: 0.1 ms, Speed: inf M/s, Resolution: 1920x1080
Name: CCTV-14, URL: http://[2409:8087:8:21::18]:6610/otttv.bj.chinamobile.com/PLTV/88888888/224/3221226445/1.m3u8, IPv_Type: ipv6, Location: 中国, ISP: 中国移动, Date: None, Delay: 0.1 ms, Speed: inf M/s, Resolution: 1920x1080
Name: CCTV-14, URL: http://[2409:8087:1a0a:df::404b]/ottrrs.hl.chinamobile.com/TVOD/88888888/224/3221225732/index.m3u8, IPv_Type: ipv6, Location: 中国, ISP: 中国移动, Date: None, Delay: 0.1 ms, Speed: inf M/s, Resolution: 1920x1080
Name: CCTV-14, URL: http://yc.myds.me:35455/gaoma/cctv14.m3u8, IPv_Type: ipv6, Location: 中国, ISP: 中国电信, Date: None, Delay: 0.1 ms, Speed: inf M/s, Resolution: 1920x1080
Name: CCTV-14, URL: http://yc.myds.me:35455/itv/5000000004000006673.m3u8?cdn=bestzb, IPv_Type: ipv6, Location: 中国, ISP: 中国电信, Date: None, Delay: 0.1 ms, Speed: inf M/s, Resolution: 1920x1080
Name: CCTV-14, URL: http://yc.myds.me:35455/itv/1000000005000265013.m3u8?cdn=ystenlive, IPv_Type: ipv6, Location: 中国, ISP: 中国电信, Date: None, Delay: 0.1 ms, Speed: inf M/s, Resolution: 1920x1080
Name: CCTV-14, URL: http://nas.suntao.online:35455/itv/1000000005000265013.m3u8?cdn=ystenlive, IPv_Type: ipv6, Location: 中国, ISP: 中国联通, Date: None, Delay: 0.1 ms, Speed: inf M/s, Resolution: 1920x1080
Name: CCTV-14, URL: http://iptv.cdn.ha.chinamobile.com/PLTV/88888888/224/3221227173/index.m3u8, IPv_Type: ipv6, Location: 中国, ISP: 中国移动, Date: None, Delay: 0.1 ms, Speed: inf M/s, Resolution: 1920x1080
Name: CCTV-14, URL: http://hwrr.jx.chinamobile.com:8080/PLTV/88888888/224/3221225640/index.m3u8, IPv_Type: ipv6, Location: 中国, ISP: 中国移动, Date: None, Delay: 0.1 ms, Speed: inf M/s, Resolution: 1920x1080
Name: CCTV-14, URL: http://lu.wqwqwq.sbs/itv/1000000005000265013.m3u8?cdn=ystenlive, IPv_Type: ipv6, Location: 美国, ISP: CloudFlare Inc., Date: None, Delay: 0.1 ms, Speed: inf M/s, Resolution: 1920x1080
Name: CCTV-14, URL: http://[2409:8087:5e01:34::23]:6610/ZTE_CMS/00000001000000060000000000000378/index.m3u8?IAS, IPv_Type: ipv6, Location: 中国, ISP: 中国移动, Date: None, Delay: 0.1 ms, Speed: inf M/s, Resolution: 1920x1080
Name: CCTV-14, URL: http://[2409:8087:5e01:34::21]:6610/ZTE_CMS/00000001000000060000000000000378/index.m3u8?IAS, IPv_Type: ipv6, Location: 中国, ISP: 中国移动, Date: None, Delay: 0.1 ms, Speed: inf M/s, Resolution: 1920x1080
Name: CCTV-14, URL: http://[2409:8087:5e01:34::20]:6610/ZTE_CMS/00000001000000060000000000000378/index.m3u8?IAS, IPv_Type: ipv6, Location: 中国, ISP: 中国移动, Date: None, Delay: 0.1 ms, Speed: inf M/s, Resolution: 1920x1080
Name: CCTV-14, URL: http://dbiptv.sn.chinamobile.com/PLTV/88888890/224/3221226193/index.m3u8, IPv_Type: ipv6, Location: 中国, ISP: 中国移动, Date: None, Delay: 0.1 ms, Speed: inf M/s, Resolution: 1920x1080
Name: CCTV-14, URL: http://zteres.sn.chinamobile.com:6060/000000001000/5000000004000006673/1.m3u8?channel-id=bestzb&Contentid=5000000004000006673&livemode=1&stbId=3, IPv_Type: ipv6, Location: 中国, ISP: 中国移动, Date: None, Delay: 0.1 ms, Speed: inf M/s, Resolution: 1920x1080
Name: CCTV-14, URL: http://zteres.sn.chinamobile.com:6060/000000001000/6000000001000013647/1.m3u8?channel-id=wasusyt&Contentid=6000000001000013647&livemode=1&stbId=3, IPv_Type: ipv6, Location: 中国, ISP: 中国移动, Date: None, Delay: 0.1 ms, Speed: inf M/s, Resolution: 1920x1080
Name: CCTV-14, URL: http://zteres.sn.chinamobile.com:6060/000000001000/1000000001000008170/1.m3u8?channel-id=ystenlive&Contentid=1000000001000008170&livemode=1&stbId=3, IPv_Type: ipv6, Location: 中国, ISP: 中国移动, Date: None, Delay: 0.1 ms, Speed: inf M/s, Resolution: 1920x1080
Name: CCTV-14, URL: http://zteres.sn.chinamobile.com:6060/000000001000/1000000005000265013/1.m3u8?channel-id=ystenlive&Contentid=1000000005000265013&livemode=1&stbId=3, IPv_Type: ipv6, Location: 中国, ISP: 中国移动, Date: None, Delay: 0.1 ms, Speed: inf M/s, Resolution: 1920x1080
Name: CCTV-14, URL: http://zteres.sn.chinamobile.com:6060/000000001000/5000000010000023358/1.m3u8?channel-id=bestzb&Contentid=5000000010000023358&livemode=1&stbId=3, IPv_Type: ipv6, Location: 中国, ISP: 中国移动, Date: None, Delay: 0.1 ms, Speed: inf M/s, Resolution: 1920x1080
Name: CCTV-14, URL: http://zteres.sn.chinamobile.com:6060/000000001000/1000000001000021349/1.m3u8?channel-id=ystenlive&Contentid=1000000001000021349&livemode=1&stbId=3, IPv_Type: ipv6, Location: 中国, ISP: 中国移动, Date: None, Delay: 0.1 ms, Speed: inf M/s, Resolution: 1920x1080
Name: CCTV-14, URL: http://[2409:8087:4c0a:22:1::11]:6410/170000001115/UmaiCHAN3949788BESTVSMGSMG/index.m3u8?AuthInfo=9kOOdBn7MFF%2F2bWjKgahUXt3TPFwzzdHCkOT9AjSv5PYKFve4MwNzRa0jPXeHjqnp7khdLaCMP6L4QpTf84Oz6DvCG1%2BJ81QvStkxO%2FoGm8, IPv_Type: ipv6, Location: 中国, ISP: 中国移动, Date: None, Delay: 0.1 ms, Speed: inf M/s, Resolution: 1920x1080
Name: CCTV-14, URL: http://[2409:8087:5e01:34::38]:6610/ZTE_CMS/00000001000000060000000000000378/index.m3u8, IPv_Type: ipv6, Location: 中国, ISP: 中国移动, Date: None, Delay: 0.1 ms, Speed: inf M/s, Resolution: 1920x1080
Name: CCTV-14, URL: http://[2409:8087:5e01:34::22]:6610/ZTE_CMS/00000001000000060000000000000378/index.m3u8?IAS, IPv_Type: ipv6, Location: 中国, ISP: 中国移动, Date: None, Delay: 0.1 ms, Speed: inf M/s, Resolution: 1920x1080
Name: CCTV-14, URL: http://[2409:8087:5e01:34::23]:6610/ZTE_CMS/00000001000000060000000000000378/index.m3u8?key=tvbox6_com, IPv_Type: ipv6, Location: 中国, ISP: 中国移动, Date: None, Delay: 0.1 ms, Speed: inf M/s, Resolution: 1920x1080
Name: CCTV-14, URL: http://[2409:8087:74f0:22::4]:6410/270000001128/9900000511/index.m3u8, IPv_Type: ipv6, Location: 中国, ISP: 中国移动, Date: None, Delay: 0.1 ms, Speed: inf M/s, Resolution: 1920x1080
Name: CCTV-14, URL: http://[2409:8087:1a01:df::7005]/ottrrs.hl.chinamobile.com/PLTV/88888888/224/3221226591/index.m3u8, IPv_Type: ipv6, Location: 中国, ISP: 中国移动, Date: None, Delay: 0.1 ms, Speed: inf M/s, Resolution: 1920x1080
Name: CCTV-14, URL: http://[2409:8087:1a01:df::7005]:80/ottrrs.hl.chinamobile.com/PLTV/88888888/224/3221226591/index.m3u8, IPv_Type: ipv6, Location: 中国, ISP: 中国移动, Date: None, Delay: 0.1 ms, Speed: inf M/s, Resolution: 1920x1080
Name: CCTV-14, URL: http://[2409:8087:3869:8021:1001::e5]:6610/PLTV/88888910/224/3221225640/index.m3u8, IPv_Type: ipv6, Location: 中国, ISP: 中国移动, Date: None, Delay: -1 ms, Speed: 0.00 M/s, Resolution: None
Name: CCTV-14, URL: http://[2409:8087:3869:8021:1001::e5]:6610/PLTV/88888888/224/3221225640/2/index.m3u8, IPv_Type: ipv6, Location: 中国, ISP: 中国移动, Date: None, Delay: -1 ms, Speed: 0.00 M/s, Resolution: None
Name: CCTV-14, URL: http://[2409:8087:8:21::18]:6610/otttv.bj.chinamobile.com/PLTV/88888888/224/3221226947/1.m3u8, IPv_Type: ipv6, Location: 中国, ISP: 中国移动, Date: None, Delay: -1 ms, Speed: 0.00 M/s, Resolution: None
Name: CCTV-14, URL: http://rrs01.hw.gmcc.net:8088/PLTV/81/224/3221226645/1.m3u8, IPv_Type: ipv6, Location: 中国, ISP: 中国移动, Date: None, Delay: -1 ms, Speed: 0.00 M/s, Resolution: None
Name: CCTV-14, URL: http://[2409:8087:1a01:df::4033]:80/TVOD/88888888/224/3221226127/main.m3u8, IPv_Type: ipv6, Location: 中国, ISP: 中国移动, Date: None, Delay: -1 ms, Speed: 0.00 M/s, Resolution: None
Name: CCTV-14, URL: https://cc06.tv12.xyz/15.m3u8, IPv_Type: ipv6, Location: 美国, ISP: CloudFlare Inc., Date: None, Delay: -1 ms, Speed: 0.00 M/s, Resolution: None
Name: CCTV-15, URL: http://hwrr.jx.chinamobile.com:8080/PLTV/88888888/224/3221225641/index.m3u8, IPv_Type: ipv6, Location: 中国, ISP: 中国移动, Date: None, Delay: 0.1 ms, Speed: inf M/s, Resolution: 1920x1080
Name: CCTV-15, URL: https://smart.pendy.dpdns.org/Smart.php?id=cctv15, IPv_Type: ipv6, Location: 美国, ISP: CloudFlare Inc., Date: None, Delay: 0.1 ms, Speed: inf M/s, Resolution: 1920x1080
Name: CCTV-15, URL: http://[2409:8087:1a01:df::4033]:80/TVOD/88888888/224/3221226127/main.m3u8, IPv_Type: ipv6, Location: 中国, ISP: 中国移动, Date: None, Delay: 0.1 ms, Speed: inf M/s, Resolution: 1920x1080
Name: CCTV-15, URL: http://[2409:8087:1a0a:df::404b]/ottrrs.hl.chinamobile.com/TVOD/88888888/224/3221225601/index.m3u8, IPv_Type: ipv6, Location: 中国, ISP: 中国移动, Date: None, Delay: 0.1 ms, Speed: inf M/s, Resolution: 1920x1080
Name: CCTV-15, URL: http://[2409:8087:1a01:df::4077]/ottrrs.hl.chinamobile.com/PLTV/88888888/8/3221225601/index.m3u8, IPv_Type: ipv6, Location: 中国, ISP: 中国移动, Date: None, Delay: 0.1 ms, Speed: inf M/s, Resolution: 1920x1080
Name: CCTV-15, URL: http://[2409:8087:1a01:df::4077]:80/ottrrs.hl.chinamobile.com/PLTV/88888888/8/3221225601/index.m3u8, IPv_Type: ipv6, Location: 中国, ISP: 中国移动, Date: None, Delay: 0.1 ms, Speed: inf M/s, Resolution: 1920x1080
Name: CCTV-15, URL: http://[2409:8087:1a01:df::4077]:80/ottrrs.hl.chinamobile.com/PLTV/88888888/224/3221225601/index.m3u8, IPv_Type: ipv6, Location: 中国, ISP: 中国移动, Date: None, Delay: 0.1 ms, Speed: inf M/s, Resolution: 1920x1080
Name: CCTV-15, URL: http://[2409:8087:8:21::18]:6610/otttv.bj.chinamobile.com/PLTV/88888888/224/3221226333/1.m3u8, IPv_Type: ipv6, Location: 中国, ISP: 中国移动, Date: None, Delay: 0.1 ms, Speed: inf M/s, Resolution: 1920x1080
Name: CCTV-15, URL: http://[2409:8087:8:21::18]:6610/otttv.bj.chinamobile.com/PLTV/88888888/224/3221226444/1.m3u8, IPv_Type: ipv6, Location: 中国, ISP: 中国移动, Date: None, Delay: 0.1 ms, Speed: inf M/s, Resolution: 1920x1080
Name: CCTV-15, URL: http://[2409:8087:1a01:df::4077]:80/ottrrs.hl.chinamobile.com/yinhe/88888888/224/3221225601/index.m3u8, IPv_Type: ipv6, Location: 中国, ISP: 中国移动, Date: None, Delay: 0.1 ms, Speed: inf M/s, Resolution: 1920x1080
Name: CCTV-15, URL: http://iptv.cdn.ha.chinamobile.com/PLTV/88888888/224/3221227175/index.m3u8, IPv_Type: ipv6, Location: 中国, ISP: 中国移动, Date: None, Delay: 0.1 ms, Speed: inf M/s, Resolution: 1920x1080
Name: CCTV-15, URL: http://[2409:8087:1a01:df::4077]/ottrrs.hl.chinamobile.com/PLTV/88888888/224/3221225601/index.m3u8, IPv_Type: ipv6, Location: 中国, ISP: 中国移动, Date: None, Delay: 0.1 ms, Speed: inf M/s, Resolution: 1920x1080
Name: CCTV-15, URL: http://yc.myds.me:35455/gaoma/cctv15.m3u8, IPv_Type: ipv6, Location: 中国, ISP: 中国电信, Date: None, Delay: 0.1 ms, Speed: inf M/s, Resolution: 1920x1080
Name: CCTV-15, URL: http://yc.myds.me:35455/itv/5000000011000031109.m3u8?cdn=bestzb, IPv_Type: ipv6, Location: 中国, ISP: 中国电信, Date: None, Delay: 0.1 ms, Speed: inf M/s, Resolution: 1920x1080
Name: CCTV-15, URL: http://lu.wqwqwq.sbs/itv/1000000005000265014.m3u8?cdn=ystenlive, IPv_Type: ipv6, Location: 美国, ISP: CloudFlare Inc., Date: None, Delay: 0.1 ms, Speed: inf M/s, Resolution: 1920x1080
Name: CCTV-15, URL: http://[2409:8087:5e00:24::1e]:6060/200000001898/460000089800010094/1.m3u8, IPv_Type: ipv6, Location: 中国, ISP: 中国移动, Date: None, Delay: 0.1 ms, Speed: inf M/s, Resolution: 1920x1080
Name: CCTV-15, URL: http://[2409:8087:5e01:34::20]:6610/ZTE_CMS/00000001000000060000000000000501/index.m3u8?IAS, IPv_Type: ipv6, Location: 中国, ISP: 中国移动, Date: None, Delay: 0.1 ms, Speed: inf M/s, Resolution: 1920x1080
Name: CCTV-15, URL: http://dbiptv.sn.chinamobile.com/PLTV/88888890/224/3221225785/index.m3u8, IPv_Type: ipv6, Location: 中国, ISP: 中国移动, Date: None, Delay: 0.1 ms, Speed: inf M/s, Resolution: 1920x1080
Name: CCTV-15, URL: http://[2409:8087:1a01:df::4077]/ottrrs.hl.chinamobile.com/yinhe/88888888/224/3221225601/index.m3u8, IPv_Type: ipv6, Location: 中国, ISP: 中国移动, Date: None, Delay: 0.1 ms, Speed: inf M/s, Resolution: 1920x1080
Name: CCTV-15, URL: http://zteres.sn.chinamobile.com:6060/000000001000/5000000011000031109/1.m3u8?channel-id=bestzb&Contentid=5000000011000031109&livemode=1&stbId=3, IPv_Type: ipv6, Location: 中国, ISP: 中国移动, Date: None, Delay: 0.1 ms, Speed: inf M/s, Resolution: 1920x1080
Name: CCTV-15, URL: http://zteres.sn.chinamobile.com:6060/000000001000/1000000005000265014/1.m3u8?channel-id=ystenlive&Contentid=1000000005000265014&livemode=1&stbId=3, IPv_Type: ipv6, Location: 中国, ISP: 中国移动, Date: None, Delay: 0.1 ms, Speed: inf M/s, Resolution: 1920x1080
Name: CCTV-15, URL: http://zteres.sn.chinamobile.com:6060/000000001000/1000000002000008163/1.m3u8?channel-id=ystenlive&Contentid=1000000002000008163&livemode=1&stbId=3, IPv_Type: ipv6, Location: 中国, ISP: 中国移动, Date: None, Delay: 0.1 ms, Speed: inf M/s, Resolution: 1920x1080
Name: CCTV-15, URL: http://zteres.sn.chinamobile.com:6060/000000001000/5000000005000018417/1.m3u8?channel-id=bestzb&Contentid=5000000005000018417&livemode=1&stbId=3, IPv_Type: ipv6, Location: 中国, ISP: 中国移动, Date: None, Delay: 0.1 ms, Speed: inf M/s, Resolution: 1920x1080
Name: CCTV-15, URL: http://[2409:8087:4c0a:22:1::11]:6410/170000001115/UmaiCHAN6000055BESTVSMGSMG/index.m3u8?AuthInfo=9kOOdBn7MFF%2F2bWjKgahUTWDyIgRkFJBAHMhA2ayG0Tdo%2FUL80msfbhDYvoWpNl31Dy7jHvMl%2FzVUrNxhL1ek1YEGVDZ7lCg0LtKJY4Ku%2B8, IPv_Type: ipv6, Location: 中国, ISP: 中国移动, Date: None, Delay: 0.1 ms, Speed: inf M/s, Resolution: 1920x1080
Name: CCTV-15, URL: http://[2409:8087:5e01:34::38]:6610/ZTE_CMS/00000001000000060000000000000501/index.m3u8, IPv_Type: ipv6, Location: 中国, ISP: 中国移动, Date: None, Delay: 0.1 ms, Speed: inf M/s, Resolution: 1920x1080
Name: CCTV-15, URL: http://[2409:8087:5e01:34::23]:6610/ZTE_CMS/00000001000000060000000000000501/index.m3u8?IAS, IPv_Type: ipv6, Location: 中国, ISP: 中国移动, Date: None, Delay: 0.1 ms, Speed: inf M/s, Resolution: 1920x1080
Name: CCTV-15, URL: http://[2409:8087:5e01:34::21]:6610/ZTE_CMS/00000001000000060000000000000501/index.m3u8?IAS, IPv_Type: ipv6, Location: 中国, ISP: 中国移动, Date: None, Delay: 0.1 ms, Speed: inf M/s, Resolution: 1920x1080
Name: CCTV-15, URL: http://[2409:8087:5e01:34::22]:6610/ZTE_CMS/00000001000000060000000000000501/index.m3u8?IAS, IPv_Type: ipv6, Location: 中国, ISP: 中国移动, Date: None, Delay: 0.1 ms, Speed: inf M/s, Resolution: 1920x1080
Name: CCTV-15, URL: http://[2409:8087:5e01:34::20]:6610/ZTE_CMS/00000001000000060000000000000501/index.m3u8?key=tvbox6_com, IPv_Type: ipv6, Location: 中国, ISP: 中国移动, Date: None, Delay: 0.1 ms, Speed: inf M/s, Resolution: 1920x1080
Name: CCTV-15, URL: http://[2409:8087:74f0:22::4]:6410/270000001128/9900000512/index.m3u8, IPv_Type: ipv6, Location: 中国, ISP: 中国移动, Date: None, Delay: 0.1 ms, Speed: inf M/s, Resolution: 1920x1080
Name: CCTV-15, URL: http://[2409:8087:1a01:df::7005]/ottrrs.hl.chinamobile.com/PLTV/88888888/224/3221226476/index.m3u8, IPv_Type: ipv6, Location: 中国, ISP: 中国移动, Date: None, Delay: 0.1 ms, Speed: inf M/s, Resolution: 1920x1080
Name: CCTV-15, URL: http://[2409:8087:1a01:df::7005]:80/ottrrs.hl.chinamobile.com/PLTV/88888888/224/3221226476/index.m3u8, IPv_Type: ipv6, Location: 中国, ISP: 中国移动, Date: None, Delay: 0.1 ms, Speed: inf M/s, Resolution: 1920x1080
Name: CCTV-15, URL: http://[2409:8087:3869:8021:1001::e5]:6610/PLTV/88888910/224/3221225641/index.m3u8, IPv_Type: ipv6, Location: 中国, ISP: 中国移动, Date: None, Delay: -1 ms, Speed: 0.00 M/s, Resolution: None
Name: CCTV-15, URL: http://rrs01.hw.gmcc.net:8088/PLTV/81/224/3221226648/1.m3u8, IPv_Type: ipv6, Location: 中国, ISP: 中国移动, Date: None, Delay: -1 ms, Speed: 0.00 M/s, Resolution: None
Name: CCTV-15, URL: https://cc06.tv12.xyz/16.m3u8, IPv_Type: ipv6, Location: 美国, ISP: CloudFlare Inc., Date: None, Delay: -1 ms, Speed: 0.00 M/s, Resolution: None
Name: CCTV-16, URL: http://php.jdshipin.com/TVOD/hljyd.php?id=3221226100, IPv_Type: ipv6, Location: 美国, ISP: CloudFlare Inc., Date: None, Delay: 0.1 ms, Speed: inf M/s, Resolution: 1920x1080
Name: CCTV-16, URL: http://livetv.wqwqwq.sbs/gaoma/cctv4k16.m3u8, IPv_Type: ipv6, Location: 美国, ISP: CloudFlare Inc., Date: None, Delay: 0.1 ms, Speed: inf M/s, Resolution: 1920x1080
Name: CCTV-16, URL: http://[2409:8087:1a01:df::4077]/ottrrs.hl.chinamobile.com/PLTV/88888888/8/3221226100/index.m3u8, IPv_Type: ipv6, Location: 中国, ISP: 中国移动, Date: None, Delay: 0.1 ms, Speed: inf M/s, Resolution: 1920x1080
Name: CCTV-16, URL: http://[2409:8087:1a01:df::4077]/ottrrs.hl.chinamobile.com/yinhe/88888888/224/3221226100/index.m3u8, IPv_Type: ipv6, Location: 中国, ISP: 中国移动, Date: None, Delay: 0.1 ms, Speed: inf M/s, Resolution: 1920x1080
Name: CCTV-16, URL: http://[2409:8087:1a01:df::4077]:80/ottrrs.hl.chinamobile.com/PLTV/88888888/224/3221226100/index.m3u8, IPv_Type: ipv6, Location: 中国, ISP: 中国移动, Date: None, Delay: 0.1 ms, Speed: inf M/s, Resolution: 1920x1080
Name: CCTV-16, URL: http://[2409:8087:1a01:df::4077]:80/ottrrs.hl.chinamobile.com/PLTV/88888888/8/3221226100/index.m3u8, IPv_Type: ipv6, Location: 中国, ISP: 中国移动, Date: None, Delay: 0.1 ms, Speed: inf M/s, Resolution: 1920x1080
Name: CCTV-16, URL: http://[2409:8087:8:21::18]:6610/otttv.bj.chinamobile.com/PLTV/88888888/224/3221226887/1.m3u8, IPv_Type: ipv6, Location: 中国, ISP: 中国移动, Date: None, Delay: 0.1 ms, Speed: inf M/s, Resolution: 1920x1080
Name: CCTV-16, URL: http://[2409:8087:8:21::18]:6610/otttv.bj.chinamobile.com/PLTV/88888888/224/3221226888/1.m3u8, IPv_Type: ipv6, Location: 中国, ISP: 中国移动, Date: None, Delay: 0.1 ms, Speed: inf M/s, Resolution: 1920x1080
Name: CCTV-16, URL: http://[2409:8087:1a0a:df::404b]/ottrrs.hl.chinamobile.com/TVOD/88888888/224/3221226100/index.m3u8, IPv_Type: ipv6, Location: 中国, ISP: 中国移动, Date: None, Delay: 0.1 ms, Speed: inf M/s, Resolution: 1920x1080
Name: CCTV-16, URL: http://[2409:8087:74f0:22::4]:6410/270000001128/9900000016/index.m3u8, IPv_Type: ipv6, Location: 中国, ISP: 中国移动, Date: None, Delay: 0.1 ms, Speed: inf M/s, Resolution: 1920x1080
Name: CCTV-16, URL: http://yc.myds.me:35455/gaoma/cctv16.m3u8, IPv_Type: ipv6, Location: 中国, ISP: 中国电信, Date: None, Delay: 0.1 ms, Speed: inf M/s, Resolution: 1920x1080
Name: CCTV-16, URL: http://hwrr.jx.chinamobile.com:8080/PLTV/88888888/224/3221226233/index.m3u8, IPv_Type: ipv6, Location: 中国, ISP: 中国移动, Date: None, Delay: 0.1 ms, Speed: inf M/s, Resolution: 1920x1080
Name: CCTV-16, URL: http://hwrr.jx.chinamobile.com:8080/PLTV/88888888/224/3221226236/index.m3u8?fmt=ts2hls, IPv_Type: ipv6, Location: 中国, ISP: 中国移动, Date: None, Delay: 0.1 ms, Speed: inf M/s, Resolution: 1920x1080
Name: CCTV-16, URL: http://dbiptv.sn.chinamobile.com/PLTV/88888890/224/3221226921/index.m3u8, IPv_Type: ipv6, Location: 中国, ISP: 中国移动, Date: None, Delay: 0.1 ms, Speed: inf M/s, Resolution: 1920x1080
Name: CCTV-16, URL: http://hwrr.jx.chinamobile.com:8080/PLTV/88888888/224/3221226232/index.m3u8?fmt=ts2hls, IPv_Type: ipv6, Location: 中国, ISP: 中国移动, Date: None, Delay: 0.1 ms, Speed: inf M/s, Resolution: 1920x1080
Name: CCTV-16, URL: https://yunmei.tv/main/cctv-16.m3u8, IPv_Type: ipv6, Location: 美国, ISP: CloudFlare Inc., Date: None, Delay: 0.1 ms, Speed: inf M/s, Resolution: 1920x1080
Name: CCTV-16, URL: http://php.jdshipin.com:8880/bst2.php?id=cctv16hd4k/15000000, IPv_Type: ipv6, Location: 美国, ISP: CloudFlare Inc., Date: None, Delay: 0.1 ms, Speed: inf M/s, Resolution: 1920x1080
Name: CCTV-16, URL: http://lu.wqwqwq.sbs/itv/1000000006000233002.m3u8?cdn=ystenlive, IPv_Type: ipv6, Location: 美国, ISP: CloudFlare Inc., Date: None, Delay: 0.1 ms, Speed: inf M/s, Resolution: 1920x1080
Name: CCTV-16, URL: http://zteres.sn.chinamobile.com:6060/000000001000/5000000008000023253/1.m3u8?channel-id=bestzb&Contentid=5000000008000023253&livemode=1&stbId=3, IPv_Type: ipv6, Location: 中国, ISP: 中国移动, Date: None, Delay: 0.1 ms, Speed: inf M/s, Resolution: 1920x1080
Name: CCTV-16, URL: http://zteres.sn.chinamobile.com:6060/000000001000/2000000003000000059/1.m3u8?channel-id=hnbblive&Contentid=2000000003000000059&livemode=1&stbId=3, IPv_Type: ipv6, Location: 中国, ISP: 中国移动, Date: None, Delay: 0.1 ms, Speed: inf M/s, Resolution: 1920x1080
Name: CCTV-16, URL: http://zteres.sn.chinamobile.com:6060/000000001000/1000000006000233001/1.m3u8?channel-id=ystenlive&Contentid=1000000006000233001&livemode=1&stbId=3, IPv_Type: ipv6, Location: 中国, ISP: 中国移动, Date: None, Delay: 0.1 ms, Speed: inf M/s, Resolution: 1920x1080
Name: CCTV-16, URL: http://nas.suntao.online:35455/itv/5000000008000023254.m3u8?cdn=bestzb, IPv_Type: ipv6, Location: 中国, ISP: 中国联通, Date: None, Delay: 0.1 ms, Speed: inf M/s, Resolution: 1920x1080
Name: CCTV-16, URL: http://zteres.sn.chinamobile.com:6060/000000001000/5000000008000023254/1.m3u8?channel-id=bestzb&Contentid=5000000008000023254&livemode=1&stbId=3, IPv_Type: ipv6, Location: 中国, ISP: 中国移动, Date: None, Delay: 0.1 ms, Speed: inf M/s, Resolution: 1920x1080
Name: CCTV-16, URL: http://[2409:8087:1a01:df::7005]/ottrrs.hl.chinamobile.com/PLTV/88888888/224/3221226100/index.m3u8, IPv_Type: ipv6, Location: 中国, ISP: 中国移动, Date: None, Delay: 0.1 ms, Speed: inf M/s, Resolution: 1920x1080
Name: CCTV-16, URL: http://[2409:8087:1a01:df::7005]:80/ottrrs.hl.chinamobile.com/PLTV/88888888/224/3221226100/index.m3u8, IPv_Type: ipv6, Location: 中国, ISP: 中国移动, Date: None, Delay: 0.1 ms, Speed: inf M/s, Resolution: 1920x1080
Name: CCTV-16, URL: http://[2409:8087:3869:8021:1001::e5]:6610/PLTV/88888910/224/3221226230/index.m3u8, IPv_Type: ipv6, Location: 中国, ISP: 中国移动, Date: None, Delay: -1 ms, Speed: 0.00 M/s, Resolution: None
Name: CCTV-16, URL: http://[2409:8087:3869:8021:1001::e5]:6610/PLTV/88888888/224/3221225909/2/index.m3u8, IPv_Type: ipv6, Location: 中国, ISP: 中国移动, Date: None, Delay: -1 ms, Speed: 0.00 M/s, Resolution: None
Name: CCTV-16, URL: http://[2409:8087:8:21::18]:6610/otttv.bj.chinamobile.com/PLTV/88888888/224/3221227002/1.m3u8, IPv_Type: ipv6, Location: 中国, ISP: 中国移动, Date: None, Delay: -1 ms, Speed: 0.00 M/s, Resolution: None
Name: CCTV-16, URL: http://rrs01.hw.gmcc.net:8088/PLTV/81/224/3221226825/1.m3u8, IPv_Type: ipv6, Location: 中国, ISP: 中国移动, Date: None, Delay: -1 ms, Speed: 0.00 M/s, Resolution: None
Name: CCTV-16, URL: https://migu.188766.xyz/?migutoken=eda82b340e2efaedc007fddfaf1c7c28&id=CCTV16&pp=1, IPv_Type: ipv6, Location: 美国, ISP: CloudFlare Inc., Date: None, Delay: -1 ms, Speed: 0.00 M/s, Resolution: None
Name: CCTV-16, URL: http://free.cnlive.club/channel/c15fcc8/index.m3u8?q=1756084903216, IPv_Type: ipv6, Location: 美国, ISP: CloudFlare Inc., Date: None, Delay: -1 ms, Speed: 0.00 M/s, Resolution: None
Name: CCTV-16, URL: http://[2409:8087:8:21::18]:6610/otttv.bj.chinamobile.com/PLTV/88888888/224/3221226318/1.m3u8, IPv_Type: ipv6, Location: 中国, ISP: 中国移动, Date: None, Delay: -1 ms, Speed: 0.00 M/s, Resolution: None
Name: CCTV-17, URL: http://php.jdshipin.com/TVOD/hljyd.php?id=3221225765, IPv_Type: ipv6, Location: 美国, ISP: CloudFlare Inc., Date: None, Delay: 0.1 ms, Speed: inf M/s, Resolution: 1920x1080
Name: CCTV-17, URL: http://[2409:8087:1a01:df::4025]:80/TVOD/88888888/224/3221225708/main.m3u8, IPv_Type: ipv6, Location: 中国, ISP: 中国移动, Date: None, Delay: 0.1 ms, Speed: inf M/s, Resolution: 1920x1080
Name: CCTV-17, URL: http://[2409:8087:1a01:df::4077]/ottrrs.hl.chinamobile.com/PLTV/88888888/8/3221225765/index.m3u8, IPv_Type: ipv6, Location: 中国, ISP: 中国移动, Date: None, Delay: 0.1 ms, Speed: inf M/s, Resolution: 1920x1080
Name: CCTV-17, URL: http://[2409:8087:1a01:df::4077]:80/ottrrs.hl.chinamobile.com/PLTV/88888888/8/3221225765/index.m3u8, IPv_Type: ipv6, Location: 中国, ISP: 中国移动, Date: None, Delay: 0.1 ms, Speed: inf M/s, Resolution: 1920x1080
Name: CCTV-17, URL: http://[2409:8087:1a01:df::4077]:80/ottrrs.hl.chinamobile.com/PLTV/88888888/224/3221225765/1.m3u8, IPv_Type: ipv6, Location: 中国, ISP: 中国移动, Date: None, Delay: 0.1 ms, Speed: inf M/s, Resolution: 1920x1080
Name: CCTV-17, URL: http://[2409:8087:8:21::18]:6610/otttv.bj.chinamobile.com/PLTV/88888888/224/3221226318/1.m3u8, IPv_Type: ipv6, Location: 中国, ISP: 中国移动, Date: None, Delay: 0.1 ms, Speed: inf M/s, Resolution: 1920x1080
Name: CCTV-17, URL: http://[2409:8087:8:21::18]:6610/otttv.bj.chinamobile.com/PLTV/88888888/224/3221226442/1.m3u8, IPv_Type: ipv6, Location: 中国, ISP: 中国移动, Date: None, Delay: 0.1 ms, Speed: inf M/s, Resolution: 1920x1080
Name: CCTV-17, URL: http://[2409:8087:1a0a:df::404b]/ottrrs.hl.chinamobile.com/TVOD/88888888/224/3221225765/index.m3u8, IPv_Type: ipv6, Location: 中国, ISP: 中国移动, Date: None, Delay: 0.1 ms, Speed: inf M/s, Resolution: 1920x1080
Name: CCTV-17, URL: http://yc.myds.me:35455/gaoma/cctv17.m3u8, IPv_Type: ipv6, Location: 中国, ISP: 中国电信, Date: None, Delay: 0.1 ms, Speed: inf M/s, Resolution: 1920x1080
Name: CCTV-17, URL: http://yc.myds.me:35455/itv/1000000005000265015.m3u8?cdn=ystenlive, IPv_Type: ipv6, Location: 中国, ISP: 中国电信, Date: None, Delay: 0.1 ms, Speed: inf M/s, Resolution: 1920x1080
Name: CCTV-17, URL: http://nas.suntao.online:35455/itv/1000000005000265015.m3u8?cdn=ystenlive, IPv_Type: ipv6, Location: 中国, ISP: 中国联通, Date: None, Delay: 0.1 ms, Speed: inf M/s, Resolution: 1920x1080
Name: CCTV-17, URL: http://iptv.cdn.ha.chinamobile.com/PLTV/88888888/224/3221227188/index.m3u8, IPv_Type: ipv6, Location: 中国, ISP: 中国移动, Date: None, Delay: 0.1 ms, Speed: inf M/s, Resolution: 1920x1080
Name: CCTV-17, URL: http://hwrr.jx.chinamobile.com:8080/PLTV/88888888/224/3221225907/index.m3u8, IPv_Type: ipv6, Location: 中国, ISP: 中国移动, Date: None, Delay: 0.1 ms, Speed: inf M/s, Resolution: 1920x1080
Name: CCTV-17, URL: http://lu.wqwqwq.sbs/itv/1000000005000265015.m3u8?cdn=ystenlive, IPv_Type: ipv6, Location: 美国, ISP: CloudFlare Inc., Date: None, Delay: 0.1 ms, Speed: inf M/s, Resolution: 1920x1080
Name: CCTV-17, URL: http://[2409:8087:5e00:24::1e]:6060/200000001898/460000089800010210/1.m3u8, IPv_Type: ipv6, Location: 中国, ISP: 中国移动, Date: None, Delay: 0.1 ms, Speed: inf M/s, Resolution: 1920x1080
Name: CCTV-17, URL: http://[2409:8087:5e01:34::22]:6610/ZTE_CMS/00000001000000060000000000000494/index.m3u8?IAS, IPv_Type: ipv6, Location: 中国, ISP: 中国移动, Date: None, Delay: 0.1 ms, Speed: inf M/s, Resolution: 1920x1080
Name: CCTV-17, URL: http://[2409:8087:5e01:34::20]:6610/ZTE_CMS/00000001000000060000000000000494/index.m3u8?IAS, IPv_Type: ipv6, Location: 中国, ISP: 中国移动, Date: None, Delay: 0.1 ms, Speed: inf M/s, Resolution: 1920x1080
Name: CCTV-17, URL: http://dbiptv.sn.chinamobile.com/PLTV/88888890/224/3221226198/index.m3u8, IPv_Type: ipv6, Location: 中国, ISP: 中国移动, Date: None, Delay: 0.1 ms, Speed: inf M/s, Resolution: 1920x1080
Name: CCTV-17, URL: http://zteres.sn.chinamobile.com:6060/000000001000/2000000003000000038/1.m3u8?channel-id=hnbblive&Contentid=2000000003000000038&livemode=1&stbId=3, IPv_Type: ipv6, Location: 中国, ISP: 中国移动, Date: None, Delay: 0.1 ms, Speed: inf M/s, Resolution: 1920x1080
Name: CCTV-17, URL: http://zteres.sn.chinamobile.com:6060/000000001000/1000000005000056836/1.m3u8?channel-id=ystenlive&Contentid=1000000005000056836&livemode=1&stbId=3, IPv_Type: ipv6, Location: 中国, ISP: 中国移动, Date: None, Delay: 0.1 ms, Speed: inf M/s, Resolution: 1920x1080
Name: CCTV-17, URL: http://[2409:8087:4c0a:22:1::11]:6410/170000001115/UmaiCHAN638728afa13b4/index.m3u8?AuthInfo=9kOOdBn7MFF%2F2bWjKgahUdDh4EPdDnvGlSBkYaxFdaz%2FyAI9to%2FMBBt%2FivcdSfljJ1%2FqqamWUjAiBAxNssfyBlZUDSXAIMtStS86hRHFuJM, IPv_Type: ipv6, Location: 中国, ISP: 中国移动, Date: None, Delay: 0.1 ms, Speed: inf M/s, Resolution: 1920x1080
Name: CCTV-17, URL: http://[2409:8087:5e01:34::38]:6610/ZTE_CMS/00000001000000060000000000000494/index.m3u8, IPv_Type: ipv6, Location: 中国, ISP: 中国移动, Date: None, Delay: 0.1 ms, Speed: inf M/s, Resolution: 1920x1080
Name: CCTV-17, URL: http://[2409:8087:5e00:24::1f]:6060/ZTE_CMS/00000001000000060000000000000494/index.m3u8, IPv_Type: ipv6, Location: 中国, ISP: 中国移动, Date: None, Delay: 0.1 ms, Speed: inf M/s, Resolution: 1920x1080
Name: CCTV-17, URL: http://[2409:8087:5e01:34::21]:6610/ZTE_CMS/00000001000000060000000000000494/index.m3u8?IAS, IPv_Type: ipv6, Location: 中国, ISP: 中国移动, Date: None, Delay: 0.1 ms, Speed: inf M/s, Resolution: 1920x1080
Name: CCTV-17, URL: http://[2409:8087:5e01:34::23]:6610/ZTE_CMS/00000001000000060000000000000494/index.m3u8?IAS, IPv_Type: ipv6, Location: 中国, ISP: 中国移动, Date: None, Delay: 0.1 ms, Speed: inf M/s, Resolution: 1920x1080
Name: CCTV-17, URL: http://[2409:8087:5e01:34::22]:6610/ZTE_CMS/00000001000000060000000000000494/index.m3u8?key=tvbox6_com, IPv_Type: ipv6, Location: 中国, ISP: 中国移动, Date: None, Delay: 0.1 ms, Speed: inf M/s, Resolution: 1920x1080
Name: CCTV-17, URL: http://[2409:8087:74f0:22::4]:6410/270000001128/9900000513/index.m3u8, IPv_Type: ipv6, Location: 中国, ISP: 中国移动, Date: None, Delay: 0.1 ms, Speed: inf M/s, Resolution: 1920x1080
Name: CCTV-17, URL: http://[2409:8087:1a01:df::7005]/ottrrs.hl.chinamobile.com/PLTV/88888888/224/3221225765/index.m3u8, IPv_Type: ipv6, Location: 中国, ISP: 中国移动, Date: None, Delay: 0.1 ms, Speed: inf M/s, Resolution: 1920x1080
Name: CCTV-17, URL: http://[2409:8087:1a01:df::7005]:80/ottrrs.hl.chinamobile.com/PLTV/88888888/224/3221225765/index.m3u8, IPv_Type: ipv6, Location: 中国, ISP: 中国移动, Date: None, Delay: 0.1 ms, Speed: inf M/s, Resolution: 1920x1080
Name: CCTV-17, URL: http://[2409:8087:3869:8021:1001::e5]:6610/PLTV/88888910/224/3221225909/index.m3u8, IPv_Type: ipv6, Location: 中国, ISP: 中国移动, Date: None, Delay: -1 ms, Speed: 0.00 M/s, Resolution: None
Name: CCTV-17, URL: http://rrs01.hw.gmcc.net:8088/PLTV/81/224/3221226660/1.m3u8, IPv_Type: ipv6, Location: 中国, ISP: 中国移动, Date: None, Delay: -1 ms, Speed: 0.00 M/s, Resolution: None
Name: CCTV-17, URL: https://cc06.tv12.xyz/17.m3u8, IPv_Type: ipv6, Location: 美国, ISP: CloudFlare Inc., Date: None, Delay: -1 ms, Speed: 0.00 M/s, Resolution: None
Name: CETV-1, URL: http://[2409:8087:1a0b:df::4020]:80/ottrrs.hl.chinamobile.com/PLTV/88888888/224/3221225652/index.m3u8, IPv_Type: ipv6, Location: 中国, ISP: 中国移动, Date: None, Delay: -1 ms, Speed: 0.00 M/s, Resolution: None
Name: CETV-1, URL: http://[2409:8087:8:21::18]:6610/otttv.bj.chinamobile.com/PLTV/88888888/224/3221226494/1.m3u8, IPv_Type: ipv6, Location: 中国, ISP: 中国移动, Date: None, Delay: -1 ms, Speed: 0.00 M/s, Resolution: None
Name: CETV-1, URL: https://cc06.tv12.xyz/23.m3u8, IPv_Type: ipv6, Location: 美国, ISP: CloudFlare Inc., Date: None, Delay: -1 ms, Speed: 0.00 M/s, Resolution: None
Name: CETV-1, URL: https://migu.188766.xyz/?migutoken=a55dadc35d37e3e168faf8268cc6fa97&id=CETV1&type=yy, IPv_Type: ipv6, Location: 美国, ISP: CloudFlare Inc., Date: None, Delay: -1 ms, Speed: 0.00 M/s, Resolution: None
Name: CETV-2, URL: http://[2409:8087:1a0b:df::4013]:80/ottrrs.hl.chinamobile.com/PLTV/88888888/224/3221226425/index.m3u8, IPv_Type: ipv6, Location: 中国, ISP: 中国移动, Date: None, Delay: -1 ms, Speed: 0.00 M/s, Resolution: None
Name: CETV-2, URL: http://[2409:8087:8:21::18]:6610/otttv.bj.chinamobile.com/PLTV/88888888/224/3221226537/1.m3u8?GuardEncType=2&accountinfo=%7E%7EV2.0%7E7AxXs4eTU2oiWrhopr9sHw%7E_eNUbgU9sJGUcVVduOMKhafLvQUgE_zlz_7pvDimJNNxsM0Bor098BJglrhfEQTl%2CEND, IPv_Type: ipv6, Location: 中国, ISP: 中国移动, Date: None, Delay: -1 ms, Speed: 0.00 M/s, Resolution: None
Name: CETV-2, URL: https://mursor.ottiptv.cc/migu/923287211.m3u8?migutoken=58dbb8ad5ad539c0da365c819615222219346bbe2fa8d6e4231da9ad89c4faf34adbae451bebfa99d9b8c9eda32e04a0066231dfd40496610efa4bee9ad5f110baee36b6f4098850d6b507505f, IPv_Type: ipv6, Location: 美国-新泽西州-哈德逊, ISP: DigitalOcean, Date: None, Delay: -1 ms, Speed: 0.00 M/s, Resolution: None
Name: CETV-2, URL: https://cc06.tv12.xyz/24.m3u8, IPv_Type: ipv6, Location: 美国, ISP: CloudFlare Inc., Date: None, Delay: -1 ms, Speed: 0.00 M/s, Resolution: None
Name: CETV-2, URL: https://migu.188766.xyz/?migutoken=98daa3ba4c81372351b73d9075023b9b&id=CETV2&type=yy, IPv_Type: ipv6, Location: 美国, ISP: CloudFlare Inc., Date: None, Delay: -1 ms, Speed: 0.00 M/s, Resolution: None
Name: CETV-2, URL: http://gslbmgsplive.miguvideo.com/migu/kailu/cetv2/50/20240709/index.m3u8?msisdn=20250903090033bf55eab2bb984fe0b4ac863e60d28ac6&mdspid=&spid=699004&netType=0&sid=5910022152&pid=2028597139&timestamp=20250903090033&Channel_ID=0116_2600037000-99000-200300220100002&ProgramID=923287211&ParentNodeID=-99&assertID=5910022152&client_ip=106.13.250.83&SecurityKey=20250903090033&promotionId=&mvid=5900006638&mcid=500020&playurlVersion=WX-A1-8.8.1-RELEASE&userid=&jmhm=&videocodec=h264&bean=mgspad&tid=android&conFee=0&puData=ebfbdc6c83654112720d2b5599373223&ddCalcu=3e2bv2fa3ba7da3c969c5853b625d4012172&sv=10004&ct=android, IPv_Type: ipv6, Location: 中国, ISP: 中国移动, Date: None, Delay: -1 ms, Speed: 0.00 M/s, Resolution: None
Name: CETV-3, URL: http://[2409:8087:7004:20:1000::22]:6610/yinhe/2/ch00000090990000001309/index.m3u8, IPv_Type: ipv6, Location: 中国, ISP: 中国移动, Date: None, Delay: -1 ms, Speed: 0.00 M/s, Resolution: None
Name: CETV-3, URL: http://[2409:8087:8:21::18]:6610/otttv.bj.chinamobile.com/PLTV/88888888/224/3221226577/1.m3u8?GuardEncType=2&accountinfo=%7E%7EV2.0%7EhE2Z89HKgsQOlN9opVn1iw%7E_eNUbgU9sJGUcVVduOMKhafLvQUgE_zlz_7pvDimJNN03yUnk4zBVk1bynPPL3hZ%2CEND, IPv_Type: ipv6, Location: 中国, ISP: 中国移动, Date: None, Delay: -1 ms, Speed: 0.00 M/s, Resolution: None
Name: CETV-4, URL: http://[2409:8087:1a0b:df::4020]:80/ottrrs.hl.chinamobile.com/PLTV/88888888/224/3221225783/index.m3u8, IPv_Type: ipv6, Location: 中国, ISP: 中国移动, Date: None, Delay: -1 ms, Speed: 0.00 M/s, Resolution: None
Name: CETV-4, URL: http://[2409:8087:8:21::18]:6610/otttv.bj.chinamobile.com/PLTV/88888888/224/3221226997/1.m3u8?GuardEncType=2&accountinfo=%7E%7EV2.0%7EAw_OvjRgJVjtlaOa0dcgzg%7EtP4-l0lmSfjwLWEfK_el1vH_mv-s1zo4AQJwdedaVwG9xkuFTDg8J26cwOrNJzn20BErrHdLhuZ9EzLUCD3PMW-OMx4MGteHV2vLeW6BqoY%2CEND, IPv_Type: ipv6, Location: 中国, ISP: 中国移动, Date: None, Delay: -1 ms, Speed: 0.00 M/s, Resolution: None
Name: CETV-4, URL: https://mursor.ottiptv.cc/migu/923287339.m3u8?migutoken=165b545b4402eaba61cdc31defb6548a443d9b5eebb1d99392852bd799c553e8817e85eb324c512581ca9a1ed8e56e530144f79606cf44fe5b2d5e97b6da577e0f2adae2a90c2a55089c95880b, IPv_Type: ipv6, Location: 美国-新泽西州-哈德逊, ISP: DigitalOcean, Date: None, Delay: -1 ms, Speed: 0.00 M/s, Resolution: None
Name: CETV-4, URL: https://migu.188766.xyz/?migutoken=d5d19d868e1df41e984866fc7ca15071&id=CETV4&type=yy, IPv_Type: ipv6, Location: 美国, ISP: CloudFlare Inc., Date: None, Delay: -1 ms, Speed: 0.00 M/s, Resolution: None
Name: CETV-4, URL: http://gslbmgsplive.miguvideo.com/migu/kailu/cetv4/50/20240709/index.m3u8?msisdn=2025090309003329cd481a5313461999ea66e0b5c14a1b&mdspid=&spid=699004&netType=0&sid=5910022154&pid=2028597139&timestamp=20250903090033&Channel_ID=0116_2600037000-99000-200300220100002&ProgramID=923287339&ParentNodeID=-99&assertID=5910022154&client_ip=106.13.250.83&SecurityKey=20250903090033&promotionId=&mvid=5900006640&mcid=500020&playurlVersion=WX-A1-8.8.1-RELEASE&userid=&jmhm=&videocodec=h264&bean=mgspad&tid=android&conFee=0&puData=a0dd23e241f091b5c99903fbe22f27e3&ddCalcu=3ae0v7da2dbf2a232ee2b4f13f0099919bc5&sv=10004&ct=android, IPv_Type: ipv6, Location: 中国, ISP: 中国移动, Date: None, Delay: -1 ms, Speed: 0.00 M/s, Resolution: None
Name: 文化精品, URL: http://38.75.136.137:98/gslb/dsdqpub/ysjp.m3u8?auth=testpub, IPv_Type: ipv4, Location: 美国-哥伦比亚特区-哥伦比亚特区, ISP: Cogent, Date: None, Delay: 542 ms, Speed: 7.90 M/s, Resolution: 1920x1080
Name: 央视台球, URL: http://[2409:8087:7001:20:2::3]/dbiptv.sn.chinamobile.com/PLTV/88888893/224/3221226956/index.m3u8, IPv_Type: ipv6, Location: 中国, ISP: 中国移动, Date: None, Delay: 0.1 ms, Speed: inf M/s, Resolution: 1920x1080
Name: 央视台球, URL: http://38.75.136.137:98/gslb/dsdqpub/ystq.m3u8?auth=testpub, IPv_Type: ipv4, Location: 美国-哥伦比亚特区-哥伦比亚特区, ISP: Cogent, Date: None, Delay: 605 ms, Speed: 7.54 M/s, Resolution: 1920x1080
Name: 风云音乐, URL: http://38.75.136.137:98/gslb/dsdqpub/fyyy.m3u8?auth=testpub, IPv_Type: ipv4, Location: 美国-哥伦比亚特区-哥伦比亚特区, ISP: Cogent, Date: None, Delay: 527 ms, Speed: 5.84 M/s, Resolution: 1920x1080
Name: 第一剧场, URL: https://100.061833.xyz/stream/mytv/null-6/stream.m3u8?uid=2190244325&u=hahayy&p=29624e2e4c4ccee26ed8f3e0ca1012ea57a8f2191be6149f632250f7036119cc, IPv_Type: ipv6, Location: 美国, ISP: CloudFlare Inc., Date: None, Delay: -1 ms, Speed: 0.00 M/s, Resolution: None
Name: 风云剧场, URL: https://mursor.ottiptv.cc/mcp/fyjc.m3u8, IPv_Type: ipv6, Location: 美国, ISP: Oracle Corporation, Date: None, Delay: -1 ms, Speed: 0.00 M/s, Resolution: None
Name: 风云剧场, URL: https://mursor.ottiptv.cc/mcp/fyjc.m3u8?sign=b2f39a8a6bde51405aca53e0ac0f10e9&tm=1757443317, IPv_Type: ipv6, Location: 美国, ISP: Oracle Corporation, Date: None, Delay: -1 ms, Speed: 0.00 M/s, Resolution: None
Name: 风云剧场, URL: https://mursor.ottiptv.cc/mcp/fyjc.m3u8?sign=4504fb617281e8909e4259760d3b64d8&tm=1757535222, IPv_Type: ipv6, Location: 美国-新泽西州-巴赛克, ISP: DigitalOcean, Date: None, Delay: -1 ms, Speed: 0.00 M/s, Resolution: None
Name: 风云剧场, URL: http://38.75.136.137:98/gslb/dsdqpub/fyjc.m3u8?auth=testpub, IPv_Type: ipv4, Location: 美国-哥伦比亚特区-哥伦比亚特区, ISP: Cogent, Date: None, Delay: 509 ms, Speed: 7.77 M/s, Resolution: 1920x1080
Name: 怀旧剧场, URL: https://cc06.tv12.xyz/52.m3u8, IPv_Type: ipv6, Location: 美国, ISP: CloudFlare Inc., Date: None, Delay: -1 ms, Speed: 0.00 M/s, Resolution: None
Name: 怀旧剧场, URL: https://mursor.ottiptv.cc/mcp/hjjc.m3u8, IPv_Type: ipv6, Location: 美国, ISP: Oracle Corporation, Date: None, Delay: -1 ms, Speed: 0.00 M/s, Resolution: None
Name: 怀旧剧场, URL: https://mursor.ottiptv.cc/mcp/hjjc.m3u8?sign=f5f7142ffa4404d36f8ae92335393d5e&tm=1757535222, IPv_Type: ipv6, Location: 美国, ISP: Oracle Corporation, Date: None, Delay: -1 ms, Speed: 0.00 M/s, Resolution: None
Name: 怀旧剧场, URL: http://38.75.136.137:98/gslb/dsdqpub/hjjc.m3u8?auth=testpub, IPv_Type: ipv4, Location: 美国-哥伦比亚特区-哥伦比亚特区, ISP: Cogent, Date: None, Delay: 543 ms, Speed: 7.65 M/s, Resolution: 1920x1080
Name: 女性时尚, URL: https://cc06.tv12.xyz/95.m3u8, IPv_Type: ipv6, Location: 美国, ISP: CloudFlare Inc., Date: None, Delay: -1 ms, Speed: 0.00 M/s, Resolution: None
Name: 女性时尚, URL: http://38.75.136.137:98/gslb/dsdqpub/nxss.m3u8?auth=testpub, IPv_Type: ipv4, Location: 美国-哥伦比亚特区-哥伦比亚特区, ISP: Cogent, Date: None, Delay: 555 ms, Speed: 7.16 M/s, Resolution: 1920x1080
Name: 高尔夫网球, URL: http://38.75.136.137:98/gslb/dsdqpub/gefwq.m3u8?auth=testpub, IPv_Type: ipv4, Location: 美国-哥伦比亚特区-哥伦比亚特区, ISP: Cogent, Date: None, Delay: 630 ms, Speed: 7.21 M/s, Resolution: 1920x1080
Name: 风云足球, URL: http://[2409:8087:7001:20:2::3]/dbiptv.sn.chinamobile.com/PLTV/88888893/224/3221226984/index.m3u8, IPv_Type: ipv6, Location: 中国, ISP: 中国移动, Date: None, Delay: 0.1 ms, Speed: inf M/s, Resolution: 1920x1080
Name: 风云足球, URL: https://cc06.tv12.xyz/41.m3u8, IPv_Type: ipv6, Location: 美国, ISP: CloudFlare Inc., Date: None, Delay: -1 ms, Speed: 0.00 M/s, Resolution: None
Name: 电视指南, URL: https://cc06.tv12.xyz/39.m3u8, IPv_Type: ipv6, Location: 美国, ISP: CloudFlare Inc., Date: None, Delay: -1 ms, Speed: 0.00 M/s, Resolution: None
Name: 电视指南, URL: http://38.75.136.137:98/gslb/dsdqpub/dszn.m3u8?auth=testpub, IPv_Type: ipv4, Location: 美国-哥伦比亚特区-哥伦比亚特区, ISP: Cogent, Date: None, Delay: 682 ms, Speed: 7.62 M/s, Resolution: 1920x1080
Name: 世界地理, URL: http://[2409:8087:7001:20:2::3]/dbiptv.sn.chinamobile.com/PLTV/88888893/224/3221226947/index.m3u8, IPv_Type: ipv6, Location: 中国, ISP: 中国移动, Date: None, Delay: 0.1 ms, Speed: inf M/s, Resolution: 1920x1080
Name: 世界地理, URL: https://cc06.tv12.xyz/104.m3u8, IPv_Type: ipv6, Location: 美国, ISP: CloudFlare Inc., Date: None, Delay: -1 ms, Speed: 0.00 M/s, Resolution: None
Name: 兵器科技, URL: http://38.75.136.137:98/gslb/dsdqpub/gfjs.m3u8?auth=testpub, IPv_Type: ipv4, Location: 美国-哥伦比亚特区-哥伦比亚特区, ISP: Cogent, Date: None, Delay: 526 ms, Speed: 8.11 M/s, Resolution: 1920x1080
Name: 广东卫视, URL: http://php.jdshipin.com:8880/TVOD/gsyd.php?id=9900000520, IPv_Type: ipv6, Location: 美国, ISP: CloudFlare Inc., Date: None, Delay: 0.1 ms, Speed: inf M/s, Resolution: 1920x1080
Name: 广东卫视, URL: http://iptv.huuc.edu.cn/hls/gdhd.m3u8, IPv_Type: ipv6, Location: 中国, ISP: 教育网, Date: None, Delay: 0.1 ms, Speed: inf M/s, Resolution: 1920x1080
Name: 广东卫视, URL: http://[2409:8087:1a0a:df::404b]/ottrrs.hl.chinamobile.com/TVOD/88888888/224/3221226248/index.m3u8, IPv_Type: ipv6, Location: 中国, ISP: 中国移动, Date: None, Delay: 0.1 ms, Speed: inf M/s, Resolution: 1920x1080
Name: 广东卫视, URL: http://[2409:8087:1a01:df::4077]/ottrrs.hl.chinamobile.com/PLTV/88888888/8/3221226248/index.m3u8, IPv_Type: ipv6, Location: 中国, ISP: 中国移动, Date: None, Delay: 0.1 ms, Speed: inf M/s, Resolution: 1920x1080
Name: 广东卫视, URL: http://[2409:8087:1a01:df::4077]/ottrrs.hl.chinamobile.com/PLTV/88888888/224/3221226248/index.m3u8, IPv_Type: ipv6, Location: 中国, ISP: 中国移动, Date: None, Delay: 0.1 ms, Speed: inf M/s, Resolution: 1920x1080
Name: 广东卫视, URL: http://[2409:8087:1a01:df::4077]:80/ottrrs.hl.chinamobile.com/PLTV/88888888/224/3221226248/index.m3u8, IPv_Type: ipv6, Location: 中国, ISP: 中国移动, Date: None, Delay: 0.1 ms, Speed: inf M/s, Resolution: 1920x1080
Name: 广东卫视, URL: http://[2409:8087:1a01:df::4077]:80/ottrrs.hl.chinamobile.com/PLTV/88888888/224/3221226248/1.m3u8, IPv_Type: ipv6, Location: 中国, ISP: 中国移动, Date: None, Delay: 0.1 ms, Speed: inf M/s, Resolution: 1920x1080
Name: 广东卫视, URL: http://[2409:8087:1a01:df::4077]/ottrrs.hl.chinamobile.com/yinhe/88888888/224/3221226248/index.m3u8, IPv_Type: ipv6, Location: 中国, ISP: 中国移动, Date: None, Delay: 0.1 ms, Speed: inf M/s, Resolution: 1920x1080
Name: 广东卫视, URL: http://[2409:8087:8:21::18]:6610/otttv.bj.chinamobile.com/PLTV/88888888/224/3221226238/1.m3u8, IPv_Type: ipv6, Location: 中国, ISP: 中国移动, Date: None, Delay: 0.1 ms, Speed: inf M/s, Resolution: 1920x1080
Name: 广东卫视, URL: http://iptv.cdn.ha.chinamobile.com/PLTV/88888888/224/3221227201/index.m3u8, IPv_Type: ipv6, Location: 中国, ISP: 中国移动, Date: None, Delay: 0.1 ms, Speed: inf M/s, Resolution: 1920x1080
Name: 广东卫视, URL: http://[2409:8087:1a01:df::4077]/ottrrs.hl.chinamobile.com/PLTV/88888888/224/3221226248/1.m3u8?icpid=88888888&from=1&hms_devid=1012&vqe=3, IPv_Type: ipv6, Location: 中国, ISP: 中国移动, Date: None, Delay: 0.1 ms, Speed: inf M/s, Resolution: 1920x1080
Name: 广东卫视, URL: http://[2409:8087:2001:20:2800:0:df6e:eb03]:80/ott.mobaibox.com/PLTV/4/224/3221227476/index.m3u8, IPv_Type: ipv6, Location: 中国, ISP: 中国移动, Date: None, Delay: 0.1 ms, Speed: inf M/s, Resolution: 1920x1080
Name: 广东卫视, URL: http://yc.myds.me:35455/itv/6000000001000031076.m3u8?cdn=wasusyt, IPv_Type: ipv6, Location: 中国, ISP: 中国电信, Date: None, Delay: 0.1 ms, Speed: inf M/s, Resolution: 1920x1080
Name: 广东卫视, URL: http://yc.myds.me:35455/itv/1000000005000265034.m3u8?cdn=ystenlive, IPv_Type: ipv6, Location: 中国, ISP: 中国电信, Date: None, Delay: 0.1 ms, Speed: inf M/s, Resolution: 1920x1080
Name: 广东卫视, URL: http://nas.suntao.online:35455/itv/1000000001000014176.m3u8?cdn=ystenlive, IPv_Type: ipv6, Location: 中国, ISP: 中国联通, Date: None, Delay: 0.1 ms, Speed: inf M/s, Resolution: 1920x1080
Name: 广东卫视, URL: http://lu.wqwqwq.sbs/itv/1000000005000265034.m3u8?cdn=ystenlive, IPv_Type: ipv6, Location: 美国, ISP: CloudFlare Inc., Date: None, Delay: 0.1 ms, Speed: inf M/s, Resolution: 1920x1080
Name: 广东卫视, URL: http://dbiptv.sn.chinamobile.com/PLTV/88888888/224/3221225803/1.m3u8, IPv_Type: ipv6, Location: 中国, ISP: 中国移动, Date: None, Delay: 0.1 ms, Speed: inf M/s, Resolution: 1920x1080
Name: 广东卫视, URL: http://hwrr.jx.chinamobile.com:8080/PLTV/88888888/224/3221225597/index.m3u8?fmt=ts2hls, IPv_Type: ipv6, Location: 中国, ISP: 中国移动, Date: None, Delay: 0.1 ms, Speed: inf M/s, Resolution: 1920x1080
Name: 广东卫视, URL: http://[2409:8087:3428:20:500::100f]:6610/PLTV/88888888/224/3221227164/index.m3u8?servicetype=1&IASHttpSessionId=RR423820220409134714119178, IPv_Type: ipv6, Location: 中国, ISP: 中国移动, Date: None, Delay: 0.1 ms, Speed: inf M/s, Resolution: 1920x1080
Name: 广东卫视, URL: http://[2409:8087:3428:20:500::1009]:6610/PLTV/88888888/224/3221227164/index.m3u8?servicetype=1&IASHttpSessionId=RR423820220409134714119178, IPv_Type: ipv6, Location: 中国, ISP: 中国移动, Date: None, Delay: 0.1 ms, Speed: inf M/s, Resolution: 1920x1080
Name: 广东卫视, URL: http://[2409:8087:2001:20:2800:0:df6e:eb06]:80/wh7f454c46tw200922983_-1894712676/ott.mobaibox.com/PLTV/3/224/3221227591/index.m3u8?icpid=3&RTS=1674380316&from=40&popid=40&hms_devid=2036&prioritypopid=40&vqe=3, IPv_Type: ipv6, Location: 中国, ISP: 中国移动, Date: None, Delay: 0.1 ms, Speed: inf M/s, Resolution: 1920x1080
Name: 广东卫视, URL: http://[2409:8087:2001:20:2800:0:df6e:eb0d]:80/wh7f454c46tw201073874_846642633/ott.mobaibox.com/PLTV/3/224/3221227673/index.m3u8?icpid=3&RTS=1674380316&from=40&popid=40&hms_devid=2040&prioritypopid=40&vqe=3, IPv_Type: ipv6, Location: 中国, ISP: 中国移动, Date: None, Delay: 0.1 ms, Speed: inf M/s, Resolution: 1920x1080
Name: 广东卫视, URL: http://[2409:8087:2001:20:2800:0:df6e:eb02]:80/wh7f454c46tw1545504334_-1449102672/ott.mobaibox.com/PLTV/3/224/3221227691/index.m3u8?icpid=3&RTS=1674385955&from=40&popid=40&hms_devid=2039&prioritypopid=40&vqe=3, IPv_Type: ipv6, Location: 中国, ISP: 中国移动, Date: None, Delay: 0.1 ms, Speed: inf M/s, Resolution: 1920x1080
Name: 广东卫视, URL: http://[2409:8087:2001:20:2800:0:df6e:eb17]:80/wh7f454c46tw1930705409_-1175138860/ott.mobaibox.com/PLTV/3/224/3221228230/index.m3u8?icpid=3&RTS=1674386341&from=40&popid=40&hms_devid=2114&prioritypopid=40&vqe=3, IPv_Type: ipv6, Location: 中国, ISP: 中国移动, Date: None, Delay: 0.1 ms, Speed: inf M/s, Resolution: 1920x1080
Name: 广东卫视, URL: http://[2409:8087:2001:20:2800:0:df6e:eb03]:80/wh7f454c46tw201843385_424516234/ott.mobaibox.com/PLTV/3/224/3221227476/index.m3u8?icpid=3&RTS=1674380317&from=40&popid=40&hms_devid=2039&prioritypopid=40&vqe=3, IPv_Type: ipv6, Location: 中国, ISP: 中国移动, Date: None, Delay: 0.1 ms, Speed: inf M/s, Resolution: 1920x1080
Name: 广东卫视, URL: http://[2409:8087:1e03:21::42]:6610/cms001/ch00000090990000001032/index.m3u8, IPv_Type: ipv6, Location: 中国, ISP: 中国移动, Date: None, Delay: 0.1 ms, Speed: inf M/s, Resolution: 1920x1080
Name: 广东卫视, URL: http://[2409:8087:5e01:34::38]:6610/ZTE_CMS/00000001000000060000000000000341/index.m3u8, IPv_Type: ipv6, Location: 中国, ISP: 中国移动, Date: None, Delay: 0.1 ms, Speed: inf M/s, Resolution: 1920x1080
Name: 广东卫视, URL: http://[2409:8087:5e01:34::38]:6610/ZTE_CMS/00000001000000060000000000000341/index.m3u8?, IPv_Type: ipv6, Location: 中国, ISP: 中国移动, Date: None, Delay: 0.1 ms, Speed: inf M/s, Resolution: 1920x1080
Name: 广东卫视, URL: http://[2409:8087:74F1:0021::0008]/000000001000PLTV/88888888/224/3221226180/index.m3u8?HlsProfileId=, IPv_Type: ipv6, Location: 中国, ISP: 中国移动, Date: None, Delay: 0.1 ms, Speed: inf M/s, Resolution: 1920x1080
Name: 广东卫视, URL: http://[2409:8087:4c0a:22:1::11]:6410/170000001115/UmaiCHAN181359BESTVSMGSMG/index.m3u8?m3u8_level=2, IPv_Type: ipv6, Location: 中国, ISP: 中国移动, Date: None, Delay: 0.1 ms, Speed: inf M/s, Resolution: 1920x1080
Name: 广东卫视, URL: http://[2409:8087:5e01:34::21]:6610/ZTE_CMS/00000001000000060000000000000341/index.m3u8?IAS, IPv_Type: ipv6, Location: 中国, ISP: 中国移动, Date: None, Delay: 0.1 ms, Speed: inf M/s, Resolution: 1920x1080
Name: 广东卫视, URL: http://[2409:8087:5e01:34::20]:6610/ZTE_CMS/00000001000000060000000000000341/index.m3u8?IAS, IPv_Type: ipv6, Location: 中国, ISP: 中国移动, Date: None, Delay: 0.1 ms, Speed: inf M/s, Resolution: 1920x1080
Name: 广东卫视, URL: http://[2409:8087:4c0a:22:1::11]:6410/170000001115/UmaiCHAN181359BESTVSMGSMG/index.m3u8?AuthInfo=9kOOdBn7MFF%2F2bWjKgahUW%2B%2FF4NzOzOt3cAWjhMHEuMwoDIwMxbrlyyVy9x6ZDKn1U8f2vJUVL98LlyeZUOMSmC30dkrUFt%2FE8JGKMphXYE, IPv_Type: ipv6, Location: 中国, ISP: 中国移动, Date: None, Delay: 0.1 ms, Speed: inf M/s, Resolution: 1920x1080
Name: 广东卫视, URL: http://[2409:8087:5e01:34::23]:6610/ZTE_CMS/00000001000000060000000000000341/index.m3u8?IAS, IPv_Type: ipv6, Location: 中国, ISP: 中国移动, Date: None, Delay: 0.1 ms, Speed: inf M/s, Resolution: 1920x1080
Name: 广东卫视, URL: http://[2409:8087:5e01:34::22]:6610/ZTE_CMS/00000001000000060000000000000341/index.m3u8?IAS, IPv_Type: ipv6, Location: 中国, ISP: 中国移动, Date: None, Delay: 0.1 ms, Speed: inf M/s, Resolution: 1920x1080
Name: 广东卫视, URL: http://[2409:8087:1a01:df::4077]:80/ottrrs.hl.chinamobile.com/yinhe/88888888/224/3221226248/index.m3u8, IPv_Type: ipv6, Location: 中国, ISP: 中国移动, Date: None, Delay: 0.1 ms, Speed: inf M/s, Resolution: 1920x1080
Name: 广东卫视, URL: http://[2409:8087:1a01:df::4077]:80/ottrrs.hl.chinamobile.com/PLTV/88888888/8/3221226248/index.m3u8, IPv_Type: ipv6, Location: 中国, ISP: 中国移动, Date: None, Delay: 0.1 ms, Speed: inf M/s, Resolution: 1920x1080
Name: 广东卫视, URL: http://dbiptv.sn.chinamobile.com/PLTV/88888890/224/3221226216/index.m3u8, IPv_Type: ipv6, Location: 中国, ISP: 中国移动, Date: None, Delay: 0.1 ms, Speed: inf M/s, Resolution: 1920x1080
Name: 广东卫视, URL: http://[2409:8087:2001:20:2800:0:df6e:eb03]/wh7f454c46tw2917484419_-1632335828/ott.mobaibox.com/PLTV/3/224/3221227476/index.m3u8?icpid=3&RTS=1668597711&from=40&popid=40&hms_devid=2039&prioritypopid=40&vqe=3, IPv_Type: ipv6, Location: 中国, ISP: 中国移动, Date: None, Delay: 0.1 ms, Speed: inf M/s, Resolution: 1920x1080
Name: 广东卫视, URL: http://[2409:8087:1e03:21::2]:6060/cms001/ch00000090990000001032/index.m3u8, IPv_Type: ipv6, Location: 中国, ISP: 中国移动, Date: None, Delay: 0.1 ms, Speed: inf M/s, Resolution: 1920x1080
Name: 广东卫视, URL: http://[2409:8087:3428:20:500::100f]:6610/PLTV/88888888/224/3221225824/index.m3u8?servicetype=1&IASHttpSessionId=RR423820220409134714119178, IPv_Type: ipv6, Location: 中国, ISP: 中国移动, Date: None, Delay: 0.1 ms, Speed: inf M/s, Resolution: 1920x1080
Name: 广东卫视, URL: http://[2409:8087:3428:20:500::1009]:6610/PLTV/88888888/224/3221225824/index.m3u8?servicetype=1&IASHttpSessionId=RR423820220409134714119178, IPv_Type: ipv6, Location: 中国, ISP: 中国移动, Date: None, Delay: 0.1 ms, Speed: inf M/s, Resolution: 1920x1080
Name: 广东卫视, URL: http://[2409:8087:2001:20:2800:0:df6e:eb06]:80/wh7f454c46tw1749616194_1855037741/ott.mobaibox.com/PLTV/3/224/3221227249/index.m3u8?icpid=3&RTS=1674386160&from=40&popid=40&hms_devid=2036&prioritypopid=40&vqe=3, IPv_Type: ipv6, Location: 中国, ISP: 中国移动, Date: None, Delay: 0.1 ms, Speed: inf M/s, Resolution: 1920x1080
Name: 广东卫视, URL: http://[2409:8087:74f0:22::6]:6410/270000001128/9900000520/index.m3u8, IPv_Type: ipv6, Location: 中国, ISP: 中国移动, Date: None, Delay: 0.1 ms, Speed: inf M/s, Resolution: 1920x1080
Name: 广东卫视, URL: http://[2409:8087:1a01:df::7005]/ottrrs.hl.chinamobile.com/PLTV/88888888/224/3221226248/index.m3u8, IPv_Type: ipv6, Location: 中国, ISP: 中国移动, Date: None, Delay: 0.1 ms, Speed: inf M/s, Resolution: 1920x1080
Name: 广东卫视, URL: http://[2409:8087:1a01:df::7005]:80/ottrrs.hl.chinamobile.com/PLTV/88888888/224/3221226248/index.m3u8, IPv_Type: ipv6, Location: 中国, ISP: 中国移动, Date: None, Delay: 0.1 ms, Speed: inf M/s, Resolution: 1920x1080
Name: 广东卫视, URL: http://[2409:8087:5e00:24::1e]:6060/200000001898/460000089800010055/1.m3u8, IPv_Type: ipv6, Location: 中国, ISP: 中国移动, Date: None, Delay: 0.1 ms, Speed: inf M/s, Resolution: 1920x1080
Name: 广东卫视, URL: http://[2409:8087:3869:8021:1001::e5]:6610/PLTV/88888910/224/3221225701/index.m3u8, IPv_Type: ipv6, Location: 中国, ISP: 中国移动, Date: None, Delay: 0.1 ms, Speed: inf M/s, Resolution: 1920x1080
Name: 广东卫视, URL: http://[2409:8087:3869:8021:1001::e5]:6610/PLTV/88888888/224/3221225597/2/index.m3u8, IPv_Type: ipv6, Location: 中国, ISP: 中国移动, Date: None, Delay: 0.1 ms, Speed: inf M/s, Resolution: 1920x1080
Name: 广东卫视, URL: http://[2409:8087:8:21::18]:6610/otttv.bj.chinamobile.com/PLTV/88888888/224/3221226961/1.m3u8?GuardEncType=2&accountinfo=%7E%7EV2.0%7E2MGyx659D_aaDPP0qt3NgA%7EtP4-l0lmSfjwLWEfK_el1vH_mv-s1zo4AQJwdedaVwG9xkuFTDg8J26cwOrNJzn20BErrHdLhuZ9EzLUCD3PMW-OMx4MGteHV2vLeW6BqoY%2CEND, IPv_Type: ipv6, Location: 中国, ISP: 中国移动, Date: None, Delay: -1 ms, Speed: 0.00 M/s, Resolution: None
Name: 广东卫视, URL: http://rrs01.hw.gmcc.net:8088/PLTV/81/224/3221227161/1.m3u8, IPv_Type: ipv6, Location: 中国, ISP: 中国移动, Date: None, Delay: -1 ms, Speed: 0.00 M/s, Resolution: None
Name: 广东卫视, URL: https://cc06.tv12.xyz/43.m3u8, IPv_Type: ipv6, Location: 美国, ISP: CloudFlare Inc., Date: None, Delay: -1 ms, Speed: 0.00 M/s, Resolution: None
Name: 广东卫视, URL: http://23.237.228.134/live6/guangdong.m3u8, IPv_Type: ipv4, Location: 北美地区, ISP: , Date: None, Delay: 80 ms, Speed: 10.90 M/s, Resolution: 1920x1080
Name: 香港卫视, URL: http://cctvtxyh5c.liveplay.myqcloud.com/cstv/xianggangweishi_2/index.m3u8, IPv_Type: ipv6, Location: 中国, ISP: 中国联通, Date: None, Delay: 0.1 ms, Speed: inf M/s, Resolution: 1920x1080
Name: 香港卫视, URL: https://yvxymm.tv12.xyz/175.m3u8, IPv_Type: ipv6, Location: 美国, ISP: CloudFlare Inc., Date: None, Delay: -1 ms, Speed: 0.00 M/s, Resolution: None
Name: 香港卫视, URL: https://migu.188766.xyz/?migutoken=71c1dbe4568d6c43573e0f04671d588f&id=%E9%A6%99%E6%B8%AF%E5%8D%AB%E8%A7%86&pp=1, IPv_Type: ipv6, Location: 美国, ISP: CloudFlare Inc., Date: None, Delay: -1 ms, Speed: 0.00 M/s, Resolution: None
Name: 香港卫视, URL: https://migu.188766.xyz/?migutoken=6804cde09f4133e69f2aaf5406a2bcc5&id=%E9%A6%99%E6%B8%AF%E5%8D%AB%E8%A7%86&type=yy, IPv_Type: ipv6, Location: 美国, ISP: CloudFlare Inc., Date: None, Delay: -1 ms, Speed: 0.00 M/s, Resolution: None
Name: 浙江卫视, URL: http://zhfivel02.cztv.com/channel01/1080p.m3u8?auth_key=2524708799-0-0-adde67b1b344fdd5e512f30a4ae31915, IPv_Type: ipv6, Location: 中国-广东-东莞, ISP: 电信, Date: None, Delay: 0.1 ms, Speed: inf M/s, Resolution: 1920x1080
Name: 浙江卫视, URL: http://php.jdshipin.com/TVOD/hnyd.php?id=200000001898/460000089800010070, IPv_Type: ipv6, Location: 美国, ISP: CloudFlare Inc., Date: None, Delay: 0.1 ms, Speed: inf M/s, Resolution: 1920x1080
Name: 浙江卫视, URL: https://ali-m-l.cztv.com/channels/lantian/channel001/1080p.m3u8, IPv_Type: ipv6, Location: 中国-广西-防城港, ISP: 电信, Date: None, Delay: 0.1 ms, Speed: inf M/s, Resolution: 1920x1080
Name: 浙江卫视, URL: http://l.cztvcloud.com/channels/lantian/SXpinghu3/720p.m3u8, IPv_Type: ipv6, Location: 中国-江苏-常州, ISP: 电信, Date: None, Delay: 0.1 ms, Speed: inf M/s, Resolution: 1920x1080
Name: 浙江卫视, URL: http://iptv.huuc.edu.cn/hls/zjhd.m3u8, IPv_Type: ipv6, Location: 中国, ISP: 教育网, Date: None, Delay: 0.1 ms, Speed: inf M/s, Resolution: 1920x1080
Name: 浙江卫视, URL: http://ikuai.zlsip.top:4022/rtp/239.3.1.137:8036, IPv_Type: ipv6, Location: 美国, ISP: CloudFlare Inc., Date: None, Delay: 0.1 ms, Speed: inf M/s, Resolution: 1920x1080
Name: 浙江卫视, URL: http://ali-vl.cztv.com/channels/lantian/channel001/360p.m3u8, IPv_Type: ipv6, Location: 中国, ISP: 中国电信, Date: None, Delay: 0.1 ms, Speed: inf M/s, Resolution: 1920x1080
Name: 浙江卫视, URL: http://[2409:8087:1a01:df::4043]:80/TVOD/88888888/224/3221225959/main.m3u8, IPv_Type: ipv6, Location: 中国, ISP: 中国移动, Date: None, Delay: 0.1 ms, Speed: inf M/s, Resolution: 1920x1080
Name: 浙江卫视, URL: http://[2409:8087:1a01:df::4077]/ottrrs.hl.chinamobile.com/PLTV/88888888/8/3221226342/index.m3u8, IPv_Type: ipv6, Location: 中国, ISP: 中国移动, Date: None, Delay: 0.1 ms, Speed: inf M/s, Resolution: 1920x1080
Name: 浙江卫视, URL: http://[2409:8087:1a01:df::4077]:80/ottrrs.hl.chinamobile.com/PLTV/88888888/8/3221226339/index.m3u8, IPv_Type: ipv6, Location: 中国, ISP: 中国移动, Date: None, Delay: 0.1 ms, Speed: inf M/s, Resolution: 1920x1080
Name: 浙江卫视, URL: http://[2409:8087:1a01:df::4077]/ottrrs.hl.chinamobile.com/yinhe/88888888/224/3221226339/index.m3u8, IPv_Type: ipv6, Location: 中国, ISP: 中国移动, Date: None, Delay: 0.1 ms, Speed: inf M/s, Resolution: 1920x1080
Name: 浙江卫视, URL: http://[2409:8087:1a01:df::4077]:80/ottrrs.hl.chinamobile.com/yinhe/88888888/224/3221226339/index.m3u8, IPv_Type: ipv6, Location: 中国, ISP: 中国移动, Date: None, Delay: 0.1 ms, Speed: inf M/s, Resolution: 1920x1080
Name: 浙江卫视, URL: http://[2409:8087:1a01:df::4077]:80/ottrrs.hl.chinamobile.com/PLTV/88888888/224/3221226339/index.m3u8, IPv_Type: ipv6, Location: 中国, ISP: 中国移动, Date: None, Delay: 0.1 ms, Speed: inf M/s, Resolution: 1920x1080
Name: 浙江卫视, URL: http://[2409:8087:1a01:df::4077]:80/ottrrs.hl.chinamobile.com/PLTV/88888888/8/3221226342/index.m3u8, IPv_Type: ipv6, Location: 中国, ISP: 中国移动, Date: None, Delay: 0.1 ms, Speed: inf M/s, Resolution: 1920x1080
Name: 浙江卫视, URL: http://[2409:8087:1a0a:df::404b]/ottrrs.hl.chinamobile.com/TVOD/88888888/224/3221226339/index.m3u8, IPv_Type: ipv6, Location: 中国, ISP: 中国移动, Date: None, Delay: 0.1 ms, Speed: inf M/s, Resolution: 1920x1080
Name: 浙江卫视, URL: http://ali-m-l.cztv.com/channels/lantian/channel01/1080p.m3u8, IPv_Type: ipv6, Location: 中国-广西-防城港, ISP: 电信, Date: None, Delay: 0.1 ms, Speed: inf M/s, Resolution: 1920x1080
Name: 浙江卫视, URL: http://yc.myds.me:35455/itv/5000000004000007275.m3u8?cdn=bestzb, IPv_Type: ipv6, Location: 中国, ISP: 中国电信, Date: None, Delay: 0.1 ms, Speed: inf M/s, Resolution: 1920x1080
Name: 浙江卫视, URL: http://yc.myds.me:35455/itv/1000000005000265031.m3u8?cdn=ystenlive, IPv_Type: ipv6, Location: 中国, ISP: 中国电信, Date: None, Delay: 0.1 ms, Speed: inf M/s, Resolution: 1920x1080
Name: 浙江卫视, URL: http://nas.suntao.online:35455/itv/1000000001000014260.m3u8?cdn=ystenlive, IPv_Type: ipv6, Location: 中国, ISP: 中国联通, Date: None, Delay: 0.1 ms, Speed: inf M/s, Resolution: 1920x1080
Name: 浙江卫视, URL: http://iptv.cdn.ha.chinamobile.com/PLTV/88888888/224/3221227202/index.m3u8, IPv_Type: ipv6, Location: 中国, ISP: 中国移动, Date: None, Delay: 0.1 ms, Speed: inf M/s, Resolution: 1920x1080
Name: 浙江卫视, URL: http://lu.wqwqwq.sbs/itv/1000000005000265031.m3u8?cdn=ystenlive, IPv_Type: ipv6, Location: 美国, ISP: CloudFlare Inc., Date: None, Delay: 0.1 ms, Speed: inf M/s, Resolution: 1920x1080
Name: 浙江卫视, URL: http://dbiptv.sn.chinamobile.com/PLTV/88888888/224/3221225798/1.m3u8, IPv_Type: ipv6, Location: 中国, ISP: 中国移动, Date: None, Delay: 0.1 ms, Speed: inf M/s, Resolution: 1920x1080
Name: 浙江卫视, URL: http://hwrr.jx.chinamobile.com:8080/PLTV/88888888/224/3221225491/index.m3u8?fmt=ts2hls, IPv_Type: ipv6, Location: 中国, ISP: 中国移动, Date: None, Delay: 0.1 ms, Speed: inf M/s, Resolution: 1920x1080
Name: 浙江卫视, URL: http://[2409:8087:2001:20:2800:0:df6e:eb10]:80/ott.mobaibox.com/PLTV/4/224/3221227491/index.m3u8, IPv_Type: ipv6, Location: 中国, ISP: 中国移动, Date: None, Delay: 0.1 ms, Speed: inf M/s, Resolution: 1920x1080
Name: 浙江卫视, URL: http://[2409:8087:1e03:21::2]:6060/cms001/ch00000090990000001023/index.m3u8, IPv_Type: ipv6, Location: 中国, ISP: 中国移动, Date: None, Delay: 0.1 ms, Speed: inf M/s, Resolution: 1920x1080
Name: 浙江卫视, URL: http://[2409:8087:3428:20:500::100f]:6610/PLTV/88888888/224/3221225870/index.m3u8?servicetype=1&IASHttpSessionId=RR423820220409134714119178, IPv_Type: ipv6, Location: 中国, ISP: 中国移动, Date: None, Delay: 0.1 ms, Speed: inf M/s, Resolution: 1920x1080
Name: 浙江卫视, URL: http://[2409:8087:3428:20:500::100f]:6610/PLTV/88888888/224/3221227193/index.m3u8?servicetype=1&IASHttpSessionId=RR423820220409134714119178, IPv_Type: ipv6, Location: 中国, ISP: 中国移动, Date: None, Delay: 0.1 ms, Speed: inf M/s, Resolution: 1920x1080
Name: 浙江卫视, URL: http://[2409:8087:3428:20:500::100f]:6610/PLTV/88888888/224/3221225825/index.m3u8?servicetype=1&IASHttpSessionId=RR423820220409134714119178, IPv_Type: ipv6, Location: 中国, ISP: 中国移动, Date: None, Delay: 0.1 ms, Speed: inf M/s, Resolution: 1920x1080
Name: 浙江卫视, URL: http://[2409:8087:3428:20:500::1009]:6610/PLTV/88888888/224/3221225870/index.m3u8?servicetype=1&IASHttpSessionId=RR423820220409134714119178, IPv_Type: ipv6, Location: 中国, ISP: 中国移动, Date: None, Delay: 0.1 ms, Speed: inf M/s, Resolution: 1920x1080
Name: 浙江卫视, URL: http://[2409:8087:3428:20:500::1009]:6610/PLTV/88888888/224/3221227193/index.m3u8?servicetype=1&IASHttpSessionId=RR423820220409134714119178, IPv_Type: ipv6, Location: 中国, ISP: 中国移动, Date: None, Delay: 0.1 ms, Speed: inf M/s, Resolution: 1920x1080
Name: 浙江卫视, URL: http://[2409:8087:3428:20:500::1009]:6610/PLTV/88888888/224/3221225825/index.m3u8?servicetype=1&IASHttpSessionId=RR423820220409134714119178, IPv_Type: ipv6, Location: 中国, ISP: 中国移动, Date: None, Delay: 0.1 ms, Speed: inf M/s, Resolution: 1920x1080
Name: 浙江卫视, URL: http://[2409:8087:2001:20:2800:0:df6e:eb11]/ott.mobaibox.com/PLTV/3/224/3221227491/index.m3u8, IPv_Type: ipv6, Location: 中国, ISP: 中国移动, Date: None, Delay: 0.1 ms, Speed: inf M/s, Resolution: 1920x1080
Name: 浙江卫视, URL: http://[2409:8087:2001:20:2800:0:df6e:eb06]:80/wh7f454c46tw1549378093_1832251100/ott.mobaibox.com/PLTV/3/224/3221227215/index.m3u8?icpid=3&RTS=1674385959&from=40&popid=40&hms_devid=2036&prioritypopid=40&vqe=3, IPv_Type: ipv6, Location: 中国, ISP: 中国移动, Date: None, Delay: 0.1 ms, Speed: inf M/s, Resolution: 1920x1080
Name: 浙江卫视, URL: http://[2409:8087:2001:20:2800:0:df6e:eb0c]:80/wh7f454c46tw2054729514_1244097787/ott.mobaibox.com/PLTV/3/224/3221227744/index.m3u8?icpid=3&RTS=1674386465&from=40&popid=40&hms_devid=2040&prioritypopid=40&vqe=3, IPv_Type: ipv6, Location: 中国, ISP: 中国移动, Date: None, Delay: 0.1 ms, Speed: inf M/s, Resolution: 1920x1080
Name: 浙江卫视, URL: http://[2409:8087:2001:20:2800:0:df6e:eb02]:80/wh7f454c46tw206093655_-1531148960/ott.mobaibox.com/PLTV/3/224/3221227692/index.m3u8?icpid=3&RTS=1674380321&from=40&popid=40&hms_devid=2039&prioritypopid=40&vqe=3, IPv_Type: ipv6, Location: 中国, ISP: 中国移动, Date: None, Delay: 0.1 ms, Speed: inf M/s, Resolution: 1920x1080
Name: 浙江卫视, URL: http://[2409:8087:2001:20:2800:0:df6e:eb0a]:80/wh7f454c46tw206230567_-371393331/ott.mobaibox.com/PLTV/3/224/3221228147/index.m3u8?icpid=3&RTS=1674380321&from=40&popid=40&hms_devid=2038&prioritypopid=40&vqe=3, IPv_Type: ipv6, Location: 中国, ISP: 中国移动, Date: None, Delay: 0.1 ms, Speed: inf M/s, Resolution: 1920x1080
Name: 浙江卫视, URL: http://[2409:8087:2001:20:2800:0:df6e:eb10]:80/wh7f454c46tw207135716_1985466075/ott.mobaibox.com/PLTV/3/224/3221227491/index.m3u8?icpid=3&RTS=1674380322&from=40&popid=40&hms_devid=2110&prioritypopid=40&vqe=3, IPv_Type: ipv6, Location: 中国, ISP: 中国移动, Date: None, Delay: 0.1 ms, Speed: inf M/s, Resolution: 1920x1080
Name: 浙江卫视, URL: http://[2409:8087:1e03:21::42]:6610/cms001/ch00000090990000001023/index.m3u8, IPv_Type: ipv6, Location: 中国, ISP: 中国移动, Date: None, Delay: 0.1 ms, Speed: inf M/s, Resolution: 1920x1080
Name: 浙江卫视, URL: http://[2409:8087:4c0a:22:1::11]:6410/170000001115/UmaiCHAN111130BESTVSMGSMG/index.m3u8?m3u8_level=2, IPv_Type: ipv6, Location: 中国, ISP: 中国移动, Date: None, Delay: 0.1 ms, Speed: inf M/s, Resolution: 1920x1080
Name: 浙江卫视, URL: http://[2409:8087:5e01:34::38]:6610/ZTE_CMS/00000001000000060000000000000248/index.m3u8, IPv_Type: ipv6, Location: 中国, ISP: 中国移动, Date: None, Delay: 0.1 ms, Speed: inf M/s, Resolution: 1920x1080
Name: 浙江卫视, URL: http://[2409:8087:5e00:24::1e]:6060/200000001898/460000089800010070/1.m3u8, IPv_Type: ipv6, Location: 中国, ISP: 中国移动, Date: None, Delay: 0.1 ms, Speed: inf M/s, Resolution: 1920x1080
Name: 浙江卫视, URL: http://[2409:8087:5e01:34::38]:6610/ZTE_CMS/00000001000000060000000000000248/index.m3u8?, IPv_Type: ipv6, Location: 中国, ISP: 中国移动, Date: None, Delay: 0.1 ms, Speed: inf M/s, Resolution: 1920x1080
Name: 浙江卫视, URL: http://[2409:8087:5e00:24::1f]:6060/ZTE_CMS/00000001000000060000000000000248/index.m3u8, IPv_Type: ipv6, Location: 中国, ISP: 中国移动, Date: None, Delay: 0.1 ms, Speed: inf M/s, Resolution: 1920x1080
Name: 浙江卫视, URL: http://[2409:8087:5e01:34::21]:6610/ZTE_CMS/00000001000000060000000000000248/index.m3u8?IAS, IPv_Type: ipv6, Location: 中国, ISP: 中国移动, Date: None, Delay: 0.1 ms, Speed: inf M/s, Resolution: 1920x1080
Name: 浙江卫视, URL: http://[2409:8087:5e01:34::20]:6610/ZTE_CMS/00000001000000060000000000000248/index.m3u8?IAS, IPv_Type: ipv6, Location: 中国, ISP: 中国移动, Date: None, Delay: 0.1 ms, Speed: inf M/s, Resolution: 1920x1080
Name: 浙江卫视, URL: http://[2409:8087:5e01:34::23]:6610/ZTE_CMS/00000001000000060000000000000248/index.m3u8?IAS, IPv_Type: ipv6, Location: 中国, ISP: 中国移动, Date: None, Delay: 0.1 ms, Speed: inf M/s, Resolution: 1920x1080
Name: 浙江卫视, URL: http://[2409:8087:5e01:34::22]:6610/ZTE_CMS/00000001000000060000000000000248/index.m3u8?IAS, IPv_Type: ipv6, Location: 中国, ISP: 中国移动, Date: None, Delay: 0.1 ms, Speed: inf M/s, Resolution: 1920x1080
Name: 浙江卫视, URL: http://[2409:8087:5e01:34::22]:6610/ZTE_CMS/00000001000000060000000000000248/index.m3u8?key=tvbox6_com, IPv_Type: ipv6, Location: 中国, ISP: 中国移动, Date: None, Delay: 0.1 ms, Speed: inf M/s, Resolution: 1920x1080
Name: 浙江卫视, URL: http://[2409:8087:4c0a:22:1::11]:6410/170000001115/UmaiCHAN111130BESTVSMGSMG/index.m3u8?AuthInfo=9kOOdBn7MFF%2F2bWjKgahUclW6AUI%2FSIO%2Bs%2F9KaqCfRAwoDIwMxbrlyyVy9x6ZDKnvfae09h%2Fzg38THB%2B%2FvaO%2BqCb7fDXq%2F%2BRzM2c4SN6TJM, IPv_Type: ipv6, Location: 中国, ISP: 中国移动, Date: None, Delay: 0.1 ms, Speed: inf M/s, Resolution: 1920x1080
Name: 浙江卫视, URL: http://[2409:8087:1a01:df::4077]/ottrrs.hl.chinamobile.com/PLTV/88888888/224/3221226339/index.m3u8, IPv_Type: ipv6, Location: 中国, ISP: 中国移动, Date: None, Delay: 0.1 ms, Speed: inf M/s, Resolution: 1920x1080
Name: 浙江卫视, URL: http://[2409:8087:1a01:df::4077]/ottrrs.hl.chinamobile.com/PLTV/88888888/8/3221226339/index.m3u8, IPv_Type: ipv6, Location: 中国, ISP: 中国移动, Date: None, Delay: 0.1 ms, Speed: inf M/s, Resolution: 1920x1080
Name: 浙江卫视, URL: http://[2409:8087:74f0:22::5]:6410/270000001128/9900000531/index.m3u8, IPv_Type: ipv6, Location: 中国, ISP: 中国移动, Date: None, Delay: 0.1 ms, Speed: inf M/s, Resolution: 1920x1080
Name: 浙江卫视, URL: http://[2409:8087:1a01:df::7005]/ottrrs.hl.chinamobile.com/PLTV/88888888/224/3221226339/index.m3u8, IPv_Type: ipv6, Location: 中国, ISP: 中国移动, Date: None, Delay: 0.1 ms, Speed: inf M/s, Resolution: 1920x1080
Name: 浙江卫视, URL: http://[2409:8087:1a01:df::7005]:80/ottrrs.hl.chinamobile.com/PLTV/88888888/224/3221226339/index.m3u8, IPv_Type: ipv6, Location: 中国, ISP: 中国移动, Date: None, Delay: 0.1 ms, Speed: inf M/s, Resolution: 1920x1080
Name: 浙江卫视, URL: http://[2409:8087:74f0:22::4]:6410/270000001128/9900000531/index.m3u8, IPv_Type: ipv6, Location: 中国, ISP: 中国移动, Date: None, Delay: 0.1 ms, Speed: inf M/s, Resolution: 1920x1080
Name: 浙江卫视, URL: http://[2409:8087:5e08:24::12]:6610/200000001898/460000089800010070/1.m3u8, IPv_Type: ipv6, Location: 中国, ISP: 中国移动, Date: None, Delay: 0.1 ms, Speed: inf M/s, Resolution: 1920x1080
Name: 浙江卫视, URL: http://[2409:8087:8:21::18]:6610/otttv.bj.chinamobile.com/PLTV/88888888/224/3221226899/1.m3u8?GuardEncType=2&accountinfo=%7E%7EV2.0%7ETYfTgTra_pUx2cPrgZ_BDw%7EtP4-l0lmSfjwLWEfK_el1vH_mv-s1zo4AQJwdedaVwG9xkuFTDg8J26cwOrNJzn20BErrHdLhuZ9EzLUCD3PMW-OMx4MGteHV2vLeW6BqoY%2CEND, IPv_Type: ipv6, Location: 中国, ISP: 中国移动, Date: None, Delay: -1 ms, Speed: 0.00 M/s, Resolution: None
Name: 浙江卫视, URL: http://[2409:8087:3869:8021:1001::e5]:6610/PLTV/88888910/224/3221225703/index.m3u8, IPv_Type: ipv6, Location: 中国, ISP: 中国移动, Date: None, Delay: -1 ms, Speed: 0.00 M/s, Resolution: None
Name: 浙江卫视, URL: http://[2409:8087:3869:8021:1001::e5]:6610/PLTV/88888888/224/3221225744/2/index.m3u8, IPv_Type: ipv6, Location: 中国, ISP: 中国移动, Date: None, Delay: -1 ms, Speed: 0.00 M/s, Resolution: None
Name: 浙江卫视, URL: https://cc06.tv12.xyz/117.m3u8, IPv_Type: ipv6, Location: 美国, ISP: CloudFlare Inc., Date: None, Delay: -1 ms, Speed: 0.00 M/s, Resolution: None
Name: 浙江卫视, URL: http://23.237.228.134/live6/zhejiang.m3u8, IPv_Type: ipv4, Location: 北美地区, ISP: , Date: None, Delay: 77 ms, Speed: 11.23 M/s, Resolution: 1920x1080
Name: 浙江卫视, URL: http://69.30.246.194/live/zjws.m3u8, IPv_Type: ipv4, Location: 美国-密苏里州-杰克逊县, ISP: WholeSale互联网股份有限公司, Date: None, Delay: 529 ms, Speed: 6.27 M/s, Resolution: 1920x1080
Name: 湖南卫视, URL: http://php.jdshipin.com/TVOD/hnyd.php?id=200000001898/460000089800010058, IPv_Type: ipv6, Location: 美国, ISP: CloudFlare Inc., Date: None, Delay: 0.1 ms, Speed: inf M/s, Resolution: 1920x1080
Name: 湖南卫视, URL: http://iptv.huuc.edu.cn/hls/hunanhd.m3u8, IPv_Type: ipv6, Location: 中国, ISP: 教育网, Date: None, Delay: 0.1 ms, Speed: inf M/s, Resolution: 1920x1080
Name: 湖南卫视, URL: http://[2409:8087:1a0a:df::404b]/ottrrs.hl.chinamobile.com/TVOD/88888888/224/3221225610/index.m3u8, IPv_Type: ipv6, Location: 中国, ISP: 中国移动, Date: None, Delay: 0.1 ms, Speed: inf M/s, Resolution: 1920x1080
Name: 湖南卫视, URL: http://[2409:8087:8:21::18]:6610/otttv.bj.chinamobile.com/PLTV/88888888/224/3221226493/1.m3u8, IPv_Type: ipv6, Location: 中国, ISP: 中国移动, Date: None, Delay: 0.1 ms, Speed: inf M/s, Resolution: 1920x1080
Name: 湖南卫视, URL: http://[2409:8087:8:21::18]:6610/otttv.bj.chinamobile.com/PLTV/88888888/224/3221226509/1.m3u8, IPv_Type: ipv6, Location: 中国, ISP: 中国移动, Date: None, Delay: 0.1 ms, Speed: inf M/s, Resolution: 1920x1080
Name: 湖南卫视, URL: http://[2409:8087:1e03:21::42]:6610/cms001/ch00000090990000001026/index.m3u8, IPv_Type: ipv6, Location: 中国, ISP: 中国移动, Date: None, Delay: 0.1 ms, Speed: inf M/s, Resolution: 1920x1080
Name: 湖南卫视, URL: http://[2409:8087:1e03:21::2]:6060/cms001/ch00000090990000001026/index.m3u8, IPv_Type: ipv6, Location: 中国, ISP: 中国移动, Date: None, Delay: 0.1 ms, Speed: inf M/s, Resolution: 1920x1080
Name: 湖南卫视, URL: http://[2409:8087:4402:20:1:1216:401:3b]/iptv.cdn.ha.chinamobile.com/PLTV/88888888/224/3221226659/index.m3u8, IPv_Type: ipv6, Location: 中国, ISP: 中国移动, Date: None, Delay: 0.1 ms, Speed: inf M/s, Resolution: 1920x1080
Name: 湖南卫视, URL: http://[2409:8087:3428:20:500::100f]:6610/PLTV/88888888/224/3221225827/index.m3u8?servicetype=1&IASHttpSessionId=RR423820220409134714119178, IPv_Type: ipv6, Location: 中国, ISP: 中国移动, Date: None, Delay: 0.1 ms, Speed: inf M/s, Resolution: 1920x1080
Name: 湖南卫视, URL: http://[2409:8087:3428:20:500::1009]:6610/PLTV/88888888/224/3221225827/index.m3u8?servicetype=1&IASHttpSessionId=RR423820220409134714119178, IPv_Type: ipv6, Location: 中国, ISP: 中国移动, Date: None, Delay: 0.1 ms, Speed: inf M/s, Resolution: 1920x1080
Name: 湖南卫视, URL: http://[2409:8087:2001:20:2800:0:df6e:eb16]:80/ott.mobaibox.com/PLTV/4/224/3221227482/index.m3u8, IPv_Type: ipv6, Location: 中国, ISP: 中国移动, Date: None, Delay: 0.1 ms, Speed: inf M/s, Resolution: 1920x1080
Name: 湖南卫视, URL: http://[2409:8087:3428:20:500::100f]:6610/PLTV/88888888/224/3221227232/index.m3u8?servicetype=1&IASHttpSessionId=RR423820220409134714119178, IPv_Type: ipv6, Location: 中国, ISP: 中国移动, Date: None, Delay: 0.1 ms, Speed: inf M/s, Resolution: 1920x1080
Name: 湖南卫视, URL: http://yc.myds.me:35455/itv/5000000004000006692.m3u8?cdn=bestzb, IPv_Type: ipv6, Location: 中国, ISP: 中国电信, Date: None, Delay: 0.1 ms, Speed: inf M/s, Resolution: 1920x1080
Name: 湖南卫视, URL: http://yc.myds.me:35455/itv/6000000001000018044.m3u8?cdn=wasusyt, IPv_Type: ipv6, Location: 中国, ISP: 中国电信, Date: None, Delay: 0.1 ms, Speed: inf M/s, Resolution: 1920x1080
Name: 湖南卫视, URL: http://nas.suntao.online:35455/itv/5000000004000006692.m3u8?cdn=bestzb, IPv_Type: ipv6, Location: 中国, ISP: 中国联通, Date: None, Delay: 0.1 ms, Speed: inf M/s, Resolution: 1920x1080
Name: 湖南卫视, URL: http://dbiptv.sn.chinamobile.com/PLTV/88888888/224/3221225799/1.m3u8, IPv_Type: ipv6, Location: 中国, ISP: 中国移动, Date: None, Delay: 0.1 ms, Speed: inf M/s, Resolution: 1920x1080
Name: 湖南卫视, URL: http://hwrr.jx.chinamobile.com:8080/PLTV/88888888/224/3221225490/index.m3u8?fmt=ts2hls, IPv_Type: ipv6, Location: 中国, ISP: 中国移动, Date: None, Delay: 0.1 ms, Speed: inf M/s, Resolution: 1920x1080
Name: 湖南卫视, URL: http://[2409:8087:3428:20:500::100f]:6610/PLTV/88888888/224/3221226851/index.m3u8?servicetype=1&IASHttpSessionId=RR423820220409134714119178, IPv_Type: ipv6, Location: 中国, ISP: 中国移动, Date: None, Delay: 0.1 ms, Speed: inf M/s, Resolution: 1920x1080
Name: 湖南卫视, URL: http://[2409:8087:3428:20:500::1009]:6610/PLTV/88888888/224/3221227232/index.m3u8?servicetype=1&IASHttpSessionId=RR423820220409134714119178, IPv_Type: ipv6, Location: 中国, ISP: 中国移动, Date: None, Delay: 0.1 ms, Speed: inf M/s, Resolution: 1920x1080
Name: 湖南卫视, URL: http://[2409:8087:3428:20:500::1009]:6610/PLTV/88888888/224/3221226851/index.m3u8?servicetype=1&IASHttpSessionId=RR423820220409134714119178, IPv_Type: ipv6, Location: 中国, ISP: 中国移动, Date: None, Delay: 0.1 ms, Speed: inf M/s, Resolution: 1920x1080
Name: 湖南卫视, URL: http://[2409:8087:2001:20:2800:0:df6e:eb04]:80/wh7f454c46tw2055394169_1305357411/ott.mobaibox.com/PLTV/3/224/3221227220/index.m3u8?icpid=3&RTS=1674386465&from=40&popid=40&hms_devid=2041&prioritypopid=40&vqe=3, IPv_Type: ipv6, Location: 中国, ISP: 中国移动, Date: None, Delay: 0.1 ms, Speed: inf M/s, Resolution: 1920x1080
Name: 湖南卫视, URL: http://[2409:8087:2001:20:2800:0:df6e:eb0c]:80/wh7f454c46tw1752929778_1854170372/ott.mobaibox.com/PLTV/3/224/3221227735/index.m3u8?icpid=3&RTS=1674386163&from=40&popid=40&hms_devid=2040&prioritypopid=40&vqe=3, IPv_Type: ipv6, Location: 中国, ISP: 中国移动, Date: None, Delay: 0.1 ms, Speed: inf M/s, Resolution: 1920x1080
Name: 湖南卫视, URL: http://[2409:8087:2001:20:2800:0:df6e:eb02]:80/wh7f454c46tw211198975_1777940059/ott.mobaibox.com/PLTV/3/224/3221227698/index.m3u8?icpid=3&RTS=1674380326&from=40&popid=40&hms_devid=2039&prioritypopid=40&vqe=3, IPv_Type: ipv6, Location: 中国, ISP: 中国移动, Date: None, Delay: 0.1 ms, Speed: inf M/s, Resolution: 1920x1080
Name: 湖南卫视, URL: http://[2409:8087:5e01:34::38]:6610/ZTE_CMS/00000001000000060000000000000174/index.m3u8, IPv_Type: ipv6, Location: 中国, ISP: 中国移动, Date: None, Delay: 0.1 ms, Speed: inf M/s, Resolution: 1920x1080
Name: 湖南卫视, URL: http://[2409:8087:5e01:34::38]:6610/ZTE_CMS/00000001000000060000000000000174/index.m3u8?, IPv_Type: ipv6, Location: 中国, ISP: 中国移动, Date: None, Delay: 0.1 ms, Speed: inf M/s, Resolution: 1920x1080
Name: 湖南卫视, URL: http://[2409:8087:5e00:24::1f]:6060/ZTE_CMS/00000001000000060000000000000174/index.m3u8, IPv_Type: ipv6, Location: 中国, ISP: 中国移动, Date: None, Delay: 0.1 ms, Speed: inf M/s, Resolution: 1920x1080
Name: 湖南卫视, URL: http://[2409:8087:4c0a:22:1::11]:6410/170000001115/UmaiCHAN181358BESTVSMGSMG9/index.m3u8?m3u8_level=2, IPv_Type: ipv6, Location: 中国, ISP: 中国移动, Date: None, Delay: 0.1 ms, Speed: inf M/s, Resolution: 1920x1080
Name: 湖南卫视, URL: http://[2409:8087:5e01:34::23]:6610/ZTE_CMS/00000001000000060000000000000482/index.m3u8?IAS, IPv_Type: ipv6, Location: 中国, ISP: 中国移动, Date: None, Delay: 0.1 ms, Speed: inf M/s, Resolution: 1920x1080
Name: 湖南卫视, URL: http://[2409:8087:5e01:34::21]:6610/ZTE_CMS/00000001000000060000000000000174/index.m3u8?IAS, IPv_Type: ipv6, Location: 中国, ISP: 中国移动, Date: None, Delay: 0.1 ms, Speed: inf M/s, Resolution: 1920x1080
Name: 湖南卫视, URL: http://[2409:8087:5e01:34::22]:6610/ZTE_CMS/00000001000000060000000000000174/index.m3u8?IAS, IPv_Type: ipv6, Location: 中国, ISP: 中国移动, Date: None, Delay: 0.1 ms, Speed: inf M/s, Resolution: 1920x1080
Name: 湖南卫视, URL: http://[2409:8087:5e01:34::20]:6610/ZTE_CMS/00000001000000060000000000000174/index.m3u8?IAS, IPv_Type: ipv6, Location: 中国, ISP: 中国移动, Date: None, Delay: 0.1 ms, Speed: inf M/s, Resolution: 1920x1080
Name: 湖南卫视, URL: http://[2409:8087:5e01:34::23]:6610/ZTE_CMS/00000001000000060000000000000174/index.m3u8?IAS, IPv_Type: ipv6, Location: 中国, ISP: 中国移动, Date: None, Delay: 0.1 ms, Speed: inf M/s, Resolution: 1920x1080
Name: 湖南卫视, URL: http://[2409:8087:4c0a:22:1::11]:6410/170000001115/UmaiCHAN181358BESTVSMGSMG9/index.m3u8?AuthInfo=9kOOdBn7MFF%2F2bWjKgahUds%2BUtPKX7dYKgp%2FtymOuOt9pHjY5eGh1%2F3MQt0stvVIffnHpm3K91ELxLBLxf9DE3IGliSDUqkfu%2BEzvoBJvtA, IPv_Type: ipv6, Location: 中国, ISP: 中国移动, Date: None, Delay: 0.1 ms, Speed: inf M/s, Resolution: 1920x1080
Name: 湖南卫视, URL: http://[2409:8087:5e01:34::23]:6610/ZTE_CMS/00000001000000060000000000000174/index.m3u8?key=tvbox6_com, IPv_Type: ipv6, Location: 中国, ISP: 中国移动, Date: None, Delay: 0.1 ms, Speed: inf M/s, Resolution: 1920x1080
Name: 湖南卫视, URL: http://lu.wqwqwq.sbs/itv/1000000005000265024.m3u8?cdn=ystenlive, IPv_Type: ipv6, Location: 美国, ISP: CloudFlare Inc., Date: None, Delay: 0.1 ms, Speed: inf M/s, Resolution: 1920x1080
Name: 湖南卫视, URL: http://[2409:8087:2001:20:2800:0:df6e:eb16]:80/wh7f454c46tw1229968665_-2033076102/ott.mobaibox.com/PLTV/3/224/3221227482/index.m3u8?icpid=3&RTS=1674385640&from=40&popid=40&hms_devid=2114&prioritypopid=40&vqe=3, IPv_Type: ipv6, Location: 中国, ISP: 中国移动, Date: None, Delay: 0.1 ms, Speed: inf M/s, Resolution: 1920x1080
Name: 湖南卫视, URL: http://[2409:8087:74f0:22::5]:6410/270000001128/9900000523/index.m3u8, IPv_Type: ipv6, Location: 中国, ISP: 中国移动, Date: None, Delay: 0.1 ms, Speed: inf M/s, Resolution: 1920x1080
Name: 湖南卫视, URL: http://[2409:8087:1a01:df::7005]/ottrrs.hl.chinamobile.com/PLTV/88888888/224/3221226307/index.m3u8, IPv_Type: ipv6, Location: 中国, ISP: 中国移动, Date: None, Delay: 0.1 ms, Speed: inf M/s, Resolution: 1920x1080
Name: 湖南卫视, URL: http://[2409:8087:1a01:df::7005]:80/ottrrs.hl.chinamobile.com/PLTV/88888888/224/3221226307/index.m3u8, IPv_Type: ipv6, Location: 中国, ISP: 中国移动, Date: None, Delay: 0.1 ms, Speed: inf M/s, Resolution: 1920x1080
Name: 湖南卫视, URL: http://[2409:8087:5e00:24::1e]:6060/200000001898/460000089800010058/1.m3u8, IPv_Type: ipv6, Location: 中国, ISP: 中国移动, Date: None, Delay: 0.1 ms, Speed: inf M/s, Resolution: 1920x1080
Name: 湖南卫视, URL: http://[2409:8087:3869:8021:1001::e5]:6610/PLTV/88888910/224/3221225704/index.m3u8, IPv_Type: ipv6, Location: 中国, ISP: 中国移动, Date: None, Delay: -1 ms, Speed: 0.00 M/s, Resolution: None
Name: 湖南卫视, URL: http://[2409:8087:8:21::18]:6610/otttv.bj.chinamobile.com/PLTV/88888888/224/3221226509/1.m3u8?zoneoffset=480&servicetype=1&icpid=&limitflux=-1&limitdur=-1&tenantId=8601&accountinfo=%7E%7EV2.0%7EIGb_ib7rnBX9_sANRKq9sg%7EpK8OKM5JoJWWbLRyLfPcUMkwWZ90MzSI9S9PDltJsYzd0ZGcS3Tkh7syciNKJa-w60mDOdwtDyoNwCx9aRgzHNH9AUREV_qvNJtXHRPzYw0%7EExtInfo9bj61dxzlMXrsixrqcFYPg%3D%3D%3A20221022013542%2C915973%2C119.123.71.209%2C20221022013542%2C10000100000000050000000003873458%2C915973%2C-1%2C0%2C1%2C%2C%2C2%2C%2C%2C%2C2%2C%2C10000100000000060000000007253514_0%2CEND&GuardEncType=2, IPv_Type: ipv6, Location: 中国, ISP: 中国移动, Date: None, Delay: -1 ms, Speed: 0.00 M/s, Resolution: None
Name: 湖南卫视, URL: http://[2409:8087:3869:8021:1001::e5]:6610/PLTV/88888888/224/3221225490/2/index.m3u8, IPv_Type: ipv6, Location: 中国, ISP: 中国移动, Date: None, Delay: -1 ms, Speed: 0.00 M/s, Resolution: None
Name: 湖南卫视, URL: http://[2409:8087:3869:8021:1001::e5]:6610/PLTV/88888888/224/3221225704/2/index.m3u8, IPv_Type: ipv6, Location: 中国, ISP: 中国移动, Date: None, Delay: -1 ms, Speed: 0.00 M/s, Resolution: None
Name: 湖南卫视, URL: http://[2409:8087:3869:8021:1001::e5]:6610/PLTV/88888888/224/3221225745/2/index.m3u8, IPv_Type: ipv6, Location: 中国, ISP: 中国移动, Date: None, Delay: -1 ms, Speed: 0.00 M/s, Resolution: None
Name: 湖南卫视, URL: http://rrs01.hw.gmcc.net:8088/PLTV/81/224/3221226698/1.m3u8, IPv_Type: ipv6, Location: 中国, ISP: 中国移动, Date: None, Delay: -1 ms, Speed: 0.00 M/s, Resolution: None
Name: 湖南卫视, URL: https://migu.188766.xyz/?migutoken=ec26188e91410ebeb44f54597d4eb02f&id=%E6%B9%96%E5%8D%97%E5%8D%AB%E8%A7%86&pp=1, IPv_Type: ipv6, Location: 美国, ISP: CloudFlare Inc., Date: None, Delay: -1 ms, Speed: 0.00 M/s, Resolution: None
Name: 湖南卫视, URL: https://cc06.tv12.xyz/57.m3u8, IPv_Type: ipv6, Location: 美国, ISP: CloudFlare Inc., Date: None, Delay: -1 ms, Speed: 0.00 M/s, Resolution: None
Name: 北京卫视, URL: http://php.jdshipin.com/TVOD/hnyd.php?id=200000001898/460000089800010143, IPv_Type: ipv6, Location: 美国, ISP: CloudFlare Inc., Date: None, Delay: 0.1 ms, Speed: inf M/s, Resolution: 1920x1080
Name: 北京卫视, URL: http://[2409:8087:1:20:20::2c]/otttv.bj.chinamobile.com/PLTV/88888888/224/3221226436/1.m3u8?GuardEncType=2&accountinfo=%7E%7EV2.0%7ElMQ3ov45VmhzipweN5VstQ%7E_eNUbgU9sJGUcVVduOMKhafLvQUgE_zlz_7pvDimJNPg_yZ8DZHTaSU92MIl_o3b%2CEND, IPv_Type: ipv6, Location: 中国, ISP: 中国移动, Date: None, Delay: 0.1 ms, Speed: inf M/s, Resolution: 1920x1080
Name: 北京卫视, URL: http://iptv.huuc.edu.cn/hls/btv1hd.m3u8, IPv_Type: ipv6, Location: 中国, ISP: 教育网, Date: None, Delay: 0.1 ms, Speed: inf M/s, Resolution: 1920x1080
Name: 北京卫视, URL: https://smart.pendy.dpdns.org/Smart.php?id=beijing, IPv_Type: ipv6, Location: 美国, ISP: CloudFlare Inc., Date: None, Delay: 0.1 ms, Speed: inf M/s, Resolution: 1920x1080
Name: 北京卫视, URL: http://[2409:8087:1a0a:df::404b]/ottrrs.hl.chinamobile.com/TVOD/88888888/224/3221226450/index.m3u8, IPv_Type: ipv6, Location: 中国, ISP: 中国移动, Date: None, Delay: 0.1 ms, Speed: inf M/s, Resolution: 1920x1080
Name: 北京卫视, URL: http://[2409:8087:1a01:df::4077]/ottrrs.hl.chinamobile.com/PLTV/88888888/8/3221226450/index.m3u8, IPv_Type: ipv6, Location: 中国, ISP: 中国移动, Date: None, Delay: 0.1 ms, Speed: inf M/s, Resolution: 1920x1080
Name: 北京卫视, URL: http://[2409:8087:1a01:df::4077]:80/ottrrs.hl.chinamobile.com/PLTV/88888888/224/3221226450/1.m3u8, IPv_Type: ipv6, Location: 中国, ISP: 中国移动, Date: None, Delay: 0.1 ms, Speed: inf M/s, Resolution: 1920x1080
Name: 北京卫视, URL: http://[2409:8087:1a01:df::4077]/ottrrs.hl.chinamobile.com/yinhe/88888888/224/3221226450/index.m3u8, IPv_Type: ipv6, Location: 中国, ISP: 中国移动, Date: None, Delay: 0.1 ms, Speed: inf M/s, Resolution: 1920x1080
Name: 北京卫视, URL: http://[2409:8087:1a01:df::4077]:80/ottrrs.hl.chinamobile.com/PLTV/88888888/8/3221226450/index.m3u8, IPv_Type: ipv6, Location: 中国, ISP: 中国移动, Date: None, Delay: 0.1 ms, Speed: inf M/s, Resolution: 1920x1080
Name: 北京卫视, URL: http://[2409:8087:1a01:df::4077]/ottrrs.hl.chinamobile.com/PLTV/88888888/224/3221226450/index.m3u8, IPv_Type: ipv6, Location: 中国, ISP: 中国移动, Date: None, Delay: 0.1 ms, Speed: inf M/s, Resolution: 1920x1080
Name: 北京卫视, URL: http://[2409:8087:1a01:df::4077]/ottrrs.hl.chinamobile.com/PLTV/88888888/224/3221226450/1.m3u8?icpid=88888888&from=1&hms_devid=1012&vqe=3, IPv_Type: ipv6, Location: 中国, ISP: 中国移动, Date: None, Delay: 0.1 ms, Speed: inf M/s, Resolution: 1920x1080
Name: 北京卫视, URL: http://iptv.cdn.ha.chinamobile.com/PLTV/88888888/224/3221227179/index.m3u8, IPv_Type: ipv6, Location: 中国, ISP: 中国移动, Date: None, Delay: 0.1 ms, Speed: inf M/s, Resolution: 1920x1080
Name: 北京卫视, URL: http://yc.myds.me:35455/itv/6000000001000020451.m3u8?cdn=wasusyt, IPv_Type: ipv6, Location: 中国, ISP: 中国电信, Date: None, Delay: 0.1 ms, Speed: inf M/s, Resolution: 1920x1080
Name: 北京卫视, URL: http://nas.suntao.online:35455/itv/6000000001000020451.m3u8?cdn=wasusyt, IPv_Type: ipv6, Location: 中国, ISP: 中国联通, Date: None, Delay: 0.1 ms, Speed: inf M/s, Resolution: 1920x1080
Name: 北京卫视, URL: http://lu.wqwqwq.sbs/itv/1000000005000265027.m3u8?cdn=ystenlive, IPv_Type: ipv6, Location: 美国, ISP: CloudFlare Inc., Date: None, Delay: 0.1 ms, Speed: inf M/s, Resolution: 1920x1080
Name: 北京卫视, URL: http://dbiptv.sn.chinamobile.com/PLTV/88888888/224/3221225796/1.m3u8, IPv_Type: ipv6, Location: 中国, ISP: 中国移动, Date: None, Delay: 0.1 ms, Speed: inf M/s, Resolution: 1920x1080
Name: 北京卫视, URL: http://cdn.jdshipin.com:8880/ysp.php?id=bjws, IPv_Type: ipv6, Location: 美国, ISP: CloudFlare Inc., Date: None, Delay: 0.1 ms, Speed: inf M/s, Resolution: 1920x1080
Name: 北京卫视, URL: http://hwrr.jx.chinamobile.com:8080/PLTV/88888888/224/3221225600/index.m3u8?fmt=ts2hls, IPv_Type: ipv6, Location: 中国, ISP: 中国移动, Date: None, Delay: 0.1 ms, Speed: inf M/s, Resolution: 1920x1080
Name: 北京卫视, URL: http://[2409:8087:2001:20:2800:0:df6e:eb0b]/wh7f454c46tw2687876293_-1703018199/ott.mobaibox.com/PLTV/3/224/3221227508/index.m3u8?icpid=3&RTS=1668597482&from=40&popid=40&hms_devid=2038&prioritypopid=40&vqe=3, IPv_Type: ipv6, Location: 中国, ISP: 中国移动, Date: None, Delay: 0.1 ms, Speed: inf M/s, Resolution: 1920x1080
Name: 北京卫视, URL: http://[2409:8087:2001:20:2800:0:df6e:eb12]:80/ott.mobaibox.com/PLTV/4/224/3221228115/index.m3u8, IPv_Type: ipv6, Location: 中国, ISP: 中国移动, Date: None, Delay: 0.1 ms, Speed: inf M/s, Resolution: 1920x1080
Name: 北京卫视, URL: http://[2409:8087:3428:20:500::100f]:6610/PLTV/88888888/224/3221225826/index.m3u8?servicetype=1&IASHttpSessionId=RR423820220409134714119178, IPv_Type: ipv6, Location: 中国, ISP: 中国移动, Date: None, Delay: 0.1 ms, Speed: inf M/s, Resolution: 1920x1080
Name: 北京卫视, URL: http://[2409:8087:3428:20:500::1009]:6610/PLTV/88888888/224/3221225826/index.m3u8?servicetype=1&IASHttpSessionId=RR423820220409134714119178, IPv_Type: ipv6, Location: 中国, ISP: 中国移动, Date: None, Delay: 0.1 ms, Speed: inf M/s, Resolution: 1920x1080
Name: 北京卫视, URL: http://[2409:8087:2001:20:2800:0:df6e:eb07]:80/wh7f454c46tw2053622677_1535084124/ott.mobaibox.com/PLTV/3/224/3221227246/index.m3u8?icpid=3&RTS=1674386464&from=40&popid=40&hms_devid=2036&prioritypopid=40&vqe=3, IPv_Type: ipv6, Location: 中国, ISP: 中国移动, Date: None, Delay: 0.1 ms, Speed: inf M/s, Resolution: 1920x1080
Name: 北京卫视, URL: http://[2409:8087:2001:20:2800:0:df6e:eb03]:80/wh7f454c46tw1747628339_39925349/ott.mobaibox.com/PLTV/3/224/3221227694/index.m3u8?icpid=3&RTS=1674386158&from=40&popid=40&hms_devid=2039&prioritypopid=40&vqe=3, IPv_Type: ipv6, Location: 中国, ISP: 中国移动, Date: None, Delay: 0.1 ms, Speed: inf M/s, Resolution: 1920x1080
Name: 北京卫视, URL: http://[2409:8087:2001:20:2800:0:df6e:eb12]:80/wh7f454c46tw1929110115_-211355068/ott.mobaibox.com/PLTV/3/224/3221228115/index.m3u8?icpid=3&RTS=1674386339&from=40&popid=40&hms_devid=2112&prioritypopid=40&vqe=3, IPv_Type: ipv6, Location: 中国, ISP: 中国移动, Date: None, Delay: 0.1 ms, Speed: inf M/s, Resolution: 1920x1080
Name: 北京卫视, URL: http://[2409:8087:2001:20:2800:0:df6e:eb0b]:80/wh7f454c46tw823289767_-833132954/ott.mobaibox.com/PLTV/3/224/3221227508/index.m3u8?icpid=3&RTS=1674380938&from=40&popid=40&hms_devid=2038&prioritypopid=40&vqe=3, IPv_Type: ipv6, Location: 中国, ISP: 中国移动, Date: None, Delay: 0.1 ms, Speed: inf M/s, Resolution: 1920x1080
Name: 北京卫视, URL: http://[2409:8087:1e03:21::42]:6610/cms001/ch00000090990000001029/index.m3u8, IPv_Type: ipv6, Location: 中国, ISP: 中国移动, Date: None, Delay: 0.1 ms, Speed: inf M/s, Resolution: 1920x1080
Name: 北京卫视, URL: http://[2409:8087:5e01:34::38]:6610/ZTE_CMS/00000001000000060000000000000173/index.m3u8, IPv_Type: ipv6, Location: 中国, ISP: 中国移动, Date: None, Delay: 0.1 ms, Speed: inf M/s, Resolution: 1920x1080
Name: 北京卫视, URL: http://[2409:8087:5e01:34::38]:6610/ZTE_CMS/00000001000000060000000000000173/index.m3u8?, IPv_Type: ipv6, Location: 中国, ISP: 中国移动, Date: None, Delay: 0.1 ms, Speed: inf M/s, Resolution: 1920x1080
Name: 北京卫视, URL: http://[2409:8087:4c0a:22:1::11]:6410/170000001115/UmaiCHAN181361BESTVSMGSMG/index.m3u8?m3u8_level=2, IPv_Type: ipv6, Location: 中国, ISP: 中国移动, Date: None, Delay: 0.1 ms, Speed: inf M/s, Resolution: 1920x1080
Name: 北京卫视, URL: http://[2409:8087:5e01:34::22]:6610/ZTE_CMS/00000001000000060000000000000173/index.m3u8?IAS, IPv_Type: ipv6, Location: 中国, ISP: 中国移动, Date: None, Delay: 0.1 ms, Speed: inf M/s, Resolution: 1920x1080
Name: 北京卫视, URL: http://[2409:8087:4c0a:22:1::11]:6410/170000001115/UmaiCHAN181361BESTVSMGSMG/index.m3u8?AuthInfo=9kOOdBn7MFF%2F2bWjKgahUVKcU8XeU8C9ZEn2TN9C%2BRcwoDIwMxbrlyyVy9x6ZDKnfS6nBeQejvigwfjRd2x%2BU7thmluKAkd%2BIGySvIyq4AU, IPv_Type: ipv6, Location: 中国, ISP: 中国移动, Date: None, Delay: 0.1 ms, Speed: inf M/s, Resolution: 1920x1080
Name: 北京卫视, URL: http://[2409:8087:5e00:24::1f]:6060/ZTE_CMS/00000001000000060000000000000173/index.m3u8, IPv_Type: ipv6, Location: 中国, ISP: 中国移动, Date: None, Delay: 0.1 ms, Speed: inf M/s, Resolution: 1920x1080
Name: 北京卫视, URL: http://[2409:8087:5e01:34::23]:6610/ZTE_CMS/00000001000000060000000000000173/index.m3u8?IAS, IPv_Type: ipv6, Location: 中国, ISP: 中国移动, Date: None, Delay: 0.1 ms, Speed: inf M/s, Resolution: 1920x1080
Name: 北京卫视, URL: http://[2409:8087:5e01:34::20]:6610/ZTE_CMS/00000001000000060000000000000173/index.m3u8?IAS, IPv_Type: ipv6, Location: 中国, ISP: 中国移动, Date: None, Delay: 0.1 ms, Speed: inf M/s, Resolution: 1920x1080
Name: 北京卫视, URL: http://[2409:8087:5e01:34::21]:6610/ZTE_CMS/00000001000000060000000000000173/index.m3u8?IAS, IPv_Type: ipv6, Location: 中国, ISP: 中国移动, Date: None, Delay: 0.1 ms, Speed: inf M/s, Resolution: 1920x1080
Name: 北京卫视, URL: http://[2409:8087:1a01:df::4077]:80/ottrrs.hl.chinamobile.com/PLTV/88888888/224/3221226450/index.m3u8, IPv_Type: ipv6, Location: 中国, ISP: 中国移动, Date: None, Delay: 0.1 ms, Speed: inf M/s, Resolution: 1920x1080
Name: 北京卫视, URL: http://[2409:8087:1a01:df::4077]:80/ottrrs.hl.chinamobile.com/yinhe/88888888/224/3221226450/index.m3u8, IPv_Type: ipv6, Location: 中国, ISP: 中国移动, Date: None, Delay: 0.1 ms, Speed: inf M/s, Resolution: 1920x1080
Name: 北京卫视, URL: http://dbiptv.sn.chinamobile.com/PLTV/88888890/224/3221225796/index.m3u8, IPv_Type: ipv6, Location: 中国, ISP: 中国移动, Date: None, Delay: 0.1 ms, Speed: inf M/s, Resolution: 1920x1080
Name: 北京卫视, URL: http://[2409:8087:1e03:21::2]:6060/cms001/ch00000090990000001029/index.m3u8, IPv_Type: ipv6, Location: 中国, ISP: 中国移动, Date: None, Delay: 0.1 ms, Speed: inf M/s, Resolution: 1920x1080
Name: 北京卫视, URL: http://[2409:8087:3428:20:500::100f]:6610/PLTV/88888888/224/3221227246/index.m3u8?servicetype=1&IASHttpSessionId=RR423820220409134714119178, IPv_Type: ipv6, Location: 中国, ISP: 中国移动, Date: None, Delay: 0.1 ms, Speed: inf M/s, Resolution: 1920x1080
Name: 北京卫视, URL: http://[2409:8087:3428:20:500::1009]:6610/PLTV/88888888/224/3221227246/index.m3u8?servicetype=1&IASHttpSessionId=RR423820220409134714119178, IPv_Type: ipv6, Location: 中国, ISP: 中国移动, Date: None, Delay: 0.1 ms, Speed: inf M/s, Resolution: 1920x1080
Name: 北京卫视, URL: http://[2409:8087:2001:20:2800:0:df6e:eb12]:80/wh7f454c46tw2172392385_-1992157393/ott.mobaibox.com/PLTV/3/224/3221227652/index.m3u8?icpid=3&RTS=1674386582&from=40&popid=40&hms_devid=2112&prioritypopid=40&vqe=3, IPv_Type: ipv6, Location: 中国, ISP: 中国移动, Date: None, Delay: 0.1 ms, Speed: inf M/s, Resolution: 1920x1080
Name: 北京卫视, URL: http://[2409:8087:5e00:24::1e]:6060/200000001898/460000089800010143/1.m3u8, IPv_Type: ipv6, Location: 中国, ISP: 中国移动, Date: None, Delay: 0.1 ms, Speed: inf M/s, Resolution: 1920x1080
Name: 北京卫视, URL: http://[2409:8087:74f0:22::6]:6410/270000001128/9900000516/index.m3u8, IPv_Type: ipv6, Location: 中国, ISP: 中国移动, Date: None, Delay: 0.1 ms, Speed: inf M/s, Resolution: 1920x1080
Name: 北京卫视, URL: http://[2409:8087:1a01:df::7005]/ottrrs.hl.chinamobile.com/PLTV/88888888/224/3221226450/index.m3u8, IPv_Type: ipv6, Location: 中国, ISP: 中国移动, Date: None, Delay: 0.1 ms, Speed: inf M/s, Resolution: 1920x1080
Name: 北京卫视, URL: http://[2409:8087:1a01:df::7005]:80/ottrrs.hl.chinamobile.com/PLTV/88888888/224/3221226450/index.m3u8, IPv_Type: ipv6, Location: 中国, ISP: 中国移动, Date: None, Delay: 0.1 ms, Speed: inf M/s, Resolution: 1920x1080
Name: 北京卫视, URL: http://[2409:8087:5e00:24::1e]:6060/200000001898/460000089800010043/1.m3u8, IPv_Type: ipv6, Location: 中国, ISP: 中国移动, Date: None, Delay: 0.1 ms, Speed: inf M/s, Resolution: 1920x1080
Name: 北京卫视, URL: http://[2409:8087:3869:8021:1001::e5]:6610/PLTV/88888910/224/3221225674/index.m3u8, IPv_Type: ipv6, Location: 中国, ISP: 中国移动, Date: None, Delay: -1 ms, Speed: 0.00 M/s, Resolution: None
Name: 北京卫视, URL: http://[2409:8087:3869:8021:1001::e5]:6610/PLTV/88888888/224/3221225600/2/index.m3u8, IPv_Type: ipv6, Location: 中国, ISP: 中国移动, Date: None, Delay: -1 ms, Speed: 0.00 M/s, Resolution: None
Name: 北京卫视, URL: http://[2409:8087:3869:8021:1001::e5]:6610/PLTV/88888888/224/3221225674/2/index.m3u8, IPv_Type: ipv6, Location: 中国, ISP: 中国移动, Date: None, Delay: -1 ms, Speed: 0.00 M/s, Resolution: None
Name: 北京卫视, URL: http://[2409:8087:3869:8021:1001::e5]:6610/PLTV/88888888/224/3221225673/2/index.m3u8, IPv_Type: ipv6, Location: 中国, ISP: 中国移动, Date: None, Delay: -1 ms, Speed: 0.00 M/s, Resolution: None
Name: 北京卫视, URL: http://[2409:8087:8:21::18]:6610/otttv.bj.chinamobile.com/PLTV/88888888/224/3221226900/1.m3u8?GuardEncType=2&accountinfo=%7E%7EV2.0%7EcYPi33WFyhvd6SjmqUKhJg%7EtP4-l0lmSfjwLWEfK_el1vH_mv-s1zo4AQJwdedaVwG9xkuFTDg8J26cwOrNJzn20BErrHdLhuZ9EzLUCD3PMW-OMx4MGteHV2vLeW6BqoY%2CEND, IPv_Type: ipv6, Location: 中国, ISP: 中国移动, Date: None, Delay: -1 ms, Speed: 0.00 M/s, Resolution: None
Name: 北京卫视, URL: http://rrs01.hw.gmcc.net:8088/PLTV/81/224/3221226719/1.m3u8, IPv_Type: ipv6, Location: 中国, ISP: 中国移动, Date: None, Delay: -1 ms, Speed: 0.00 M/s, Resolution: None
Name: 北京卫视, URL: https://cc06.tv12.xyz/27.m3u8, IPv_Type: ipv6, Location: 美国, ISP: CloudFlare Inc., Date: None, Delay: -1 ms, Speed: 0.00 M/s, Resolution: None
Name: 湖北卫视, URL: http://php.jdshipin.com/TVOD/hnyd.php?id=200000001898/460000089800010057, IPv_Type: ipv6, Location: 美国, ISP: CloudFlare Inc., Date: None, Delay: 0.1 ms, Speed: inf M/s, Resolution: 1920x1080
Name: 湖北卫视, URL: http://iptv.huuc.edu.cn/hls/hbhd.m3u8, IPv_Type: ipv6, Location: 中国, ISP: 教育网, Date: None, Delay: 0.1 ms, Speed: inf M/s, Resolution: 1920x1080
Name: 湖北卫视, URL: https://smart.pendy.dpdns.org/Smart.php?id=hubei, IPv_Type: ipv6, Location: 美国, ISP: CloudFlare Inc., Date: None, Delay: 0.1 ms, Speed: inf M/s, Resolution: 1920x1080
Name: 湖北卫视, URL: http://[2409:8087:1a01:df::4077]/ottrrs.hl.chinamobile.com/PLTV/88888888/8/3221226501/index.m3u8, IPv_Type: ipv6, Location: 中国, ISP: 中国移动, Date: None, Delay: 0.1 ms, Speed: inf M/s, Resolution: 1920x1080
Name: 湖北卫视, URL: http://[2409:8087:1a01:df::4077]:80/ottrrs.hl.chinamobile.com/PLTV/88888888/8/3221226477/index.m3u8, IPv_Type: ipv6, Location: 中国, ISP: 中国移动, Date: None, Delay: 0.1 ms, Speed: inf M/s, Resolution: 1920x1080
Name: 湖北卫视, URL: http://[2409:8087:1a01:df::4077]/ottrrs.hl.chinamobile.com/PLTV/88888888/8/3221226477/index.m3u8, IPv_Type: ipv6, Location: 中国, ISP: 中国移动, Date: None, Delay: 0.1 ms, Speed: inf M/s, Resolution: 1920x1080
Name: 湖北卫视, URL: http://[2409:8087:1a01:df::4077]/ottrrs.hl.chinamobile.com/PLTV/88888888/224/3221226477/index.m3u8, IPv_Type: ipv6, Location: 中国, ISP: 中国移动, Date: None, Delay: 0.1 ms, Speed: inf M/s, Resolution: 1920x1080
Name: 湖北卫视, URL: http://[2409:8087:1a01:df::4077]:80/ottrrs.hl.chinamobile.com/PLTV/88888888/8/3221226501/index.m3u8, IPv_Type: ipv6, Location: 中国, ISP: 中国移动, Date: None, Delay: 0.1 ms, Speed: inf M/s, Resolution: 1920x1080
Name: 湖北卫视, URL: http://[2409:8087:8:21::18]:6610/otttv.bj.chinamobile.com/PLTV/88888888/224/3221226240/1.m3u8, IPv_Type: ipv6, Location: 中国, ISP: 中国移动, Date: None, Delay: 0.1 ms, Speed: inf M/s, Resolution: 1920x1080
Name: 湖北卫视, URL: http://[2409:8087:8:21::18]:6610/otttv.bj.chinamobile.com/PLTV/88888888/224/3221226503/1.m3u8, IPv_Type: ipv6, Location: 中国, ISP: 中国移动, Date: None, Delay: 0.1 ms, Speed: inf M/s, Resolution: 1920x1080
Name: 湖北卫视, URL: http://[2409:8087:8:21::18]:6610/otttv.bj.chinamobile.com/PLTV/88888888/224/3221226520/1.m3u8, IPv_Type: ipv6, Location: 中国, ISP: 中国移动, Date: None, Delay: 0.1 ms, Speed: inf M/s, Resolution: 1920x1080
Name: 湖北卫视, URL: http://[2409:8087:1a0a:df::404b]/ottrrs.hl.chinamobile.com/TVOD/88888888/224/3221226477/index.m3u8, IPv_Type: ipv6, Location: 中国, ISP: 中国移动, Date: None, Delay: 0.1 ms, Speed: inf M/s, Resolution: 1920x1080
Name: 湖北卫视, URL: http://yc.myds.me:35455/itv/6000000001000015436.m3u8?cdn=wasusyt, IPv_Type: ipv6, Location: 中国, ISP: 中国电信, Date: None, Delay: 0.1 ms, Speed: inf M/s, Resolution: 1920x1080
Name: 湖北卫视, URL: http://yc.myds.me:35455/itv/1000000005000265023.m3u8?cdn=ystenlive, IPv_Type: ipv6, Location: 中国, ISP: 中国电信, Date: None, Delay: 0.1 ms, Speed: inf M/s, Resolution: 1920x1080
Name: 湖北卫视, URL: http://nas.suntao.online:35455/itv/1000000001000024621.m3u8?cdn=ystenlive, IPv_Type: ipv6, Location: 中国, ISP: 中国联通, Date: None, Delay: 0.1 ms, Speed: inf M/s, Resolution: 1920x1080
Name: 湖北卫视, URL: http://iptv.cdn.ha.chinamobile.com/PLTV/88888888/224/3221227238/index.m3u8, IPv_Type: ipv6, Location: 中国, ISP: 中国移动, Date: None, Delay: 0.1 ms, Speed: inf M/s, Resolution: 1920x1080
Name: 湖北卫视, URL: http://lu.wqwqwq.sbs/itv/1000000005000265023.m3u8?cdn=ystenlive, IPv_Type: ipv6, Location: 美国, ISP: CloudFlare Inc., Date: None, Delay: 0.1 ms, Speed: inf M/s, Resolution: 1920x1080
Name: 湖北卫视, URL: http://dbiptv.sn.chinamobile.com/PLTV/88888888/224/3221226206/1.m3u8, IPv_Type: ipv6, Location: 中国, ISP: 中国移动, Date: None, Delay: 0.1 ms, Speed: inf M/s, Resolution: 1920x1080
Name: 湖北卫视, URL: http://hwrr.jx.chinamobile.com:8080/PLTV/88888888/224/3221225596/index.m3u8?fmt=ts2hls, IPv_Type: ipv6, Location: 中国, ISP: 中国移动, Date: None, Delay: 0.1 ms, Speed: inf M/s, Resolution: 1920x1080
Name: 湖北卫视, URL: http://[2409:8087:2001:20:2800:0:df6e:eb10]:80/ott.mobaibox.com/PLTV/4/224/3221227479/index.m3u8, IPv_Type: ipv6, Location: 中国, ISP: 中国移动, Date: None, Delay: 0.1 ms, Speed: inf M/s, Resolution: 1920x1080
Name: 湖北卫视, URL: http://[2409:8087:3428:20:500::100f]:6610/PLTV/88888888/224/3221227111/index.m3u8?servicetype=1&IASHttpSessionId=RR423820220409134714119178, IPv_Type: ipv6, Location: 中国, ISP: 中国移动, Date: None, Delay: 0.1 ms, Speed: inf M/s, Resolution: 1920x1080
Name: 湖北卫视, URL: http://[2409:8087:3428:20:500::1009]:6610/PLTV/88888888/224/3221227111/index.m3u8?servicetype=1&IASHttpSessionId=RR423820220409134714119178, IPv_Type: ipv6, Location: 中国, ISP: 中国移动, Date: None, Delay: 0.1 ms, Speed: inf M/s, Resolution: 1920x1080
Name: 湖北卫视, URL: http://[2409:8087:2001:20:2800:0:df6e:eb07]:80/wh7f454c46tw1550755006_-1154349795/ott.mobaibox.com/PLTV/3/224/3221227211/index.m3u8?icpid=3&RTS=1674385961&from=40&popid=40&hms_devid=2036&prioritypopid=40&vqe=3, IPv_Type: ipv6, Location: 中国, ISP: 中国移动, Date: None, Delay: 0.1 ms, Speed: inf M/s, Resolution: 1920x1080
Name: 湖北卫视, URL: http://[2409:8087:2001:20:2800:0:df6e:eb1a]:80/wh7f454c46tw209710282_-1743646795/ott.mobaibox.com/PLTV/3/224/3221227565/index.m3u8?icpid=3&RTS=1674380325&from=40&popid=40&hms_devid=2116&prioritypopid=40&vqe=3, IPv_Type: ipv6, Location: 中国, ISP: 中国移动, Date: None, Delay: 0.1 ms, Speed: inf M/s, Resolution: 1920x1080
Name: 湖北卫视, URL: http://[2409:8087:2001:20:2800:0:df6e:eb0d]:80/wh7f454c46tw1550947964_-1647381759/ott.mobaibox.com/PLTV/3/224/3221227665/index.m3u8?icpid=3&RTS=1674385961&from=40&popid=40&hms_devid=2040&prioritypopid=40&vqe=3, IPv_Type: ipv6, Location: 中国, ISP: 中国移动, Date: None, Delay: 0.1 ms, Speed: inf M/s, Resolution: 1920x1080
Name: 湖北卫视, URL: http://[2409:8087:2001:20:2800:0:df6e:eb03]:80/wh7f454c46tw210191902_-158401056/ott.mobaibox.com/PLTV/3/224/3221227703/index.m3u8?icpid=3&RTS=1674380325&from=40&popid=40&hms_devid=2039&prioritypopid=40&vqe=3, IPv_Type: ipv6, Location: 中国, ISP: 中国移动, Date: None, Delay: 0.1 ms, Speed: inf M/s, Resolution: 1920x1080
Name: 湖北卫视, URL: http://[2409:8087:1e03:21::42]:6610/cms001/ch00000090990000001027/index.m3u8, IPv_Type: ipv6, Location: 中国, ISP: 中国移动, Date: None, Delay: 0.1 ms, Speed: inf M/s, Resolution: 1920x1080
Name: 湖北卫视, URL: http://[2409:8087:5e01:34::38]:6610/ZTE_CMS/00000001000000060000000000000250/index.m3u8, IPv_Type: ipv6, Location: 中国, ISP: 中国移动, Date: None, Delay: 0.1 ms, Speed: inf M/s, Resolution: 1920x1080
Name: 湖北卫视, URL: http://[2409:8087:5e01:34::38]:6610/ZTE_CMS/00000001000000060000000000000250/index.m3u8?, IPv_Type: ipv6, Location: 中国, ISP: 中国移动, Date: None, Delay: 0.1 ms, Speed: inf M/s, Resolution: 1920x1080
Name: 湖北卫视, URL: http://[2409:8087:5e00:24::1f]:6060/ZTE_CMS/00000001000000060000000000000250/index.m3u8, IPv_Type: ipv6, Location: 中国, ISP: 中国移动, Date: None, Delay: 0.1 ms, Speed: inf M/s, Resolution: 1920x1080
Name: 湖北卫视, URL: http://[2409:8087:4c0a:22:1::11]:6410/170000001115/UmaiCHAN911989BESTVSMGSMG/index.m3u8?m3u8_level=2, IPv_Type: ipv6, Location: 中国, ISP: 中国移动, Date: None, Delay: 0.1 ms, Speed: inf M/s, Resolution: 1920x1080
Name: 湖北卫视, URL: http://[2409:8087:5e01:34::22]:6610/ZTE_CMS/00000001000000060000000000000250/index.m3u8?IAS, IPv_Type: ipv6, Location: 中国, ISP: 中国移动, Date: None, Delay: 0.1 ms, Speed: inf M/s, Resolution: 1920x1080
Name: 湖北卫视, URL: http://[2409:8087:5e01:34::23]:6610/ZTE_CMS/00000001000000060000000000000250/index.m3u8?IAS, IPv_Type: ipv6, Location: 中国, ISP: 中国移动, Date: None, Delay: 0.1 ms, Speed: inf M/s, Resolution: 1920x1080
Name: 湖北卫视, URL: http://[2409:8087:5e01:34::21]:6610/ZTE_CMS/00000001000000060000000000000250/index.m3u8?IAS, IPv_Type: ipv6, Location: 中国, ISP: 中国移动, Date: None, Delay: 0.1 ms, Speed: inf M/s, Resolution: 1920x1080
Name: 湖北卫视, URL: http://[2409:8087:5e01:34::20]:6610/ZTE_CMS/00000001000000060000000000000250/index.m3u8?IAS, IPv_Type: ipv6, Location: 中国, ISP: 中国移动, Date: None, Delay: 0.1 ms, Speed: inf M/s, Resolution: 1920x1080
Name: 湖北卫视, URL: http://[2409:8087:1a01:df::4077]:80/ottrrs.hl.chinamobile.com/PLTV/88888888/224/3221226477/index.m3u8, IPv_Type: ipv6, Location: 中国, ISP: 中国移动, Date: None, Delay: 0.1 ms, Speed: inf M/s, Resolution: 1920x1080
Name: 湖北卫视, URL: http://dbiptv.sn.chinamobile.com/PLTV/88888890/224/3221226194/index.m3u8, IPv_Type: ipv6, Location: 中国, ISP: 中国移动, Date: None, Delay: 0.1 ms, Speed: inf M/s, Resolution: 1920x1080
Name: 湖北卫视, URL: http://[2409:8087:2001:20:2800:0:df6e:eb11]/wh7f454c46tw3059146177_-1525708880/ott.mobaibox.com/PLTV/3/224/3221227479/index.m3u8?icpid=3&RTS=1668597853&from=40&popid=40&hms_devid=2110&prioritypopid=40&vqe=3, IPv_Type: ipv6, Location: 中国, ISP: 中国移动, Date: None, Delay: 0.1 ms, Speed: inf M/s, Resolution: 1920x1080
Name: 湖北卫视, URL: http://[2409:8087:1e03:21::2]:6060/cms001/ch00000090990000001027/index.m3u8, IPv_Type: ipv6, Location: 中国, ISP: 中国移动, Date: None, Delay: 0.1 ms, Speed: inf M/s, Resolution: 1920x1080
Name: 湖北卫视, URL: http://[2409:8087:3428:20:500::100f]:6610/PLTV/88888888/224/3221225840/index.m3u8?servicetype=1&IASHttpSessionId=RR423820220409134714119178, IPv_Type: ipv6, Location: 中国, ISP: 中国移动, Date: None, Delay: 0.1 ms, Speed: inf M/s, Resolution: 1920x1080
Name: 湖北卫视, URL: http://[2409:8087:3428:20:500::1009]:6610/PLTV/88888888/224/3221225840/index.m3u8?servicetype=1&IASHttpSessionId=RR423820220409134714119178, IPv_Type: ipv6, Location: 中国, ISP: 中国移动, Date: None, Delay: 0.1 ms, Speed: inf M/s, Resolution: 1920x1080
Name: 湖北卫视, URL: http://[2409:8087:2001:20:2800:0:df6e:eb10]:80/wh7f454c46tw1752644276_-1948147358/ott.mobaibox.com/PLTV/3/224/3221227479/index.m3u8?icpid=3&RTS=1674386163&from=40&popid=40&hms_devid=2110&prioritypopid=40&vqe=3, IPv_Type: ipv6, Location: 中国, ISP: 中国移动, Date: None, Delay: 0.1 ms, Speed: inf M/s, Resolution: 1920x1080
Name: 湖北卫视, URL: http://[2409:8087:4c0a:22:1::11]:6410/170000001115/UmaiCHAN911989BESTVSMGSMG/index.m3u8?AuthInfo=9kOOdBn7MFF%2F2bWjKgahUTjwoxLREP8RbFWdRUM4faswoDIwMxbrlyyVy9x6ZDKnEdPk51m%2FYpbAXpN4hljdv%2Fuo7x98HZteEPqTZvSaqAE, IPv_Type: ipv6, Location: 中国, ISP: 中国移动, Date: None, Delay: 0.1 ms, Speed: inf M/s, Resolution: 1920x1080
Name: 湖北卫视, URL: http://[2409:8087:74f0:22::5]:6410/270000001128/9900000522/index.m3u8, IPv_Type: ipv6, Location: 中国, ISP: 中国移动, Date: None, Delay: 0.1 ms, Speed: inf M/s, Resolution: 1920x1080
Name: 湖北卫视, URL: http://[2409:8087:1a01:df::7005]/ottrrs.hl.chinamobile.com/PLTV/88888888/224/3221226477/index.m3u8, IPv_Type: ipv6, Location: 中国, ISP: 中国移动, Date: None, Delay: 0.1 ms, Speed: inf M/s, Resolution: 1920x1080
Name: 湖北卫视, URL: http://[2409:8087:1a01:df::7005]:80/ottrrs.hl.chinamobile.com/PLTV/88888888/224/3221226477/index.m3u8, IPv_Type: ipv6, Location: 中国, ISP: 中国移动, Date: None, Delay: 0.1 ms, Speed: inf M/s, Resolution: 1920x1080
Name: 湖北卫视, URL: http://[2409:8087:5e00:24::1e]:6060/200000001898/460000089800010057/1.m3u8, IPv_Type: ipv6, Location: 中国, ISP: 中国移动, Date: None, Delay: 0.1 ms, Speed: inf M/s, Resolution: 1920x1080
Name: 湖北卫视, URL: http://[2409:8087:3869:8021:1001::e5]:6610/PLTV/88888910/224/3221225699/index.m3u8, IPv_Type: ipv6, Location: 中国, ISP: 中国移动, Date: None, Delay: -1 ms, Speed: 0.00 M/s, Resolution: None
Name: 湖北卫视, URL: http://[2409:8087:3869:8021:1001::e5]:6610/PLTV/88888888/224/3221225699/2/index.m3u8, IPv_Type: ipv6, Location: 中国, ISP: 中国移动, Date: None, Delay: -1 ms, Speed: 0.00 M/s, Resolution: None
Name: 湖北卫视, URL: http://[2409:8087:8:21::18]:6610/otttv.bj.chinamobile.com/PLTV/88888888/224/3221226952/1.m3u8?GuardEncType=2&accountinfo=%7E%7EV2.0%7EREB40lnZnCEwjRy7LZuhIQ%7EtP4-l0lmSfjwLWEfK_el1vH_mv-s1zo4AQJwdedaVwG9xkuFTDg8J26cwOrNJzn20BErrHdLhuZ9EzLUCD3PMW-OMx4MGteHV2vLeW6BqoY%2CEND, IPv_Type: ipv6, Location: 中国, ISP: 中国移动, Date: None, Delay: -1 ms, Speed: 0.00 M/s, Resolution: None
Name: 湖北卫视, URL: http://rrs01.hw.gmcc.net:8088/PLTV/81/224/3221226713/1.m3u8, IPv_Type: ipv6, Location: 中国, ISP: 中国移动, Date: None, Delay: -1 ms, Speed: 0.00 M/s, Resolution: None
Name: 湖北卫视, URL: https://migu.188766.xyz/?migutoken=9157c8aa7a594b5e3a23675f8f75f55b&id=%E6%B9%96%E5%8C%97%E5%8D%AB%E8%A7%86&pp=1, IPv_Type: ipv6, Location: 美国, ISP: CloudFlare Inc., Date: None, Delay: -1 ms, Speed: 0.00 M/s, Resolution: None
Name: 湖北卫视, URL: https://cc06.tv12.xyz/50.m3u8, IPv_Type: ipv6, Location: 美国, ISP: CloudFlare Inc., Date: None, Delay: -1 ms, Speed: 0.00 M/s, Resolution: None
Name: 湖北卫视, URL: http://23.237.228.134/live6/hubei.m3u8, IPv_Type: ipv4, Location: 北美地区, ISP: , Date: None, Delay: 76 ms, Speed: 11.47 M/s, Resolution: 1920x1080
Name: 黑龙江卫视, URL: http://php.jdshipin.com/TVOD/hnyd.php?id=200000001898/460000089800010056, IPv_Type: ipv6, Location: 美国, ISP: CloudFlare Inc., Date: None, Delay: 0.1 ms, Speed: inf M/s, Resolution: 1920x1080
Name: 黑龙江卫视, URL: http://l.cztvcloud.com/channels/lantian/SXyuyao3/720p.m3u8, IPv_Type: ipv6, Location: 中国-江苏-常州, ISP: 电信, Date: None, Delay: 0.1 ms, Speed: inf M/s, Resolution: 1920x1080
Name: 黑龙江卫视, URL: http://iptv.huuc.edu.cn/hls/hljhd.m3u8, IPv_Type: ipv6, Location: 中国, ISP: 教育网, Date: None, Delay: 0.1 ms, Speed: inf M/s, Resolution: 1920x1080
Name: 黑龙江卫视, URL: http://[2409:8087:1a0a:df::404b]/ottrrs.hl.chinamobile.com/TVOD/88888888/224/3221226327/index.m3u8, IPv_Type: ipv6, Location: 中国, ISP: 中国移动, Date: None, Delay: 0.1 ms, Speed: inf M/s, Resolution: 1920x1080
Name: 黑龙江卫视, URL: http://[2409:8087:1a01:df::4001]/ottrrs.hl.chinamobile.com/PLTV/88888888/224/3221226327/1.m3u8, IPv_Type: ipv6, Location: 中国, ISP: 中国移动, Date: None, Delay: 0.1 ms, Speed: inf M/s, Resolution: 1920x1080
Name: 黑龙江卫视, URL: http://[2409:8087:1a01:df::4077]/ottrrs.hl.chinamobile.com/PLTV/88888888/8/3221226327/index.m3u8, IPv_Type: ipv6, Location: 中国, ISP: 中国移动, Date: None, Delay: 0.1 ms, Speed: inf M/s, Resolution: 1920x1080
Name: 黑龙江卫视, URL: http://[2409:8087:8:21::18]:6610/otttv.bj.chinamobile.com/PLTV/88888888/224/3221226239/1.m3u8, IPv_Type: ipv6, Location: 中国, ISP: 中国移动, Date: None, Delay: 0.1 ms, Speed: inf M/s, Resolution: 1920x1080
Name: 黑龙江卫视, URL: http://[2409:8087:8:21::18]:6610/otttv.bj.chinamobile.com/PLTV/88888888/224/3221226498/1.m3u8, IPv_Type: ipv6, Location: 中国, ISP: 中国移动, Date: None, Delay: 0.1 ms, Speed: inf M/s, Resolution: 1920x1080
Name: 黑龙江卫视, URL: http://iptv.cdn.ha.chinamobile.com/PLTV/88888888/224/3221227207/index.m3u8, IPv_Type: ipv6, Location: 中国, ISP: 中国移动, Date: None, Delay: 0.1 ms, Speed: inf M/s, Resolution: 1920x1080
Name: 黑龙江卫视, URL: http://[2409:8087:1a01:df::4077]:80/ottrrs.hl.chinamobile.com/PLTV/88888888/224/3221226327/index.m3u8, IPv_Type: ipv6, Location: 中国, ISP: 中国移动, Date: None, Delay: 0.1 ms, Speed: inf M/s, Resolution: 1920x1080
Name: 黑龙江卫视, URL: http://[2409:8087:2001:20:2800:0:df6e:eb16]:80/ott.mobaibox.com/PLTV/4/224/3221227514/index.m3u8, IPv_Type: ipv6, Location: 中国, ISP: 中国移动, Date: None, Delay: 0.1 ms, Speed: inf M/s, Resolution: 1920x1080
Name: 黑龙江卫视, URL: http://[2409:8087:3428:20:500::100f]:6610/PLTV/88888888/224/3221227197/index.m3u8?servicetype=1&IASHttpSessionId=RR423820220409134714119178, IPv_Type: ipv6, Location: 中国, ISP: 中国移动, Date: None, Delay: 0.1 ms, Speed: inf M/s, Resolution: 1920x1080
Name: 黑龙江卫视, URL: http://[2409:8087:3428:20:500::1009]:6610/PLTV/88888888/224/3221227197/index.m3u8?servicetype=1&IASHttpSessionId=RR423820220409134714119178, IPv_Type: ipv6, Location: 中国, ISP: 中国移动, Date: None, Delay: 0.1 ms, Speed: inf M/s, Resolution: 1920x1080
Name: 黑龙江卫视, URL: http://yc.myds.me:35455/itv/6000000001000016510.m3u8?cdn=wasusyt, IPv_Type: ipv6, Location: 中国, ISP: 中国电信, Date: None, Delay: 0.1 ms, Speed: inf M/s, Resolution: 1920x1080
Name: 黑龙江卫视, URL: http://yc.myds.me:35455/itv/1000000005000265029.m3u8?cdn=ystenlive, IPv_Type: ipv6, Location: 中国, ISP: 中国电信, Date: None, Delay: 0.1 ms, Speed: inf M/s, Resolution: 1920x1080
Name: 黑龙江卫视, URL: http://nas.suntao.online:35455/itv/1000000001000001925.m3u8?cdn=ystenlive, IPv_Type: ipv6, Location: 中国, ISP: 中国联通, Date: None, Delay: 0.1 ms, Speed: inf M/s, Resolution: 1920x1080
Name: 黑龙江卫视, URL: http://lu.wqwqwq.sbs/itv/1000000001000001925.m3u8?cdn=ystenlive, IPv_Type: ipv6, Location: 美国, ISP: CloudFlare Inc., Date: None, Delay: 0.1 ms, Speed: inf M/s, Resolution: 1920x1080
Name: 黑龙江卫视, URL: http://dbiptv.sn.chinamobile.com/PLTV/88888888/224/3221226010/1.m3u8, IPv_Type: ipv6, Location: 中国, ISP: 中国移动, Date: None, Delay: 0.1 ms, Speed: inf M/s, Resolution: 1920x1080
Name: 黑龙江卫视, URL: http://ottrrs.hl.chinamobile.com/TVOD/88888888/224/3221226525/index.m3u8, IPv_Type: ipv6, Location: 中国, ISP: 中国移动, Date: None, Delay: 0.1 ms, Speed: inf M/s, Resolution: 1920x1080
Name: 黑龙江卫视, URL: http://hwrr.jx.chinamobile.com:8080/PLTV/88888888/224/3221225586/index.m3u8?fmt=ts2hls, IPv_Type: ipv6, Location: 中国, ISP: 中国移动, Date: None, Delay: 0.1 ms, Speed: inf M/s, Resolution: 1920x1080
Name: 黑龙江卫视, URL: http://[2409:8087:2001:20:2800:0:df6e:eb07]:80/wh7f454c46tw515505966_53770455/ott.mobaibox.com/PLTV/3/224/3221227252/index.m3u8?icpid=3&RTS=1674380630&from=40&popid=40&hms_devid=2036&prioritypopid=40&vqe=3, IPv_Type: ipv6, Location: 中国, ISP: 中国移动, Date: None, Delay: 0.1 ms, Speed: inf M/s, Resolution: 1920x1080
Name: 黑龙江卫视, URL: http://[2409:8087:2001:20:2800:0:df6e:eb0c]:80/wh7f454c46tw1754072820_1199010569/ott.mobaibox.com/PLTV/3/224/3221227662/index.m3u8?icpid=3&RTS=1674386164&from=40&popid=40&hms_devid=2040&prioritypopid=40&vqe=3, IPv_Type: ipv6, Location: 中国, ISP: 中国移动, Date: None, Delay: 0.1 ms, Speed: inf M/s, Resolution: 1920x1080
Name: 黑龙江卫视, URL: http://[2409:8087:2001:20:2800:0:df6e:eb03]:80/wh7f454c46tw516023873_-290665544/ott.mobaibox.com/PLTV/3/224/3221227753/index.m3u8?icpid=3&RTS=1674380631&from=40&popid=40&hms_devid=2039&prioritypopid=40&vqe=3, IPv_Type: ipv6, Location: 中国, ISP: 中国移动, Date: None, Delay: 0.1 ms, Speed: inf M/s, Resolution: 1920x1080
Name: 黑龙江卫视, URL: http://[2409:8087:2001:20:2800:0:df6e:eb16]:80/wh7f454c46tw1754506897_714399677/ott.mobaibox.com/PLTV/3/224/3221227514/index.m3u8?icpid=3&RTS=1674386164&from=40&popid=40&hms_devid=2114&prioritypopid=40&vqe=3, IPv_Type: ipv6, Location: 中国, ISP: 中国移动, Date: None, Delay: 0.1 ms, Speed: inf M/s, Resolution: 1920x1080
Name: 黑龙江卫视, URL: http://[2409:8087:1e03:21::42]:6610/cms001/ch00000090990000001031/index.m3u8, IPv_Type: ipv6, Location: 中国, ISP: 中国移动, Date: None, Delay: 0.1 ms, Speed: inf M/s, Resolution: 1920x1080
Name: 黑龙江卫视, URL: http://[2409:8087:2001:20:2800:0:df6e:eb26]:80/wh7f454c46tw516667270_434053295/ott.mobaibox.com/PLTV/3/224/3221228295/index.m3u8?icpid=3&RTS=1674380632&from=40&popid=40&hms_devid=2293&prioritypopid=40&vqe=3, IPv_Type: ipv6, Location: 中国, ISP: 中国移动, Date: None, Delay: 0.1 ms, Speed: inf M/s, Resolution: 1920x1080
Name: 黑龙江卫视, URL: http://[2409:8087:2001:20:2800:0:df6e:eb17]/wh7f454c46tw3143044227_-926148572/ott.mobaibox.com/PLTV/3/224/3221227514/index.m3u8?icpid=3&RTS=1668597937&from=40&popid=40&hms_devid=2114&prioritypopid=40&vqe=3, IPv_Type: ipv6, Location: 中国, ISP: 中国移动, Date: None, Delay: 0.1 ms, Speed: inf M/s, Resolution: 1920x1080
Name: 黑龙江卫视, URL: http://[2409:8087:5e01:34::38]:6610/ZTE_CMS/00000001000000060000000000000175/index.m3u8, IPv_Type: ipv6, Location: 中国, ISP: 中国移动, Date: None, Delay: 0.1 ms, Speed: inf M/s, Resolution: 1920x1080
Name: 黑龙江卫视, URL: http://[2409:8087:5e01:34::38]:6610/ZTE_CMS/00000001000000060000000000000175/index.m3u8?, IPv_Type: ipv6, Location: 中国, ISP: 中国移动, Date: None, Delay: 0.1 ms, Speed: inf M/s, Resolution: 1920x1080
Name: 黑龙江卫视, URL: http://[2409:8087:5e00:24::1f]:6060/ZTE_CMS/00000001000000060000000000000175/index.m3u8, IPv_Type: ipv6, Location: 中国, ISP: 中国移动, Date: None, Delay: 0.1 ms, Speed: inf M/s, Resolution: 1920x1080
Name: 黑龙江卫视, URL: http://[2409:8087:5e01:34::20]:6610/ZTE_CMS/00000001000000060000000000000175/index.m3u8?IAS, IPv_Type: ipv6, Location: 中国, ISP: 中国移动, Date: None, Delay: 0.1 ms, Speed: inf M/s, Resolution: 1920x1080
Name: 黑龙江卫视, URL: http://[2409:8087:5e01:34::22]:6610/ZTE_CMS/00000001000000060000000000000175/index.m3u8?IAS, IPv_Type: ipv6, Location: 中国, ISP: 中国移动, Date: None, Delay: 0.1 ms, Speed: inf M/s, Resolution: 1920x1080
Name: 黑龙江卫视, URL: http://[2409:8087:5e01:34::23]:6610/ZTE_CMS/00000001000000060000000000000175/index.m3u8?IAS, IPv_Type: ipv6, Location: 中国, ISP: 中国移动, Date: None, Delay: 0.1 ms, Speed: inf M/s, Resolution: 1920x1080
Name: 黑龙江卫视, URL: http://[2409:8087:5e01:34::21]:6610/ZTE_CMS/00000001000000060000000000000175/index.m3u8?IAS, IPv_Type: ipv6, Location: 中国, ISP: 中国移动, Date: None, Delay: 0.1 ms, Speed: inf M/s, Resolution: 1920x1080
Name: 黑龙江卫视, URL: http://[2409:8087:5e01:34::20]:6610/ZTE_CMS/00000001000000060000000000000175/index.m3u8?key=tvbox6_com, IPv_Type: ipv6, Location: 中国, ISP: 中国移动, Date: None, Delay: 0.1 ms, Speed: inf M/s, Resolution: 1920x1080
Name: 黑龙江卫视, URL: http://[2409:8087:1a01:df::4077]:80/ottrrs.hl.chinamobile.com/yinhe/88888888/8/3221226327/index.m3u8, IPv_Type: ipv6, Location: 中国, ISP: 中国移动, Date: None, Delay: 0.1 ms, Speed: inf M/s, Resolution: 1920x1080
Name: 黑龙江卫视, URL: http://[2409:8087:1a01:df::4077]/ottrrs.hl.chinamobile.com/PLTV/88888888/224/3221226327/index.m3u8, IPv_Type: ipv6, Location: 中国, ISP: 中国移动, Date: None, Delay: 0.1 ms, Speed: inf M/s, Resolution: 1920x1080
Name: 黑龙江卫视, URL: http://[2409:8087:1a01:df::4077]:80/ottrrs.hl.chinamobile.com/PLTV/88888888/8/3221226327/index.m3u8, IPv_Type: ipv6, Location: 中国, ISP: 中国移动, Date: None, Delay: 0.1 ms, Speed: inf M/s, Resolution: 1920x1080
Name: 黑龙江卫视, URL: http://[2409:8087:1a01:df::4001]:80/ottrrs.hl.chinamobile.com/PLTV/88888888/224/3221226327/index.m3u8, IPv_Type: ipv6, Location: 中国, ISP: 中国移动, Date: None, Delay: 0.1 ms, Speed: inf M/s, Resolution: 1920x1080
Name: 黑龙江卫视, URL: http://[2409:8087:1a01:df::4077]/ottrrs.hl.chinamobile.com/yinhe/88888888/8/3221226327/index.m3u8, IPv_Type: ipv6, Location: 中国, ISP: 中国移动, Date: None, Delay: 0.1 ms, Speed: inf M/s, Resolution: 1920x1080
Name: 黑龙江卫视, URL: http://dbiptv.sn.chinamobile.com/PLTV/88888890/224/3221225802/index.m3u8, IPv_Type: ipv6, Location: 中国, ISP: 中国移动, Date: None, Delay: 0.1 ms, Speed: inf M/s, Resolution: 1920x1080
Name: 黑龙江卫视, URL: http://[2409:8087:1e03:21::2]:6060/cms001/ch00000090990000001031/index.m3u8, IPv_Type: ipv6, Location: 中国, ISP: 中国移动, Date: None, Delay: 0.1 ms, Speed: inf M/s, Resolution: 1920x1080
Name: 黑龙江卫视, URL: http://[2409:8087:3428:20:500::100f]:6610/PLTV/88888888/224/3221225862/index.m3u8?servicetype=1&IASHttpSessionId=RR423820220409134714119178, IPv_Type: ipv6, Location: 中国, ISP: 中国移动, Date: None, Delay: 0.1 ms, Speed: inf M/s, Resolution: 1920x1080
Name: 黑龙江卫视, URL: http://[2409:8087:3428:20:500::1009]:6610/PLTV/88888888/224/3221225862/index.m3u8?servicetype=1&IASHttpSessionId=RR423820220409134714119178, IPv_Type: ipv6, Location: 中国, ISP: 中国移动, Date: None, Delay: 0.1 ms, Speed: inf M/s, Resolution: 1920x1080
Name: 黑龙江卫视, URL: http://[2409:8087:2001:20:2800:0:df6e:eb16]:80/wh7f454c46tw2055834867_664272756/ott.mobaibox.com/PLTV/3/224/3221228233/index.m3u8?icpid=3&RTS=1674386466&from=40&popid=40&hms_devid=2114&prioritypopid=40&vqe=3, IPv_Type: ipv6, Location: 中国, ISP: 中国移动, Date: None, Delay: 0.1 ms, Speed: inf M/s, Resolution: 1920x1080
Name: 黑龙江卫视, URL: http://[2409:8087:4c0a:22:1::11]:6410/170000001115/UmaiCHAN181356BESTVSMGSMG/index.m3u8, IPv_Type: ipv6, Location: 中国, ISP: 中国移动, Date: None, Delay: 0.1 ms, Speed: inf M/s, Resolution: 1920x1080
Name: 黑龙江卫视, URL: http://[2409:8087:74f0:22::6]:6410/270000001128/9900000521/index.m3u8, IPv_Type: ipv6, Location: 中国, ISP: 中国移动, Date: None, Delay: 0.1 ms, Speed: inf M/s, Resolution: 1920x1080
Name: 黑龙江卫视, URL: http://[2409:8087:1a01:df::4077]/ottrrs.hl.chinamobile.com/PLTV/88888888/224/3221225799/index.m3u8, IPv_Type: ipv6, Location: 中国, ISP: 中国移动, Date: None, Delay: 0.1 ms, Speed: inf M/s, Resolution: 1920x1080
Name: 黑龙江卫视, URL: http://[2409:8087:1a01:df::7005]/ottrrs.hl.chinamobile.com/PLTV/88888888/224/3221226327/index.m3u8, IPv_Type: ipv6, Location: 中国, ISP: 中国移动, Date: None, Delay: 0.1 ms, Speed: inf M/s, Resolution: 1920x1080
Name: 黑龙江卫视, URL: http://[2409:8087:1a01:df::7005]:80/ottrrs.hl.chinamobile.com/PLTV/88888888/224/3221226327/index.m3u8, IPv_Type: ipv6, Location: 中国, ISP: 中国移动, Date: None, Delay: 0.1 ms, Speed: inf M/s, Resolution: 1920x1080
Name: 黑龙江卫视, URL: http://[2409:8087:5e00:24::1e]:6060/200000001898/460000089800010056/1.m3u8, IPv_Type: ipv6, Location: 中国, ISP: 中国移动, Date: None, Delay: 0.1 ms, Speed: inf M/s, Resolution: 1920x1080
Name: 黑龙江卫视, URL: http://[2409:8087:8:21::18]:6610/otttv.bj.chinamobile.com/PLTV/88888888/224/3221226965/1.m3u8?GuardEncType=2&accountinfo=%7E%7EV2.0%7E7UiKL56-L86ihmTWaZ6csw%7EtP4-l0lmSfjwLWEfK_el1vH_mv-s1zo4AQJwdedaVwG9xkuFTDg8J26cwOrNJzn20BErrHdLhuZ9EzLUCD3PMW-OMx4MGteHV2vLeW6BqoY%2CEND, IPv_Type: ipv6, Location: 中国, ISP: 中国移动, Date: None, Delay: -1 ms, Speed: 0.00 M/s, Resolution: None
Name: 黑龙江卫视, URL: http://[2409:8087:3869:8021:1001::e5]:6610/PLTV/88888888/224/3221225690/2/index.m3u8, IPv_Type: ipv6, Location: 中国, ISP: 中国移动, Date: None, Delay: -1 ms, Speed: 0.00 M/s, Resolution: None
Name: 黑龙江卫视, URL: http://[2409:8087:3869:8021:1001::e5]:6610/PLTV/88888888/224/3221225586/2/index.m3u8, IPv_Type: ipv6, Location: 中国, ISP: 中国移动, Date: None, Delay: -1 ms, Speed: 0.00 M/s, Resolution: None
Name: 黑龙江卫视, URL: http://[2409:8087:3869:8021:1001::e5]:6610/PLTV/88888888/224/3221225736/2/index.m3u8, IPv_Type: ipv6, Location: 中国, ISP: 中国移动, Date: None, Delay: -1 ms, Speed: 0.00 M/s, Resolution: None
Name: 黑龙江卫视, URL: http://rrs01.hw.gmcc.net:8088/PLTV/81/224/3221226716/1.m3u8, IPv_Type: ipv6, Location: 中国, ISP: 中国移动, Date: None, Delay: -1 ms, Speed: 0.00 M/s, Resolution: None
Name: 黑龙江卫视, URL: https://cc06.tv12.xyz/53.m3u8, IPv_Type: ipv6, Location: 美国, ISP: CloudFlare Inc., Date: None, Delay: -1 ms, Speed: 0.00 M/s, Resolution: None
Name: 安徽卫视, URL: http://php.jdshipin.com/TVOD/hljyd.php?id=3221226391, IPv_Type: ipv6, Location: 美国, ISP: CloudFlare Inc., Date: None, Delay: 0.1 ms, Speed: inf M/s, Resolution: 1920x1080
Name: 安徽卫视, URL: http://iptv.huuc.edu.cn/hls/ahhd.m3u8, IPv_Type: ipv6, Location: 中国, ISP: 教育网, Date: None, Delay: 0.1 ms, Speed: inf M/s, Resolution: 1920x1080
Name: 安徽卫视, URL: http://[2409:8087:1a0a:df::404b]/ottrrs.hl.chinamobile.com/TVOD/88888888/224/3221226391/index.m3u8, IPv_Type: ipv6, Location: 中国, ISP: 中国移动, Date: None, Delay: 0.1 ms, Speed: inf M/s, Resolution: 1920x1080
Name: 安徽卫视, URL: http://[2409:8087:1a01:df::4077]/ottrrs.hl.chinamobile.com/PLTV/88888888/8/3221226498/index.m3u8, IPv_Type: ipv6, Location: 中国, ISP: 中国移动, Date: None, Delay: 0.1 ms, Speed: inf M/s, Resolution: 1920x1080
Name: 安徽卫视, URL: http://[2409:8087:1a01:df::4077]/ottrrs.hl.chinamobile.com/PLTV/88888888/8/3221226391/index.m3u8, IPv_Type: ipv6, Location: 中国, ISP: 中国移动, Date: None, Delay: 0.1 ms, Speed: inf M/s, Resolution: 1920x1080
Name: 安徽卫视, URL: http://[2409:8087:1a01:df::4077]:80/ottrrs.hl.chinamobile.com/PLTV/88888888/224/3221226391/1.m3u8, IPv_Type: ipv6, Location: 中国, ISP: 中国移动, Date: None, Delay: 0.1 ms, Speed: inf M/s, Resolution: 1920x1080
Name: 安徽卫视, URL: http://[2409:8087:1a01:df::4077]:80/ottrrs.hl.chinamobile.com/yinhe/88888888/224/3221226391/index.m3u8, IPv_Type: ipv6, Location: 中国, ISP: 中国移动, Date: None, Delay: 0.1 ms, Speed: inf M/s, Resolution: 1920x1080
Name: 安徽卫视, URL: http://[2409:8087:1a01:df::4077]:80/ottrrs.hl.chinamobile.com/PLTV/88888888/8/3221226498/index.m3u8, IPv_Type: ipv6, Location: 中国, ISP: 中国移动, Date: None, Delay: 0.1 ms, Speed: inf M/s, Resolution: 1920x1080
Name: 安徽卫视, URL: http://[2409:8087:1a01:df::4077]:80/ottrrs.hl.chinamobile.com/PLTV/88888888/8/3221226391/index.m3u8, IPv_Type: ipv6, Location: 中国, ISP: 中国移动, Date: None, Delay: 0.1 ms, Speed: inf M/s, Resolution: 1920x1080
Name: 安徽卫视, URL: http://[2409:8087:1a01:df::4077]/ottrrs.hl.chinamobile.com/yinhe/88888888/224/3221226391/index.m3u8, IPv_Type: ipv6, Location: 中国, ISP: 中国移动, Date: None, Delay: 0.1 ms, Speed: inf M/s, Resolution: 1920x1080
Name: 安徽卫视, URL: http://[2409:8087:1a01:df::4077]/ottrrs.hl.chinamobile.com/PLTV/88888888/224/3221226391/index.m3u8, IPv_Type: ipv6, Location: 中国, ISP: 中国移动, Date: None, Delay: 0.1 ms, Speed: inf M/s, Resolution: 1920x1080
Name: 安徽卫视, URL: http://[2409:8087:2001:20:2800:0:df6e:eb12]/wh7f454c46tw2802330256_375747539/ott.mobaibox.com/PLTV/3/224/3221227558/index.m3u8?icpid=3&RTS=1668597596&from=40&popid=40&hms_devid=2112&prioritypopid=40&vqe=3, IPv_Type: ipv6, Location: 中国, ISP: 中国移动, Date: None, Delay: 0.1 ms, Speed: inf M/s, Resolution: 1920x1080
Name: 安徽卫视, URL: http://yc.myds.me:35455/itv/6000000001000009954.m3u8?cdn=wasusyt, IPv_Type: ipv6, Location: 中国, ISP: 中国电信, Date: None, Delay: 0.1 ms, Speed: inf M/s, Resolution: 1920x1080
Name: 安徽卫视, URL: http://yc.myds.me:35455/itv/1000000005000265025.m3u8?cdn=ystenlive, IPv_Type: ipv6, Location: 中国, ISP: 中国电信, Date: None, Delay: 0.1 ms, Speed: inf M/s, Resolution: 1920x1080
Name: 安徽卫视, URL: http://nas.suntao.online:35455/itv/1000000001000030159.m3u8?cdn=ystenlive, IPv_Type: ipv6, Location: 中国, ISP: 中国联通, Date: None, Delay: 0.1 ms, Speed: inf M/s, Resolution: 1920x1080
Name: 安徽卫视, URL: http://iptv.cdn.ha.chinamobile.com/PLTV/88888888/224/3221227230/index.m3u8, IPv_Type: ipv6, Location: 中国, ISP: 中国移动, Date: None, Delay: 0.1 ms, Speed: inf M/s, Resolution: 1920x1080
Name: 安徽卫视, URL: http://lu.wqwqwq.sbs/itv/1000000005000265025.m3u8?cdn=ystenlive, IPv_Type: ipv6, Location: 美国, ISP: CloudFlare Inc., Date: None, Delay: 0.1 ms, Speed: inf M/s, Resolution: 1920x1080
Name: 安徽卫视, URL: http://dbiptv.sn.chinamobile.com/PLTV/88888888/224/3221226196/1.m3u8, IPv_Type: ipv6, Location: 中国, ISP: 中国移动, Date: None, Delay: 0.1 ms, Speed: inf M/s, Resolution: 1920x1080
Name: 安徽卫视, URL: http://[2409:8087:2001:20:2800:0:df6e:eb13]:80/ott.mobaibox.com/PLTV/4/224/3221227558/index.m3u8, IPv_Type: ipv6, Location: 中国, ISP: 中国移动, Date: None, Delay: 0.1 ms, Speed: inf M/s, Resolution: 1920x1080
Name: 安徽卫视, URL: http://[2409:8087:3428:20:500::100f]:6610/PLTV/88888888/224/3221225844/index.m3u8?servicetype=1&IASHttpSessionId=RR423820220409134714119178, IPv_Type: ipv6, Location: 中国, ISP: 中国移动, Date: None, Delay: 0.1 ms, Speed: inf M/s, Resolution: 1920x1080
Name: 安徽卫视, URL: http://[2409:8087:3428:20:500::1009]:6610/PLTV/88888888/224/3221225844/index.m3u8?servicetype=1&IASHttpSessionId=RR423820220409134714119178, IPv_Type: ipv6, Location: 中国, ISP: 中国移动, Date: None, Delay: 0.1 ms, Speed: inf M/s, Resolution: 1920x1080
Name: 安徽卫视, URL: http://[2409:8087:2001:20:2800:0:df6e:eb19]:80/wh7f454c46tw197120493_402056634/ott.mobaibox.com/PLTV/3/224/3221225634/index.m3u8?icpid=3&RTS=1674380312&from=40&popid=40&hms_devid=2113&prioritypopid=40&vqe=3, IPv_Type: ipv6, Location: 中国, ISP: 中国移动, Date: None, Delay: 0.1 ms, Speed: inf M/s, Resolution: 1920x1080
Name: 安徽卫视, URL: http://[2409:8087:2001:20:2800:0:df6e:eb17]:80/wh7f454c46tw1543399939_-344486942/ott.mobaibox.com/PLTV/3/224/3221227759/index.m3u8?icpid=3&RTS=1674385953&from=40&popid=40&hms_devid=2114&prioritypopid=40&vqe=3, IPv_Type: ipv6, Location: 中国, ISP: 中国移动, Date: None, Delay: 0.1 ms, Speed: inf M/s, Resolution: 1920x1080
Name: 安徽卫视, URL: http://[2409:8087:2001:20:2800:0:df6e:eb11]:80/wh7f454c46tw1748810169_-884235889/ott.mobaibox.com/PLTV/3/224/3221228153/index.m3u8?icpid=3&RTS=1674386159&from=40&popid=40&hms_devid=2110&prioritypopid=40&vqe=3, IPv_Type: ipv6, Location: 中国, ISP: 中国移动, Date: None, Delay: 0.1 ms, Speed: inf M/s, Resolution: 1920x1080
Name: 安徽卫视, URL: http://[2409:8087:1e03:21::42]:6610/cms001/ch00000090990000001037/index.m3u8, IPv_Type: ipv6, Location: 中国, ISP: 中国移动, Date: None, Delay: 0.1 ms, Speed: inf M/s, Resolution: 1920x1080
Name: 安徽卫视, URL: http://[2409:8087:5e01:34::38]:6610/ZTE_CMS/00000001000000060000000000000368/index.m3u8, IPv_Type: ipv6, Location: 中国, ISP: 中国移动, Date: None, Delay: 0.1 ms, Speed: inf M/s, Resolution: 1920x1080
Name: 安徽卫视, URL: http://[2409:8087:4c0a:22:1::11]:6410/170000001115/UmaiCHAN3540416BESTVSMGSMG/index.m3u8?m3u8_level=2, IPv_Type: ipv6, Location: 中国, ISP: 中国移动, Date: None, Delay: 0.1 ms, Speed: inf M/s, Resolution: 1920x1080
Name: 安徽卫视, URL: http://[2409:8087:5e01:34::20]:6610/ZTE_CMS/00000001000000060000000000000368/index.m3u8?IAS, IPv_Type: ipv6, Location: 中国, ISP: 中国移动, Date: None, Delay: 0.1 ms, Speed: inf M/s, Resolution: 1920x1080
Name: 安徽卫视, URL: http://[2409:8087:5e01:34::23]:6610/ZTE_CMS/00000001000000060000000000000368/index.m3u8?IAS, IPv_Type: ipv6, Location: 中国, ISP: 中国移动, Date: None, Delay: 0.1 ms, Speed: inf M/s, Resolution: 1920x1080
Name: 安徽卫视, URL: http://[2409:8087:5e01:34::21]:6610/ZTE_CMS/00000001000000060000000000000368/index.m3u8?IAS, IPv_Type: ipv6, Location: 中国, ISP: 中国移动, Date: None, Delay: 0.1 ms, Speed: inf M/s, Resolution: 1920x1080
Name: 安徽卫视, URL: http://[2409:8087:5e01:34::22]:6610/ZTE_CMS/00000001000000060000000000000368/index.m3u8?IAS, IPv_Type: ipv6, Location: 中国, ISP: 中国移动, Date: None, Delay: 0.1 ms, Speed: inf M/s, Resolution: 1920x1080
Name: 安徽卫视, URL: http://[2409:8087:4c0a:22:1::11]:6410/170000001115/UmaiCHAN3540416BESTVSMGSMG/index.m3u8?AuthInfo=9kOOdBn7MFF%2F2bWjKgahUXv1bCET6%2FGP6LFvnNC2DgGVSARKsxkWGZw7vFUuOj2Qc9XJS6ezvAUx%2FdaE2fSJr3cdTmmqJgNdIzUOCi9%2BOyg, IPv_Type: ipv6, Location: 中国, ISP: 中国移动, Date: None, Delay: 0.1 ms, Speed: inf M/s, Resolution: 1920x1080
Name: 安徽卫视, URL: http://[2409:8087:5e01:34::22]:6610/ZTE_CMS/00000001000000060000000000000368/index.m3u8?key=tvbox6_com, IPv_Type: ipv6, Location: 中国, ISP: 中国移动, Date: None, Delay: 0.1 ms, Speed: inf M/s, Resolution: 1920x1080
Name: 安徽卫视, URL: http://[2409:8087:1a01:df::4077]:80/ottrrs.hl.chinamobile.com/PLTV/88888888/224/3221226391/index.m3u8, IPv_Type: ipv6, Location: 中国, ISP: 中国移动, Date: None, Delay: 0.1 ms, Speed: inf M/s, Resolution: 1920x1080
Name: 安徽卫视, URL: http://[2409:8087:1a01:df::4077]/ottrrs.hl.chinamobile.com/PLTV/88888888/224/3221226391/1.m3u8?icpid=88888888&from=1&hms_devid=1012&vqe=3, IPv_Type: ipv6, Location: 中国, ISP: 中国移动, Date: None, Delay: 0.1 ms, Speed: inf M/s, Resolution: 1920x1080
Name: 安徽卫视, URL: http://dbiptv.sn.chinamobile.com/PLTV/88888890/224/3221226203/index.m3u8, IPv_Type: ipv6, Location: 中国, ISP: 中国移动, Date: None, Delay: 0.1 ms, Speed: inf M/s, Resolution: 1920x1080
Name: 安徽卫视, URL: http://[2409:8087:1e03:21::2]:6060/cms001/ch00000090990000001037/index.m3u8, IPv_Type: ipv6, Location: 中国, ISP: 中国移动, Date: None, Delay: 0.1 ms, Speed: inf M/s, Resolution: 1920x1080
Name: 安徽卫视, URL: http://[2409:8087:3428:20:500::100f]:6610/PLTV/88888888/224/3221227178/index.m3u8?servicetype=1&IASHttpSessionId=RR423820220409134714119178, IPv_Type: ipv6, Location: 中国, ISP: 中国移动, Date: None, Delay: 0.1 ms, Speed: inf M/s, Resolution: 1920x1080
Name: 安徽卫视, URL: http://[2409:8087:3428:20:500::1009]:6610/PLTV/88888888/224/3221227178/index.m3u8?servicetype=1&IASHttpSessionId=RR423820220409134714119178, IPv_Type: ipv6, Location: 中国, ISP: 中国移动, Date: None, Delay: 0.1 ms, Speed: inf M/s, Resolution: 1920x1080
Name: 安徽卫视, URL: http://[2409:8087:2001:20:2800:0:df6e:eb13]:80/wh7f454c46tw197374649_1165238461/ott.mobaibox.com/PLTV/3/224/3221227653/index.m3u8?icpid=3&RTS=1674380312&from=40&popid=40&hms_devid=2112&prioritypopid=40&vqe=3, IPv_Type: ipv6, Location: 中国, ISP: 中国移动, Date: None, Delay: 0.1 ms, Speed: inf M/s, Resolution: 1920x1080
Name: 安徽卫视, URL: http://[2409:8087:2001:20:2800:0:df6e:eb12]:80/wh7f454c46tw198496833_-887574231/ott.mobaibox.com/PLTV/3/224/3221227558/index.m3u8?icpid=3&RTS=1674380313&from=40&popid=40&hms_devid=2112&prioritypopid=40&vqe=3, IPv_Type: ipv6, Location: 中国, ISP: 中国移动, Date: None, Delay: 0.1 ms, Speed: inf M/s, Resolution: 1920x1080
Name: 安徽卫视, URL: http://[2409:8087:74f0:22::7]:6410/270000001128/9900000514/index.m3u8, IPv_Type: ipv6, Location: 中国, ISP: 中国移动, Date: None, Delay: 0.1 ms, Speed: inf M/s, Resolution: 1920x1080
Name: 安徽卫视, URL: http://[2409:8087:1a01:df::7005]/ottrrs.hl.chinamobile.com/PLTV/88888888/224/3221226391/index.m3u8, IPv_Type: ipv6, Location: 中国, ISP: 中国移动, Date: None, Delay: 0.1 ms, Speed: inf M/s, Resolution: 1920x1080
Name: 安徽卫视, URL: http://[2409:8087:1a01:df::7005]:80/ottrrs.hl.chinamobile.com/PLTV/88888888/224/3221226391/index.m3u8, IPv_Type: ipv6, Location: 中国, ISP: 中国移动, Date: None, Delay: 0.1 ms, Speed: inf M/s, Resolution: 1920x1080
Name: 安徽卫视, URL: http://[2409:8087:5e00:24::1e]:6060/200000001898/460000089800010041/1.m3u8, IPv_Type: ipv6, Location: 中国, ISP: 中国移动, Date: None, Delay: 0.1 ms, Speed: inf M/s, Resolution: 1920x1080
Name: 安徽卫视, URL: http://[2409:8087:3869:8021:1001::e5]:6610/PLTV/88888910/224/3221225691/index.m3u8, IPv_Type: ipv6, Location: 中国, ISP: 中国移动, Date: None, Delay: -1 ms, Speed: 0.00 M/s, Resolution: None
Name: 安徽卫视, URL: http://[2409:8087:3869:8021:1001::e5]:6610/PLTV/88888888/224/3221225737/2/index.m3u8, IPv_Type: ipv6, Location: 中国, ISP: 中国移动, Date: None, Delay: -1 ms, Speed: 0.00 M/s, Resolution: None
Name: 安徽卫视, URL: http://rrs01.hw.gmcc.net:8088/PLTV/81/224/3221226664/1.m3u8, IPv_Type: ipv6, Location: 中国, ISP: 中国移动, Date: None, Delay: -1 ms, Speed: 0.00 M/s, Resolution: None
Name: 安徽卫视, URL: http://[2409:8087:8:21::18]:6610/otttv.bj.chinamobile.com/PLTV/88888888/224/3221226337/1.m3u8, IPv_Type: ipv6, Location: 中国, ISP: 中国移动, Date: None, Delay: -1 ms, Speed: 0.00 M/s, Resolution: None
Name: 安徽卫视, URL: https://cc06.tv12.xyz/26.m3u8, IPv_Type: ipv6, Location: 美国, ISP: CloudFlare Inc., Date: None, Delay: -1 ms, Speed: 0.00 M/s, Resolution: None
Name: 安徽卫视, URL: http://[2409:8087:8:21::18]:6610/otttv.bj.chinamobile.com/PLTV/88888888/224/3221226943/1.m3u8?GuardEncType=2&accountinfo=%7E%7EV2.0%7E0QmKQ_slRCwvVVUUfxPVbw%7EtP4-l0lmSfjwLWEfK_el1vH_mv-s1zo4AQJwdedaVwG9xkuFTDg8J26cwOrNJzn20BErrHdLhuZ9EzLUCD3PMW-OMx4MGteHV2vLeW6BqoY%2CEND, IPv_Type: ipv6, Location: 中国, ISP: 中国移动, Date: None, Delay: -1 ms, Speed: 0.00 M/s, Resolution: None
Name: 重庆卫视, URL: http://php.jdshipin.com/TVOD/hnyd.php?id=200000001898/460000089800010053, IPv_Type: ipv6, Location: 美国, ISP: CloudFlare Inc., Date: None, Delay: 0.1 ms, Speed: inf M/s, Resolution: 1920x1080
Name: 重庆卫视, URL: http://iptv.huuc.edu.cn/hls/cqhd.m3u8, IPv_Type: ipv6, Location: 中国, ISP: 教育网, Date: None, Delay: 0.1 ms, Speed: inf M/s, Resolution: 1920x1080
Name: 重庆卫视, URL: http://[2409:8087:1a0a:df::404b]/ottrrs.hl.chinamobile.com/TVOD/88888888/224/3221226409/index.m3u8, IPv_Type: ipv6, Location: 中国, ISP: 中国移动, Date: None, Delay: 0.1 ms, Speed: inf M/s, Resolution: 1920x1080
Name: 重庆卫视, URL: http://[2409:8087:1a01:df::4077]/ottrrs.hl.chinamobile.com/PLTV/88888888/8/3221226409/index.m3u8, IPv_Type: ipv6, Location: 中国, ISP: 中国移动, Date: None, Delay: 0.1 ms, Speed: inf M/s, Resolution: 1920x1080
Name: 重庆卫视, URL: http://[2409:8087:1a01:df::4077]/ottrrs.hl.chinamobile.com/yinhe/88888888/224/3221226409/index.m3u8, IPv_Type: ipv6, Location: 中国, ISP: 中国移动, Date: None, Delay: 0.1 ms, Speed: inf M/s, Resolution: 1920x1080
Name: 重庆卫视, URL: http://[2409:8087:1a01:df::4077]:80/ottrrs.hl.chinamobile.com/PLTV/88888888/224/3221226409/index.m3u8, IPv_Type: ipv6, Location: 中国, ISP: 中国移动, Date: None, Delay: 0.1 ms, Speed: inf M/s, Resolution: 1920x1080
Name: 重庆卫视, URL: http://[2409:8087:8:21::18]:6610/otttv.bj.chinamobile.com/PLTV/88888888/224/3221226337/1.m3u8, IPv_Type: ipv6, Location: 中国, ISP: 中国移动, Date: None, Delay: 0.1 ms, Speed: inf M/s, Resolution: 1920x1080
Name: 重庆卫视, URL: http://[2409:8087:8:21::18]:6610/otttv.bj.chinamobile.com/PLTV/88888888/224/3221226518/1.m3u8, IPv_Type: ipv6, Location: 中国, ISP: 中国移动, Date: None, Delay: 0.1 ms, Speed: inf M/s, Resolution: 1920x1080
Name: 重庆卫视, URL: http://[2409:8087:8:21::18]:6610/otttv.bj.chinamobile.com/PLTV/88888888/224/3221226569/1.m3u8, IPv_Type: ipv6, Location: 中国, ISP: 中国移动, Date: None, Delay: 0.1 ms, Speed: inf M/s, Resolution: 1920x1080
Name: 重庆卫视, URL: http://[2409:8087:1a01:df::4077]:80/ottrrs.hl.chinamobile.com/yinhe/88888888/224/3221226409/index.m3u8, IPv_Type: ipv6, Location: 中国, ISP: 中国移动, Date: None, Delay: 0.1 ms, Speed: inf M/s, Resolution: 1920x1080
Name: 重庆卫视, URL: http://[2409:8087:1e03:21::2]:6060/cms001/ch00000090990000001129/index.m3u8, IPv_Type: ipv6, Location: 中国, ISP: 中国移动, Date: None, Delay: 0.1 ms, Speed: inf M/s, Resolution: 1920x1080
Name: 重庆卫视, URL: http://[2409:8087:2001:20:2800:0:df6e:eb09]:80/ott.mobaibox.com/PLTV/4/224/3221228133/index.m3u8, IPv_Type: ipv6, Location: 中国, ISP: 中国移动, Date: None, Delay: 0.1 ms, Speed: inf M/s, Resolution: 1920x1080
Name: 重庆卫视, URL: http://yc.myds.me:35455/itv/1000000005000265017.m3u8?cdn=ystenlive, IPv_Type: ipv6, Location: 中国, ISP: 中国电信, Date: None, Delay: 0.1 ms, Speed: inf M/s, Resolution: 1920x1080
Name: 重庆卫视, URL: http://nas.suntao.online:35455/itv/1000000001000001096.m3u8?cdn=ystenlive, IPv_Type: ipv6, Location: 中国, ISP: 中国联通, Date: None, Delay: 0.1 ms, Speed: inf M/s, Resolution: 1920x1080
Name: 重庆卫视, URL: http://iptv.cdn.ha.chinamobile.com/PLTV/88888888/224/3221227220/index.m3u8, IPv_Type: ipv6, Location: 中国, ISP: 中国移动, Date: None, Delay: 0.1 ms, Speed: inf M/s, Resolution: 1920x1080
Name: 重庆卫视, URL: http://lu.wqwqwq.sbs/itv/1000000005000265017.m3u8?cdn=ystenlive, IPv_Type: ipv6, Location: 美国, ISP: CloudFlare Inc., Date: None, Delay: 0.1 ms, Speed: inf M/s, Resolution: 1920x1080
Name: 重庆卫视, URL: http://dbiptv.sn.chinamobile.com/PLTV/88888888/224/3221226202/1.m3u8, IPv_Type: ipv6, Location: 中国, ISP: 中国移动, Date: None, Delay: 0.1 ms, Speed: inf M/s, Resolution: 1920x1080
Name: 重庆卫视, URL: http://hwrr.jx.chinamobile.com:8080/PLTV/88888888/224/3221225612/index.m3u8?fmt=ts2hls, IPv_Type: ipv6, Location: 中国, ISP: 中国移动, Date: None, Delay: 0.1 ms, Speed: inf M/s, Resolution: 1920x1080
Name: 重庆卫视, URL: http://[2409:8087:2001:20:2800:0:df6e:eb09]/wh7f454c46tw2787424866_142914197/ott.mobaibox.com/PLTV/3/224/3221228133/index.m3u8?icpid=3&RTS=1669701388&from=40&popid=40&hms_devid=2037&prioritypopid=40&vqe=3, IPv_Type: ipv6, Location: 中国, ISP: 中国移动, Date: None, Delay: 0.1 ms, Speed: inf M/s, Resolution: 1920x1080
Name: 重庆卫视, URL: http://[2409:8087:3428:20:500::100f]:6610/PLTV/88888888/224/3221225831/index.m3u8?servicetype=1&IASHttpSessionId=RR423820220409134714119178, IPv_Type: ipv6, Location: 中国, ISP: 中国移动, Date: None, Delay: 0.1 ms, Speed: inf M/s, Resolution: 1920x1080
Name: 重庆卫视, URL: http://[2409:8087:3428:20:500::1009]:6610/PLTV/88888888/224/3221227240/index.m3u8?servicetype=1&IASHttpSessionId=RR423820220409134714119178, IPv_Type: ipv6, Location: 中国, ISP: 中国移动, Date: None, Delay: 0.1 ms, Speed: inf M/s, Resolution: 1920x1080
Name: 重庆卫视, URL: http://[2409:8087:1e03:21::42]:6610/cms001/ch00000090990000001129/index.m3u8, IPv_Type: ipv6, Location: 中国, ISP: 中国移动, Date: None, Delay: 0.1 ms, Speed: inf M/s, Resolution: 1920x1080
Name: 重庆卫视, URL: http://[2409:8087:4c0a:22:1::11]:6410/170000001115/UmaiCHAN3840707BESTVSMGSMG9/index.m3u8?m3u8_level=2, IPv_Type: ipv6, Location: 中国, ISP: 中国移动, Date: None, Delay: 0.1 ms, Speed: inf M/s, Resolution: 1920x1080
Name: 重庆卫视, URL: http://[2409:8087:5e01:34::38]:6610/ZTE_CMS/00000001000000060000000000000523/index.m3u8, IPv_Type: ipv6, Location: 中国, ISP: 中国移动, Date: None, Delay: 0.1 ms, Speed: inf M/s, Resolution: 1920x1080
Name: 重庆卫视, URL: http://[2409:8087:5e01:34::20]:6610/ZTE_CMS/00000001000000060000000000000523/index.m3u8?IAS, IPv_Type: ipv6, Location: 中国, ISP: 中国移动, Date: None, Delay: 0.1 ms, Speed: inf M/s, Resolution: 1920x1080
Name: 重庆卫视, URL: http://[2409:8087:5e01:34::22]:6610/ZTE_CMS/00000001000000060000000000000523/index.m3u8?IAS, IPv_Type: ipv6, Location: 中国, ISP: 中国移动, Date: None, Delay: 0.1 ms, Speed: inf M/s, Resolution: 1920x1080
Name: 重庆卫视, URL: http://[2409:8087:5e01:34::23]:6610/ZTE_CMS/00000001000000060000000000000523/index.m3u8?IAS, IPv_Type: ipv6, Location: 中国, ISP: 中国移动, Date: None, Delay: 0.1 ms, Speed: inf M/s, Resolution: 1920x1080
Name: 重庆卫视, URL: http://[2409:8087:4c0a:22:1::11]:6410/170000001115/UmaiCHAN3840707BESTVSMGSMG9/index.m3u8?AuthInfo=9kOOdBn7MFF%2F2bWjKgahUexeCsKxlG2LwkJhai31bTFVx1a9Sup7dkPMGVMX2%2Byf7FdK%2F47YrMnN4FTTQ%2B1lu6KCMf7MV7FmSuEDyoLe%2Bvo, IPv_Type: ipv6, Location: 中国, ISP: 中国移动, Date: None, Delay: 0.1 ms, Speed: inf M/s, Resolution: 1920x1080
Name: 重庆卫视, URL: http://[2409:8087:5e01:34::23]:6610/ZTE_CMS/00000001000000060000000000000523/index.m3u8?key=tvbox6_com, IPv_Type: ipv6, Location: 中国, ISP: 中国移动, Date: None, Delay: 0.1 ms, Speed: inf M/s, Resolution: 1920x1080
Name: 重庆卫视, URL: http://[2409:8087:5e01:34::21]:6610/ZTE_CMS/00000001000000060000000000000523/index.m3u8?IAS, IPv_Type: ipv6, Location: 中国, ISP: 中国移动, Date: None, Delay: 0.1 ms, Speed: inf M/s, Resolution: 1920x1080
Name: 重庆卫视, URL: http://[2409:8087:1a01:df::4077]:80/ottrrs.hl.chinamobile.com/PLTV/88888888/8/3221226409/index.m3u8, IPv_Type: ipv6, Location: 中国, ISP: 中国移动, Date: None, Delay: 0.1 ms, Speed: inf M/s, Resolution: 1920x1080
Name: 重庆卫视, URL: http://[2409:8087:1a01:df::4077]/ottrrs.hl.chinamobile.com/PLTV/88888888/224/3221226409/index.m3u8, IPv_Type: ipv6, Location: 中国, ISP: 中国移动, Date: None, Delay: 0.1 ms, Speed: inf M/s, Resolution: 1920x1080
Name: 重庆卫视, URL: http://dbiptv.sn.chinamobile.com/PLTV/88888890/224/3221226202/index.m3u8, IPv_Type: ipv6, Location: 中国, ISP: 中国移动, Date: None, Delay: 0.1 ms, Speed: inf M/s, Resolution: 1920x1080
Name: 重庆卫视, URL: http://[2409:8087:3428:20:500::100f]:6610/PLTV/88888888/224/3221227240/index.m3u8?servicetype=1&IASHttpSessionId=RR423820220409134714119178, IPv_Type: ipv6, Location: 中国, ISP: 中国移动, Date: None, Delay: 0.1 ms, Speed: inf M/s, Resolution: 1920x1080
Name: 重庆卫视, URL: http://[2409:8087:3428:20:500::1009]:6610/PLTV/88888888/224/3221225831/index.m3u8?servicetype=1&IASHttpSessionId=RR42382022040913471411917810/PLTV/88888888/224/3221227193/index.m3u8?servicetype=1&IASHttpSessionId=RR423820220409134714119178, IPv_Type: ipv6, Location: 中国, ISP: 中国移动, Date: None, Delay: 0.1 ms, Speed: inf M/s, Resolution: 1920x1080
Name: 重庆卫视, URL: http://[2409:8087:2001:20:2800:0:df6e:eb09]:80/wh7f454c46tw515363787_-1448315831/ott.mobaibox.com/PLTV/3/224/3221228133/index.m3u8?icpid=3&RTS=1674380630&from=40&popid=40&hms_devid=2037&prioritypopid=40&vqe=3, IPv_Type: ipv6, Location: 中国, ISP: 中国移动, Date: None, Delay: 0.1 ms, Speed: inf M/s, Resolution: 1920x1080
Name: 重庆卫视, URL: http://[2409:8087:2001:20:2800:0:df6e:eb16]:80/wh7f454c46tw1552893761_-1608513550/ott.mobaibox.com/PLTV/3/224/3221227632/index.m3u8?icpid=3&RTS=1674385963&from=40&popid=40&hms_devid=2114&prioritypopid=40&vqe=3, IPv_Type: ipv6, Location: 中国, ISP: 中国移动, Date: None, Delay: 0.1 ms, Speed: inf M/s, Resolution: 1920x1080
Name: 重庆卫视, URL: http://[2409:8087:2001:20:2800:0:df6e:eb1b]:80/wh7f454c46tw514879444_-1075144663/ott.mobaibox.com/PLTV/3/224/3221227550/index.m3u8?icpid=3&RTS=1674380630&from=40&popid=40&hms_devid=2116&prioritypopid=40&vqe=3, IPv_Type: ipv6, Location: 中国, ISP: 中国移动, Date: None, Delay: 0.1 ms, Speed: inf M/s, Resolution: 1920x1080
Name: 重庆卫视, URL: http://[2409:8087:2001:20:2800:0:df6e:eb0d]:80/wh7f454c46tw515202699_-176956124/ott.mobaibox.com/PLTV/3/224/3221227729/index.m3u8?icpid=3&RTS=1674380630&from=40&popid=40&hms_devid=2040&prioritypopid=40&vqe=3, IPv_Type: ipv6, Location: 中国, ISP: 中国移动, Date: None, Delay: 0.1 ms, Speed: inf M/s, Resolution: 1920x1080
Name: 重庆卫视, URL: http://[2409:8087:74f0:22::7]:6410/270000001128/9900000517/index.m3u8, IPv_Type: ipv6, Location: 中国, ISP: 中国移动, Date: None, Delay: 0.1 ms, Speed: inf M/s, Resolution: 1920x1080
Name: 重庆卫视, URL: http://[2409:8087:1a01:df::7005]/ottrrs.hl.chinamobile.com/PLTV/88888888/224/3221226409/index.m3u8, IPv_Type: ipv6, Location: 中国, ISP: 中国移动, Date: None, Delay: 0.1 ms, Speed: inf M/s, Resolution: 1920x1080
Name: 重庆卫视, URL: http://[2409:8087:1a01:df::7005]:80/ottrrs.hl.chinamobile.com/PLTV/88888888/224/3221226409/index.m3u8, IPv_Type: ipv6, Location: 中国, ISP: 中国移动, Date: None, Delay: 0.1 ms, Speed: inf M/s, Resolution: 1920x1080
Name: 重庆卫视, URL: http://[2409:8087:5e00:24::1e]:6060/200000001898/460000089800010053/1.m3u8, IPv_Type: ipv6, Location: 中国, ISP: 中国移动, Date: None, Delay: 0.1 ms, Speed: inf M/s, Resolution: 1920x1080
Name: 重庆卫视, URL: http://[2409:8087:3869:8021:1001::e5]:6610/PLTV/88888888/224/3221225612/2/index.m3u8, IPv_Type: ipv6, Location: 中国, ISP: 中国移动, Date: None, Delay: -1 ms, Speed: 0.00 M/s, Resolution: None
Name: 重庆卫视, URL: http://[2409:8087:3869:8021:1001::e5]:6610/PLTV/88888888/224/3221225734/2/index.m3u8, IPv_Type: ipv6, Location: 中国, ISP: 中国移动, Date: None, Delay: -1 ms, Speed: 0.00 M/s, Resolution: None
Name: 重庆卫视, URL: http://[2409:8087:8:21::18]:6610/otttv.bj.chinamobile.com/PLTV/88888888/224/3221226963/1.m3u8?GuardEncType=2&accountinfo=%7E%7EV2.0%7EjTXsJprEx2nE38tdvu5lhA%7EtP4-l0lmSfjwLWEfK_el1vH_mv-s1zo4AQJwdedaVwG9xkuFTDg8J26cwOrNJzn20BErrHdLhuZ9EzLUCD3PMW-OMx4MGteHV2vLeW6BqoY%2CEND, IPv_Type: ipv6, Location: 中国, ISP: 中国移动, Date: None, Delay: -1 ms, Speed: 0.00 M/s, Resolution: None
Name: 重庆卫视, URL: http://[2409:8087:3869:8021:1001::e5]:6610/PLTV/88888888/224/3221225692/2/index.m3u8, IPv_Type: ipv6, Location: 中国, ISP: 中国移动, Date: None, Delay: -1 ms, Speed: 0.00 M/s, Resolution: None
Name: 重庆卫视, URL: http://rrs01.hw.gmcc.net:8088/PLTV/81/224/3221226680/1.m3u8, IPv_Type: ipv6, Location: 中国, ISP: 中国移动, Date: None, Delay: -1 ms, Speed: 0.00 M/s, Resolution: None
Name: 重庆卫视, URL: https://cc06.tv12.xyz/34.m3u8, IPv_Type: ipv6, Location: 美国, ISP: CloudFlare Inc., Date: None, Delay: -1 ms, Speed: 0.00 M/s, Resolution: None
Name: 重庆卫视, URL: http://23.237.228.134/live6/chongqing.m3u8, IPv_Type: ipv4, Location: 北美地区, ISP: , Date: None, Delay: 83 ms, Speed: 11.11 M/s, Resolution: 1920x1080
Name: 东方卫视, URL: http://php.jdshipin.com/TVOD/hnyd.php?id=200000001898/460000089800010054, IPv_Type: ipv6, Location: 美国, ISP: CloudFlare Inc., Date: None, Delay: 0.1 ms, Speed: inf M/s, Resolution: 1920x1080
Name: 东方卫视, URL: http://iptv.huuc.edu.cn/hls/dfhd.m3u8, IPv_Type: ipv6, Location: 中国, ISP: 教育网, Date: None, Delay: 0.1 ms, Speed: inf M/s, Resolution: 1920x1080
Name: 东方卫视, URL: https://bp-cdn-ali.bestv.cn/enhance/bestvdfws_enhance.m3u8?auth_key=1746334807-ddb61092a75249868c8bd1834313f437-0-8a760296d281d86bc4612f5fc4f85247, IPv_Type: ipv6, Location: 中国, ISP: 中国电信, Date: None, Delay: 0.1 ms, Speed: inf M/s, Resolution: 1920x1080
Name: 东方卫视, URL: https://live.lalifeier.eu.org/kankanews/dfws.m3u8?t=1746372302&key=04c79ed1fd72dbd3188040c54dc3858b, IPv_Type: ipv6, Location: 美国, ISP: CloudFlare Inc., Date: None, Delay: 0.1 ms, Speed: inf M/s, Resolution: 1920x1080
Name: 东方卫视, URL: https://live.lalifeier.eu.org/kankanews/dfws.m3u8?t=1746379256&key=19bcfc963d4ae84eb8beb4f01087a8ab, IPv_Type: ipv6, Location: 美国, ISP: CloudFlare Inc., Date: None, Delay: 0.1 ms, Speed: inf M/s, Resolution: 1920x1080
Name: 东方卫视, URL: https://live.lalifeier.eu.org/kankanews/dfws.m3u8?t=1746393735&key=ebd80a46e19064eb1a305a39fe3d15d2, IPv_Type: ipv6, Location: 美国, ISP: CloudFlare Inc., Date: None, Delay: 0.1 ms, Speed: inf M/s, Resolution: 1920x1080
Name: 东方卫视, URL: https://bp-cdn-ali.bestv.cn/enhance/bestvdfws_enhance.m3u8?auth_key=1746162006-718c0d1373f7409eada27f8dbe2094f2-0-b3064557b1865cbf12be599d750986fb, IPv_Type: ipv6, Location: 中国, ISP: 中国电信, Date: None, Delay: 0.1 ms, Speed: inf M/s, Resolution: 1920x1080
Name: 东方卫视, URL: http://[2409:8087:1a0a:df::404b]/ottrrs.hl.chinamobile.com/TVOD/88888888/224/3221226345/index.m3u8, IPv_Type: ipv6, Location: 中国, ISP: 中国移动, Date: None, Delay: 0.1 ms, Speed: inf M/s, Resolution: 1920x1080
Name: 东方卫视, URL: http://[2409:8087:1a01:df::4077]/ottrrs.hl.chinamobile.com/PLTV/88888888/8/3221226345/index.m3u8, IPv_Type: ipv6, Location: 中国, ISP: 中国移动, Date: None, Delay: 0.1 ms, Speed: inf M/s, Resolution: 1920x1080
Name: 东方卫视, URL: https://bp-cdn-ali.bestv.cn/enhance/bestvdfws_enhance.m3u8?auth_key=1745902806-7dc1aed6625747feb7e41ec09ab15200-0-683de0778ee6e364c28e16431cd50443, IPv_Type: ipv6, Location: 中国, ISP: 中国电信, Date: None, Delay: 0.1 ms, Speed: inf M/s, Resolution: 1920x1080
Name: 东方卫视, URL: http://yc.myds.me:35455/itv/5000000004000014098.m3u8?cdn=bestzb, IPv_Type: ipv6, Location: 中国, ISP: 中国电信, Date: None, Delay: 0.1 ms, Speed: inf M/s, Resolution: 1920x1080
Name: 东方卫视, URL: http://iptv.cdn.ha.chinamobile.com/PLTV/88888888/224/3221227199/index.m3u8, IPv_Type: ipv6, Location: 中国, ISP: 中国移动, Date: None, Delay: 0.1 ms, Speed: inf M/s, Resolution: 1920x1080
Name: 东方卫视, URL: http://lu.wqwqwq.sbs/itv/1000000005000265018.m3u8?cdn=ystenlive, IPv_Type: ipv6, Location: 美国, ISP: CloudFlare Inc., Date: None, Delay: 0.1 ms, Speed: inf M/s, Resolution: 1920x1080
Name: 东方卫视, URL: http://dbiptv.sn.chinamobile.com/PLTV/88888888/224/3221225797/1.m3u8, IPv_Type: ipv6, Location: 中国, ISP: 中国移动, Date: None, Delay: 0.1 ms, Speed: inf M/s, Resolution: 1920x1080
Name: 东方卫视, URL: http://hwrr.jx.chinamobile.com:8080/PLTV/88888888/224/3221225489/index.m3u8?fmt=ts2hls, IPv_Type: ipv6, Location: 中国, ISP: 中国移动, Date: None, Delay: 0.1 ms, Speed: inf M/s, Resolution: 1920x1080
Name: 东方卫视, URL: http://[2409:8087:2001:20:2800:0:df6e:eb16]:80/ott.mobaibox.com/PLTV/4/224/3221227511/index.m3u8, IPv_Type: ipv6, Location: 中国, ISP: 中国移动, Date: None, Delay: 0.1 ms, Speed: inf M/s, Resolution: 1920x1080
Name: 东方卫视, URL: http://[2409:8087:3428:20:500::100f]:6610/PLTV/88888888/224/3221226603/index.m3u8?servicetype=1&IASHttpSessionId=RR423820220409134714119178, IPv_Type: ipv6, Location: 中国, ISP: 中国移动, Date: None, Delay: 0.1 ms, Speed: inf M/s, Resolution: 1920x1080
Name: 东方卫视, URL: http://[2409:8087:3428:20:500::100f]:6610/PLTV/88888888/224/3221226560/index.m3u8?servicetype=1&IASHttpSessionId=RR423820220409134714119178, IPv_Type: ipv6, Location: 中国, ISP: 中国移动, Date: None, Delay: 0.1 ms, Speed: inf M/s, Resolution: 1920x1080
Name: 东方卫视, URL: http://[2409:8087:3428:20:500::100f]:6610/PLTV/88888888/224/3221227059/index.m3u8?servicetype=1&IASHttpSessionId=RR423820220409134714119178, IPv_Type: ipv6, Location: 中国, ISP: 中国移动, Date: None, Delay: 0.1 ms, Speed: inf M/s, Resolution: 1920x1080
Name: 东方卫视, URL: http://[2409:8087:3428:20:500::100f]:6610/PLTV/88888888/224/3221226895/index.m3u8?servicetype=1&IASHttpSessionId=RR423820220409134714119178, IPv_Type: ipv6, Location: 中国, ISP: 中国移动, Date: None, Delay: 0.1 ms, Speed: inf M/s, Resolution: 1920x1080
Name: 东方卫视, URL: http://[2409:8087:3428:20:500::1009]:6610/PLTV/88888888/224/3221226603/index.m3u8?servicetype=1&IASHttpSessionId=RR423820220409134714119178, IPv_Type: ipv6, Location: 中国, ISP: 中国移动, Date: None, Delay: 0.1 ms, Speed: inf M/s, Resolution: 1920x1080
Name: 东方卫视, URL: http://[2409:8087:3428:20:500::1009]:6610/PLTV/88888888/224/3221226560/index.m3u8?servicetype=1&IASHttpSessionId=RR423820220409134714119178, IPv_Type: ipv6, Location: 中国, ISP: 中国移动, Date: None, Delay: 0.1 ms, Speed: inf M/s, Resolution: 1920x1080
Name: 东方卫视, URL: http://[2409:8087:3428:20:500::1009]:6610/PLTV/88888888/224/3221227059/index.m3u8?servicetype=1&IASHttpSessionId=RR423820220409134714119178, IPv_Type: ipv6, Location: 中国, ISP: 中国移动, Date: None, Delay: 0.1 ms, Speed: inf M/s, Resolution: 1920x1080
Name: 东方卫视, URL: http://[2409:8087:3428:20:500::1009]:6610/PLTV/88888888/224/3221226895/index.m3u8?servicetype=1&IASHttpSessionId=RR423820220409134714119178, IPv_Type: ipv6, Location: 中国, ISP: 中国移动, Date: None, Delay: 0.1 ms, Speed: inf M/s, Resolution: 1920x1080
Name: 东方卫视, URL: http://[2409:8087:2001:20:2800:0:df6e:eb18]:80/wh7f454c46tw1540523289_-2010744264/ott.mobaibox.com/PLTV/3/224/3221227597/index.m3u8?icpid=3&RTS=1674385950&from=40&popid=40&hms_devid=2113&prioritypopid=40&vqe=3, IPv_Type: ipv6, Location: 中国, ISP: 中国移动, Date: None, Delay: 0.1 ms, Speed: inf M/s, Resolution: 1920x1080
Name: 东方卫视, URL: http://[2409:8087:2001:20:2800:0:df6e:eb0b]:80/wh7f454c46tw1928465870_439778439/ott.mobaibox.com/PLTV/3/224/3221227732/index.m3u8?icpid=3&RTS=1674386338&from=40&popid=40&hms_devid=2038&prioritypopid=40&vqe=3, IPv_Type: ipv6, Location: 中国, ISP: 中国移动, Date: None, Delay: 0.1 ms, Speed: inf M/s, Resolution: 1920x1080
Name: 东方卫视, URL: http://[2409:8087:2001:20:2800:0:df6e:eb0c]:80/wh7f454c46tw1746983786_-1453355574/ott.mobaibox.com/PLTV/3/224/3221227688/index.m3u8?icpid=3&RTS=1674386157&from=40&popid=40&hms_devid=2040&prioritypopid=40&vqe=3, IPv_Type: ipv6, Location: 中国, ISP: 中国移动, Date: None, Delay: 0.1 ms, Speed: inf M/s, Resolution: 1920x1080
Name: 东方卫视, URL: http://[2409:8087:2001:20:2800:0:df6e:eb1b]:80/wh7f454c46tw1588003974_1980521361/ott.mobaibox.com/PLTV/3/224/3221228150/index.m3u8?icpid=3&RTS=1674381703&from=40&popid=40&hms_devid=2116&prioritypopid=40&vqe=3, IPv_Type: ipv6, Location: 中国, ISP: 中国移动, Date: None, Delay: 0.1 ms, Speed: inf M/s, Resolution: 1920x1080
Name: 东方卫视, URL: http://[2409:8087:2001:20:2800:0:df6e:eb17]:80/wh7f454c46tw1928619653_-1503168431/ott.mobaibox.com/PLTV/3/224/3221227511/index.m3u8?icpid=3&RTS=1674386339&from=40&popid=40&hms_devid=2114&prioritypopid=40&vqe=3, IPv_Type: ipv6, Location: 中国, ISP: 中国移动, Date: None, Delay: 0.1 ms, Speed: inf M/s, Resolution: 1920x1080
Name: 东方卫视, URL: http://[2409:8087:1e03:21::42]:6610/cms001/ch00000090990000001013/index.m3u8, IPv_Type: ipv6, Location: 中国, ISP: 中国移动, Date: None, Delay: 0.1 ms, Speed: inf M/s, Resolution: 1920x1080
Name: 东方卫视, URL: http://[2409:8087:4c0a:22:1::11]:6410/170000001115/UmaiCHAN111131BESTVSMGSMG/index.m3u8?m3u8_level=2, IPv_Type: ipv6, Location: 中国, ISP: 中国移动, Date: None, Delay: 0.1 ms, Speed: inf M/s, Resolution: 1920x1080
Name: 东方卫视, URL: http://[2409:8087:5e01:34::38]:6610/ZTE_CMS/00000001000000060000000000000182/index.m3u8, IPv_Type: ipv6, Location: 中国, ISP: 中国移动, Date: None, Delay: 0.1 ms, Speed: inf M/s, Resolution: 1920x1080
Name: 东方卫视, URL: http://[2409:8087:5e01:34::38]:6610/ZTE_CMS/00000001000000060000000000000182/index.m3u8?, IPv_Type: ipv6, Location: 中国, ISP: 中国移动, Date: None, Delay: 0.1 ms, Speed: inf M/s, Resolution: 1920x1080
Name: 东方卫视, URL: http://[2409:8087:5e01:34::23]:6610/ZTE_CMS/00000001000000060000000000000182/index.m3u8?IAS, IPv_Type: ipv6, Location: 中国, ISP: 中国移动, Date: None, Delay: 0.1 ms, Speed: inf M/s, Resolution: 1920x1080
Name: 东方卫视, URL: http://[2409:8087:5e01:34::22]:6610/ZTE_CMS/00000001000000060000000000000182/index.m3u8?IAS, IPv_Type: ipv6, Location: 中国, ISP: 中国移动, Date: None, Delay: 0.1 ms, Speed: inf M/s, Resolution: 1920x1080
Name: 东方卫视, URL: http://[2409:8087:4c0a:22:1::11]:6410/170000001115/UmaiCHAN111131BESTVSMGSMG/index.m3u8?AuthInfo=9kOOdBn7MFF%2F2bWjKgahUaKz9fMrAi6%2FC6MZg8Mm9JQwoDIwMxbrlyyVy9x6ZDKnJ1LnEAwl4s1JgSBXbCxhRiWmveR7x9HhnhsF9G%2Bd4f8, IPv_Type: ipv6, Location: 中国, ISP: 中国移动, Date: None, Delay: 0.1 ms, Speed: inf M/s, Resolution: 1920x1080
Name: 东方卫视, URL: http://[2409:8087:5e01:34::20]:6610/ZTE_CMS/00000001000000060000000000000182/index.m3u8?IAS, IPv_Type: ipv6, Location: 中国, ISP: 中国移动, Date: None, Delay: 0.1 ms, Speed: inf M/s, Resolution: 1920x1080
Name: 东方卫视, URL: http://[2409:8087:5e01:34::21]:6610/ZTE_CMS/00000001000000060000000000000182/index.m3u8?IAS, IPv_Type: ipv6, Location: 中国, ISP: 中国移动, Date: None, Delay: 0.1 ms, Speed: inf M/s, Resolution: 1920x1080
Name: 东方卫视, URL: http://[2409:8087:5e01:34::21]:6610/ZTE_CMS/00000001000000060000000000000182/index.m3u8?key=tvbox6_com, IPv_Type: ipv6, Location: 中国, ISP: 中国移动, Date: None, Delay: 0.1 ms, Speed: inf M/s, Resolution: 1920x1080
Name: 东方卫视, URL: http://[2409:8087:1a01:df::4077]:80/ottrrs.hl.chinamobile.com/PLTV/88888888/8/3221226345/index.m3u8, IPv_Type: ipv6, Location: 中国, ISP: 中国移动, Date: None, Delay: 0.1 ms, Speed: inf M/s, Resolution: 1920x1080
Name: 东方卫视, URL: http://[2409:8087:1a01:df::4077]/ottrrs.hl.chinamobile.com/PLTV/88888888/224/3221226345/index.m3u8, IPv_Type: ipv6, Location: 中国, ISP: 中国移动, Date: None, Delay: 0.1 ms, Speed: inf M/s, Resolution: 1920x1080
Name: 东方卫视, URL: http://[2409:8087:2001:20:2800:0:df6e:eb16]/wh7f454c46tw2542426131_1585848046/ott.mobaibox.com/PLTV/3/224/3221227511/index.m3u8?icpid=3&RTS=1668597336&from=40&popid=40&hms_devid=2114&prioritypopid=40&vqe=3, IPv_Type: ipv6, Location: 中国, ISP: 中国移动, Date: None, Delay: 0.1 ms, Speed: inf M/s, Resolution: 1920x1080
Name: 东方卫视, URL: http://[2409:8087:1e03:21::2]:6060/cms001/ch00000090990000001013/index.m3u8, IPv_Type: ipv6, Location: 中国, ISP: 中国移动, Date: None, Delay: 0.1 ms, Speed: inf M/s, Resolution: 1920x1080
Name: 东方卫视, URL: http://[2409:8087:3428:20:500::100f]:6610/PLTV/88888888/224/3221225828/index.m3u8?servicetype=1&IASHttpSessionId=RR423820220409134714119178, IPv_Type: ipv6, Location: 中国, ISP: 中国移动, Date: None, Delay: 0.1 ms, Speed: inf M/s, Resolution: 1920x1080
Name: 东方卫视, URL: http://[2409:8087:3428:20:500::1009]:6610/PLTV/88888888/224/3221225828/index.m3u8?servicetype=1&IASHttpSessionId=RR423820220409134714119178, IPv_Type: ipv6, Location: 中国, ISP: 中国移动, Date: None, Delay: 0.1 ms, Speed: inf M/s, Resolution: 1920x1080
Name: 东方卫视, URL: http://[2409:8087:2001:20:2800:0:df6e:eb21]:80/wh7f454c46tw145917302_1381458537/ott.mobaibox.com/PLTV/3/224/3221228425/index.m3u8?icpid=3&RTS=1674371671&from=40&popid=40&hms_devid=2290&prioritypopid=40&vqe=3, IPv_Type: ipv6, Location: 中国, ISP: 中国移动, Date: None, Delay: 0.1 ms, Speed: inf M/s, Resolution: 1920x1080
Name: 东方卫视, URL: http://[2409:8087:74f0:22::5]:6410/270000001128/9900000518/index.m3u8, IPv_Type: ipv6, Location: 中国, ISP: 中国移动, Date: None, Delay: 0.1 ms, Speed: inf M/s, Resolution: 1920x1080
Name: 东方卫视, URL: http://[2409:8087:1a01:df::7005]/ottrrs.hl.chinamobile.com/PLTV/88888888/224/3221226345/index.m3u8, IPv_Type: ipv6, Location: 中国, ISP: 中国移动, Date: None, Delay: 0.1 ms, Speed: inf M/s, Resolution: 1920x1080
Name: 东方卫视, URL: http://[2409:8087:1a01:df::7005]:80/ottrrs.hl.chinamobile.com/PLTV/88888888/224/3221226345/index.m3u8, IPv_Type: ipv6, Location: 中国, ISP: 中国移动, Date: None, Delay: 0.1 ms, Speed: inf M/s, Resolution: 1920x1080
Name: 东方卫视, URL: http://[2409:8087:5e00:24::1e]:6060/200000001898/460000089800010054/1.m3u8, IPv_Type: ipv6, Location: 中国, ISP: 中国移动, Date: None, Delay: 0.1 ms, Speed: inf M/s, Resolution: 1920x1080
Name: 东方卫视, URL: http://[2409:8087:8:21::18]:6610/otttv.bj.chinamobile.com/PLTV/88888888/224/3221226898/1.m3u8?GuardEncType=2&accountinfo=%7E%7EV2.0%7E0uh4lyjjBCCN7TCq21vSIQ%7EtP4-l0lmSfjwLWEfK_el1vH_mv-s1zo4AQJwdedaVwG9xkuFTDg8J26cwOrNJzn20BErrHdLhuZ9EzLUCD3PMW-OMx4MGteHV2vLeW6BqoY%2CEND, IPv_Type: ipv6, Location: 中国, ISP: 中国移动, Date: None, Delay: -1 ms, Speed: 0.00 M/s, Resolution: None
Name: 东方卫视, URL: http://[2409:8087:3869:8021:1001::e5]:6610/PLTV/88888910/224/3221225659/index.m3u8, IPv_Type: ipv6, Location: 中国, ISP: 中国移动, Date: None, Delay: -1 ms, Speed: 0.00 M/s, Resolution: None
Name: 东方卫视, URL: http://rrs01.hw.gmcc.net:8088/PLTV/81/224/3221226734/1.m3u8, IPv_Type: ipv6, Location: 中国, ISP: 中国移动, Date: None, Delay: -1 ms, Speed: 0.00 M/s, Resolution: None
Name: 东方卫视, URL: https://cc06.tv12.xyz/37.m3u8, IPv_Type: ipv6, Location: 美国, ISP: CloudFlare Inc., Date: None, Delay: -1 ms, Speed: 0.00 M/s, Resolution: None
Name: 东方卫视, URL: http://23.237.228.134/live6/dongnan.m3u8, IPv_Type: ipv4, Location: 北美地区, ISP: , Date: None, Delay: 80 ms, Speed: 11.09 M/s, Resolution: 1920x1080
Name: 东南卫视, URL: http://php.jdshipin.com/TVOD/hnyd.php?id=200000001898/460000089800010096, IPv_Type: ipv6, Location: 美国, ISP: CloudFlare Inc., Date: None, Delay: 0.1 ms, Speed: inf M/s, Resolution: 1920x1080
Name: 东南卫视, URL: http://iptv.huuc.edu.cn/hls/dnhd.m3u8, IPv_Type: ipv6, Location: 中国, ISP: 教育网, Date: None, Delay: 0.1 ms, Speed: inf M/s, Resolution: 1920x1080
Name: 东南卫视, URL: http://live.zohi.tv/video/s10001-fztv-3/index.m3u8, IPv_Type: ipv6, Location: 中国, ISP: 中国电信, Date: None, Delay: 0.1 ms, Speed: inf M/s, Resolution: 1920x1080
Name: 东南卫视, URL: https://smart.pendy.dpdns.org/Smart.php?id=fujian, IPv_Type: ipv6, Location: 美国, ISP: CloudFlare Inc., Date: None, Delay: 0.1 ms, Speed: inf M/s, Resolution: 1920x1080
Name: 东南卫视, URL: http://[2409:8087:1a0a:df::404b]/ottrrs.hl.chinamobile.com/TVOD/88888888/224/3221226341/index.m3u8, IPv_Type: ipv6, Location: 中国, ISP: 中国移动, Date: None, Delay: 0.1 ms, Speed: inf M/s, Resolution: 1920x1080
Name: 东南卫视, URL: http://[2409:8087:1a01:df::4035]/TVOD/88888888/224/3221225950/main.m3u8, IPv_Type: ipv6, Location: 中国, ISP: 中国移动, Date: None, Delay: 0.1 ms, Speed: inf M/s, Resolution: 1920x1080
Name: 东南卫视, URL: http://[2409:8087:1a01:df::4077]/ottrrs.hl.chinamobile.com/PLTV/88888888/8/3221226341/index.m3u8, IPv_Type: ipv6, Location: 中国, ISP: 中国移动, Date: None, Delay: 0.1 ms, Speed: inf M/s, Resolution: 1920x1080
Name: 东南卫视, URL: http://[2409:8087:1a01:df::4077]:80/ottrrs.hl.chinamobile.com/PLTV/88888888/8/3221226341/index.m3u8, IPv_Type: ipv6, Location: 中国, ISP: 中国移动, Date: None, Delay: 0.1 ms, Speed: inf M/s, Resolution: 1920x1080
Name: 东南卫视, URL: http://[2409:8087:1a01:df::4077]/ottrrs.hl.chinamobile.com/PLTV/88888888/224/3221226341/index.m3u8, IPv_Type: ipv6, Location: 中国, ISP: 中国移动, Date: None, Delay: 0.1 ms, Speed: inf M/s, Resolution: 1920x1080
Name: 东南卫视, URL: http://[2409:8087:1a01:df::4077]:80/ottrrs.hl.chinamobile.com/PLTV/88888888/224/3221226341/index.m3u8, IPv_Type: ipv6, Location: 中国, ISP: 中国移动, Date: None, Delay: 0.1 ms, Speed: inf M/s, Resolution: 1920x1080
Name: 东南卫视, URL: http://[2409:8087:8:21::18]:6610/otttv.bj.chinamobile.com/PLTV/88888888/224/3221226496/1.m3u8, IPv_Type: ipv6, Location: 中国, ISP: 中国移动, Date: None, Delay: 0.1 ms, Speed: inf M/s, Resolution: 1920x1080
Name: 东南卫视, URL: http://[2409:8087:8:21::18]:6610/otttv.bj.chinamobile.com/PLTV/88888888/224/3221226517/1.m3u8, IPv_Type: ipv6, Location: 中国, ISP: 中国移动, Date: None, Delay: 0.1 ms, Speed: inf M/s, Resolution: 1920x1080
Name: 东南卫视, URL: http://iptv.cdn.ha.chinamobile.com/PLTV/88888888/224/3221227195/index.m3u8, IPv_Type: ipv6, Location: 中国, ISP: 中国移动, Date: None, Delay: 0.1 ms, Speed: inf M/s, Resolution: 1920x1080
Name: 东南卫视, URL: http://yc.myds.me:35455/itv/5000000004000010584.m3u8?cdn=bestzb, IPv_Type: ipv6, Location: 中国, ISP: 中国电信, Date: None, Delay: 0.1 ms, Speed: inf M/s, Resolution: 1920x1080
Name: 东南卫视, URL: http://nas.suntao.online:35455/itv/5000000004000010584.m3u8?cdn=bestzb, IPv_Type: ipv6, Location: 中国, ISP: 中国联通, Date: None, Delay: 0.1 ms, Speed: inf M/s, Resolution: 1920x1080
Name: 东南卫视, URL: http://lu.wqwqwq.sbs/itv/1000000005000265033.m3u8?cdn=ystenlive, IPv_Type: ipv6, Location: 美国, ISP: CloudFlare Inc., Date: None, Delay: 0.1 ms, Speed: inf M/s, Resolution: 1920x1080
Name: 东南卫视, URL: http://[2409:8087:2001:20:2800:0:df6e:eb21]:80/ott.mobaibox.com/PLTV/4/224/3221228428/index.m3u8, IPv_Type: ipv6, Location: 中国, ISP: 中国移动, Date: None, Delay: 0.1 ms, Speed: inf M/s, Resolution: 1920x1080
Name: 东南卫视, URL: http://[2409:8087:3428:20:500::100f]:6610/PLTV/88888888/224/3221225833/index.m3u8?servicetype=1&IASHttpSessionId=RR423820220409134714119178, IPv_Type: ipv6, Location: 中国, ISP: 中国移动, Date: None, Delay: 0.1 ms, Speed: inf M/s, Resolution: 1920x1080
Name: 东南卫视, URL: http://[2409:8087:3428:20:500::1009]:6610/PLTV/88888888/224/3221227156/index.m3u8?servicetype=1&IASHttpSessionId=RR423820220409134714119178, IPv_Type: ipv6, Location: 中国, ISP: 中国移动, Date: None, Delay: 0.1 ms, Speed: inf M/s, Resolution: 1920x1080
Name: 东南卫视, URL: http://[2409:8087:3428:20:500::1009]:6610/PLTV/88888888/224/3221225833/index.m3u8?servicetype=1&IASHttpSessionId=RR423820220409134714119178, IPv_Type: ipv6, Location: 中国, ISP: 中国移动, Date: None, Delay: 0.1 ms, Speed: inf M/s, Resolution: 1920x1080
Name: 东南卫视, URL: http://[2409:8087:1e03:21::13]:6610/cms001/ch00000090990000001201/index.m3u8, IPv_Type: ipv6, Location: 中国, ISP: 中国移动, Date: None, Delay: 0.1 ms, Speed: inf M/s, Resolution: 1920x1080
Name: 东南卫视, URL: http://[2409:8087:2001:20:2800:0:df6e:eb18]:80/wh7f454c46tw1460673280_696172443/ott.mobaibox.com/PLTV/3/224/3221227553/index.m3u8?icpid=3&RTS=1674381576&from=40&popid=40&hms_devid=2113&prioritypopid=40&vqe=3, IPv_Type: ipv6, Location: 中国, ISP: 中国移动, Date: None, Delay: 0.1 ms, Speed: inf M/s, Resolution: 1920x1080
Name: 东南卫视, URL: http://[2409:8087:2001:20:2800:0:df6e:eb0b]:80/wh7f454c46tw1481870012_-1505625723/ott.mobaibox.com/PLTV/3/224/3221227670/index.m3u8?icpid=3&RTS=1674381597&from=40&popid=40&hms_devid=2038&prioritypopid=40&vqe=3, IPv_Type: ipv6, Location: 中国, ISP: 中国移动, Date: None, Delay: 0.1 ms, Speed: inf M/s, Resolution: 1920x1080
Name: 东南卫视, URL: http://[2409:8087:2001:20:2800:0:df6e:eb0a]/ott.mobaibox.com/PLTV/3/224/3221227670/index.m3u8, IPv_Type: ipv6, Location: 中国, ISP: 中国移动, Date: None, Delay: 0.1 ms, Speed: inf M/s, Resolution: 1920x1080
Name: 东南卫视, URL: http://[2409:8087:1e03:21::42]:6610/cms001/ch00000090990000001201/index.m3u8, IPv_Type: ipv6, Location: 中国, ISP: 中国移动, Date: None, Delay: 0.1 ms, Speed: inf M/s, Resolution: 1920x1080
Name: 东南卫视, URL: http://[2409:8087:4c0a:22:1::11]:6410/170000001115/UmaiCHAN3540417BESTVSMGSMG/index.m3u8?m3u8_level=2, IPv_Type: ipv6, Location: 中国, ISP: 中国移动, Date: None, Delay: 0.1 ms, Speed: inf M/s, Resolution: 1920x1080
Name: 东南卫视, URL: http://[2409:8087:5e01:34::38]:6610/ZTE_CMS/00000001000000060000000000000502/index.m3u8, IPv_Type: ipv6, Location: 中国, ISP: 中国移动, Date: None, Delay: 0.1 ms, Speed: inf M/s, Resolution: 1920x1080
Name: 东南卫视, URL: http://[2409:8087:5e01:34::38]:6610/ZTE_CMS/00000001000000060000000000000502/index.m3u8?, IPv_Type: ipv6, Location: 中国, ISP: 中国移动, Date: None, Delay: 0.1 ms, Speed: inf M/s, Resolution: 1920x1080
Name: 东南卫视, URL: http://[2409:8087:5e01:34::20]:6610/ZTE_CMS/00000001000000060000000000000502/index.m3u8?IAS, IPv_Type: ipv6, Location: 中国, ISP: 中国移动, Date: None, Delay: 0.1 ms, Speed: inf M/s, Resolution: 1920x1080
Name: 东南卫视, URL: http://[2409:8087:5e01:34::22]:6610/ZTE_CMS/00000001000000060000000000000502/index.m3u8?IAS, IPv_Type: ipv6, Location: 中国, ISP: 中国移动, Date: None, Delay: 0.1 ms, Speed: inf M/s, Resolution: 1920x1080
Name: 东南卫视, URL: http://[2409:8087:5e01:34::21]:6610/ZTE_CMS/00000001000000060000000000000502/index.m3u8?IAS, IPv_Type: ipv6, Location: 中国, ISP: 中国移动, Date: None, Delay: 0.1 ms, Speed: inf M/s, Resolution: 1920x1080
Name: 东南卫视, URL: http://[2409:8087:1a0b:df::4020]:80/ottrrs.hl.chinamobile.com/PLTV/88888888/224/3221226341/index.m3u8, IPv_Type: ipv6, Location: 中国, ISP: 中国移动, Date: None, Delay: 0.1 ms, Speed: inf M/s, Resolution: 1920x1080
Name: 东南卫视, URL: http://[2409:8087:4c0a:22:1::11]:6410/170000001115/UmaiCHAN3540417BESTVSMGSMG/index.m3u8?AuthInfo=9kOOdBn7MFF%2F2bWjKgahUXv1bCET6%2FGP6LFvnNC2DgH0ZQXwaiVktPr6ILPKXqwO%2B40ghr%2F2EQqAw4TSfOQgwgjPkFLBGBm%2FRxwhWL4Q3uM, IPv_Type: ipv6, Location: 中国, ISP: 中国移动, Date: None, Delay: 0.1 ms, Speed: inf M/s, Resolution: 1920x1080
Name: 东南卫视, URL: http://[2409:8087:5e01:34::23]:6610/ZTE_CMS/00000001000000060000000000000502/index.m3u8?IAS, IPv_Type: ipv6, Location: 中国, ISP: 中国移动, Date: None, Delay: 0.1 ms, Speed: inf M/s, Resolution: 1920x1080
Name: 东南卫视, URL: http://[2409:8087:1a01:df::4077]:80/ottrrs.hl.chinamobile.com/yinhe/88888888/224/3221226341/index.m3u8, IPv_Type: ipv6, Location: 中国, ISP: 中国移动, Date: None, Delay: 0.1 ms, Speed: inf M/s, Resolution: 1920x1080
Name: 东南卫视, URL: http://[2409:8087:1a01:df::4077]/ottrrs.hl.chinamobile.com/yinhe/88888888/224/3221226341/index.m3u8, IPv_Type: ipv6, Location: 中国, ISP: 中国移动, Date: None, Delay: 0.1 ms, Speed: inf M/s, Resolution: 1920x1080
Name: 东南卫视, URL: http://[2409:8087:2001:20:2800:0:df6e:eb0a]/wh7f454c46tw2900649569_-743777193/ott.mobaibox.com/PLTV/3/224/3221227670/index.m3u8?icpid=3&RTS=1669701501&from=40&popid=40&hms_devid=2038&prioritypopid=40&vqe=3, IPv_Type: ipv6, Location: 中国, ISP: 中国移动, Date: None, Delay: 0.1 ms, Speed: inf M/s, Resolution: 1920x1080
Name: 东南卫视, URL: http://[2409:8087:1e03:21::2]:6060/cms001/ch00000090990000001201/index.m3u8, IPv_Type: ipv6, Location: 中国, ISP: 中国移动, Date: None, Delay: 0.1 ms, Speed: inf M/s, Resolution: 1920x1080
Name: 东南卫视, URL: http://[2409:8087:3428:20:500::100f]:6610/PLTV/88888888/224/3221227156/index.m3u8?servicetype=1&IASHttpSessionId=RR423820220409134714119178, IPv_Type: ipv6, Location: 中国, ISP: 中国移动, Date: None, Delay: 0.1 ms, Speed: inf M/s, Resolution: 1920x1080
Name: 东南卫视, URL: http://[2409:8087:2001:20:2800:0:df6e:eb21]:80/wh7f454c46tw91318118_1728721263/ott.mobaibox.com/PLTV/3/224/3221228428/index.m3u8?icpid=3&RTS=1674371616&from=40&popid=40&hms_devid=2290&prioritypopid=40&vqe=3, IPv_Type: ipv6, Location: 中国, ISP: 中国移动, Date: None, Delay: 0.1 ms, Speed: inf M/s, Resolution: 1920x1080
Name: 东南卫视, URL: http://[2409:8087:74f0:22::4]:6610/270000001128/9900000519/index.m3u8, IPv_Type: ipv6, Location: 中国, ISP: 中国移动, Date: None, Delay: 0.1 ms, Speed: inf M/s, Resolution: 1920x1080
Name: 东南卫视, URL: http://[2409:8087:1a01:df::7005]:80/ottrrs.hl.chinamobile.com/PLTV/88888888/224/3221226341/index.m3u8, IPv_Type: ipv6, Location: 中国, ISP: 中国移动, Date: None, Delay: 0.1 ms, Speed: inf M/s, Resolution: 1920x1080
Name: 东南卫视, URL: http://[2409:8087:1a01:df::7005]/ottrrs.hl.chinamobile.com/PLTV/88888888/224/3221226341/index.m3u8, IPv_Type: ipv6, Location: 中国, ISP: 中国移动, Date: None, Delay: 0.1 ms, Speed: inf M/s, Resolution: 1920x1080
Name: 东南卫视, URL: http://[2409:8087:5e00:24::1e]:6060/200000001898/460000089800010096/1.m3u8, IPv_Type: ipv6, Location: 中国, ISP: 中国移动, Date: None, Delay: 0.1 ms, Speed: inf M/s, Resolution: 1920x1080
Name: 东南卫视, URL: http://[2409:8087:3869:8021:1001::e5]:6610/PLTV/88888888/224/3221225657/2/index.m3u8, IPv_Type: ipv6, Location: 中国, ISP: 中国移动, Date: None, Delay: -1 ms, Speed: 0.00 M/s, Resolution: None
Name: 东南卫视, URL: http://[2409:8087:3869:8021:1001::e5]:6610/PLTV/88888888/224/3221225585/2/index.m3u8, IPv_Type: ipv6, Location: 中国, ISP: 中国移动, Date: None, Delay: -1 ms, Speed: 0.00 M/s, Resolution: None
Name: 东南卫视, URL: http://[2409:8087:8:21::18]:6610/otttv.bj.chinamobile.com/PLTV/88888888/224/3221226991/1.m3u8?GuardEncType=2&accountinfo=%7E%7EV2.0%7EQ6F5Mjgs0tJyEArWFL3vQA%7EtP4-l0lmSfjwLWEfK_el1vH_mv-s1zo4AQJwdedaVwG9xkuFTDg8J26cwOrNJzn20BErrHdLhuZ9EzLUCD3PMW-OMx4MGteHV2vLeW6BqoY%2CEND, IPv_Type: ipv6, Location: 中国, ISP: 中国移动, Date: None, Delay: -1 ms, Speed: 0.00 M/s, Resolution: None
Name: 东南卫视, URL: http://rrs01.hw.gmcc.net:8088/PLTV/81/224/3221226670/1.m3u8, IPv_Type: ipv6, Location: 中国, ISP: 中国移动, Date: None, Delay: -1 ms, Speed: 0.00 M/s, Resolution: None
Name: 东南卫视, URL: https://mursor.ottiptv.cc/migu/849116810.m3u8?migutoken=014b95a53095818f8ad2a30cc3d3f67aa4b109c10b94458b5cad53ac8361f27208aa7a7a66bebce7220d50e66d3f80b5e74206d6ac47309504139232b4b79c22918f04eba66a5404c48ca4767d, IPv_Type: ipv6, Location: 美国-新泽西州-哈德逊, ISP: DigitalOcean, Date: None, Delay: -1 ms, Speed: 0.00 M/s, Resolution: None
Name: 东南卫视, URL: https://mursor.ottiptv.cc/migu/849116810.m3u8?migutoken=929828e6dada3fb91580ca859478bb2235838e1a9ca053a1bcca7a7cebd1bc47dddcf3d8a8eba06b3ea0d92dd2c13c6b2a2a98f7e92cac8631f1881b74c6022dbce0be85da4a53456296af27d3, IPv_Type: ipv6, Location: 美国-新泽西州-哈德逊, ISP: DigitalOcean, Date: None, Delay: -1 ms, Speed: 0.00 M/s, Resolution: None
Name: 东南卫视, URL: https://cc06.tv12.xyz/38.m3u8, IPv_Type: ipv6, Location: 美国, ISP: CloudFlare Inc., Date: None, Delay: -1 ms, Speed: 0.00 M/s, Resolution: None
Name: 甘肃卫视, URL: http://live.zohi.tv/video/s10001-fztv-3/index.m3u8, IPv_Type: ipv6, Location: 中国, ISP: 中国电信, Date: None, Delay: 0.1 ms, Speed: inf M/s, Resolution: 1920x1080
Name: 甘肃卫视, URL: http://php.jdshipin.com/TVOD/hnyd.php?id=200000001898/460000089800010098, IPv_Type: ipv6, Location: 美国, ISP: CloudFlare Inc., Date: None, Delay: 0.1 ms, Speed: inf M/s, Resolution: 1920x1080
Name: 甘肃卫视, URL: http://[2409:8087:8:21::18]:6610/otttv.bj.chinamobile.com/PLTV/88888888/224/3221226545/1.m3u8, IPv_Type: ipv6, Location: 中国, ISP: 中国移动, Date: None, Delay: 0.1 ms, Speed: inf M/s, Resolution: 1920x1080
Name: 甘肃卫视, URL: http://[2409:8087:8:21::18]:6610/otttv.bj.chinamobile.com/PLTV/88888888/224/3221226913/1.m3u8, IPv_Type: ipv6, Location: 中国, ISP: 中国移动, Date: None, Delay: 0.1 ms, Speed: inf M/s, Resolution: 1920x1080
Name: 甘肃卫视, URL: http://[2409:8c02:21c:60::2b]/live.rxip.sc96655.com/live/gsws_4000.m3u8, IPv_Type: ipv6, Location: 中国, ISP: 中国移动, Date: None, Delay: 0.1 ms, Speed: inf M/s, Resolution: 1920x1080
Name: 甘肃卫视, URL: http://[2409:8087:3428:20:500::100f]:6610/PLTV/88888888/224/3221225845/index.m3u8?servicetype=1&IASHttpSessionId=RR423820220409134714119178, IPv_Type: ipv6, Location: 中国, ISP: 中国移动, Date: None, Delay: 0.1 ms, Speed: inf M/s, Resolution: 1920x1080
Name: 甘肃卫视, URL: http://[2409:8087:3428:20:500::1009]:6610/PLTV/88888888/224/3221225845/index.m3u8?servicetype=1&IASHttpSessionId=RR423820220409134714119178, IPv_Type: ipv6, Location: 中国, ISP: 中国移动, Date: None, Delay: 0.1 ms, Speed: inf M/s, Resolution: 1920x1080
Name: 甘肃卫视, URL: http://[2409:8087:2001:20:2800:0:df6e:eb1b]:80/wh7f454c46tw1625690606_1267463833/ott.mobaibox.com/PLTV/3/224/3221227568/index.m3u8?icpid=3&RTS=1674377446&from=40&popid=40&hms_devid=2116&prioritypopid=40&vqe=3, IPv_Type: ipv6, Location: 中国, ISP: 中国移动, Date: None, Delay: 0.1 ms, Speed: inf M/s, Resolution: 1920x1080
Name: 甘肃卫视, URL: http://[2409:8087:3428:20:500::100f]:6610/PLTV/88888888/224/3221227262/index.m3u8?servicetype=1&IASHttpSessionId=RR423820220409134714119178, IPv_Type: ipv6, Location: 中国, ISP: 中国移动, Date: None, Delay: 0.1 ms, Speed: inf M/s, Resolution: 1920x1080
Name: 甘肃卫视, URL: http://[2409:8087:3428:20:500::1009]:6610/PLTV/88888888/224/3221227262/index.m3u8?servicetype=1&IASHttpSessionId=RR423820220409134714119178, IPv_Type: ipv6, Location: 中国, ISP: 中国移动, Date: None, Delay: 0.1 ms, Speed: inf M/s, Resolution: 1920x1080
Name: 甘肃卫视, URL: http://[2409:8087:2001:20:2800:0:df6e:eb1a]/ott.mobaibox.com/PLTV/3/224/3221227568/index.m3u8, IPv_Type: ipv6, Location: 中国, ISP: 中国移动, Date: None, Delay: 0.1 ms, Speed: inf M/s, Resolution: 1920x1080
Name: 甘肃卫视, URL: http://[2409:8087:2001:20:2800:0:df6e:eb1a]:80/wh7f454c46tw1400573680_-1979013462/ott.mobaibox.com/PLTV/3/224/3221227568/index.m3u8, IPv_Type: ipv6, Location: 中国, ISP: 中国移动, Date: None, Delay: 0.1 ms, Speed: inf M/s, Resolution: 1920x1080
Name: 甘肃卫视, URL: http://nas.suntao.online:35455/itv/5000000011000031121.m3u8?cdn=bestzb, IPv_Type: ipv6, Location: 中国, ISP: 中国联通, Date: None, Delay: 0.1 ms, Speed: inf M/s, Resolution: 1920x1080
Name: 甘肃卫视, URL: http://[2409:8087:1e03:21::42]:6610/cms001/ch00000090990000001298/index.m3u8, IPv_Type: ipv6, Location: 中国, ISP: 中国移动, Date: None, Delay: 0.1 ms, Speed: inf M/s, Resolution: 1920x1080
Name: 甘肃卫视, URL: http://[2409:8087:74F1:0021::0008]:80/270000001322/69900158041111100000002160/index.m3u8, IPv_Type: ipv6, Location: 中国, ISP: 中国移动, Date: None, Delay: 0.1 ms, Speed: inf M/s, Resolution: 1920x1080
Name: 甘肃卫视, URL: http://[2409:8087:1e03:21::42]:6610/cms001/ch00000090990000001298/index.m3u8?love=freedom, IPv_Type: ipv6, Location: 中国, ISP: 中国移动, Date: None, Delay: 0.1 ms, Speed: inf M/s, Resolution: 1920x1080
Name: 甘肃卫视, URL: http://[2409:8087:2001:20:2800:0:df6e:eb1a]/wh7f454c46tw1400573680_-1979013462/ott.mobaibox.com/PLTV/3/224/3221227568/index.m3u8?icpid=3&RTS=1668600490&from=40&popid=40&hms_devid=2116&prioritypopid=40&vqe=3, IPv_Type: ipv6, Location: 中国, ISP: 中国移动, Date: None, Delay: 0.1 ms, Speed: inf M/s, Resolution: 1920x1080
Name: 甘肃卫视, URL: http://[2409:8087:74f0:22::5]:6410/270000001128/9900000023/index.m3u8, IPv_Type: ipv6, Location: 中国, ISP: 中国移动, Date: None, Delay: 0.1 ms, Speed: inf M/s, Resolution: 1920x1080
Name: 甘肃卫视, URL: http://[2409:8087:74f0:22::7]:6410/270000001111/1110000322/index.m3u8, IPv_Type: ipv6, Location: 中国, ISP: 中国移动, Date: None, Delay: 0.1 ms, Speed: inf M/s, Resolution: 1920x1080
Name: 甘肃卫视, URL: http://[2409:8087:1a01:df::7005]:80/ottrrs.hl.chinamobile.com/PLTV/88888888/224/3221225633/index.m3u8, IPv_Type: ipv6, Location: 中国, ISP: 中国移动, Date: None, Delay: 0.1 ms, Speed: inf M/s, Resolution: 1920x1080
Name: 甘肃卫视, URL: http://[2409:8087:5e00:24::1e]:6060/200000001898/460000089800010098/1.m3u8, IPv_Type: ipv6, Location: 中国, ISP: 中国移动, Date: None, Delay: 0.1 ms, Speed: inf M/s, Resolution: 1920x1080
Name: 甘肃卫视, URL: http://[2409:8087:8:21::18]:6610/otttv.bj.chinamobile.com/PLTV/88888888/224/3221227020/1.m3u8?GuardEncType=2&accountinfo=%7E%7EV2.0%7Err-CLugPnTcUinEM8JeySg%7EtP4-l0lmSfjwLWEfK_el1vH_mv-s1zo4AQJwdedaVwG9xkuFTDg8J26cwOrNJzn20BErrHdLhuZ9EzLUCD3PMW-OMx4MGteHV2vLeW6BqoY%2CEND, IPv_Type: ipv6, Location: 中国, ISP: 中国移动, Date: None, Delay: -1 ms, Speed: 0.00 M/s, Resolution: None
Name: 甘肃卫视, URL: http://[2409:8087:3869:8021:1001::e5]:6610/PLTV/88888888/224/3221225724/2/index.m3u8, IPv_Type: ipv6, Location: 中国, ISP: 中国移动, Date: None, Delay: -1 ms, Speed: 0.00 M/s, Resolution: None
Name: 甘肃卫视, URL: http://rrs01.hw.gmcc.net:8088/PLTV/81/224/3221226662/1.m3u8, IPv_Type: ipv6, Location: 中国, ISP: 中国移动, Date: None, Delay: -1 ms, Speed: 0.00 M/s, Resolution: None
Name: 甘肃卫视, URL: https://cc06.tv12.xyz/44.m3u8, IPv_Type: ipv6, Location: 美国, ISP: CloudFlare Inc., Date: None, Delay: -1 ms, Speed: 0.00 M/s, Resolution: None
Name: 广西卫视, URL: http://php.jdshipin.com/TVOD/hljyd.php?id=3221226549, IPv_Type: ipv6, Location: 美国, ISP: CloudFlare Inc., Date: None, Delay: 0.1 ms, Speed: inf M/s, Resolution: 1920x1080
Name: 广西卫视, URL: https://mobilelive.gxtv.cn/live/gx_live1004/playlist.m3u8, IPv_Type: ipv6, Location: 中国-广东-佛山, ISP: 电信, Date: None, Delay: 0.1 ms, Speed: inf M/s, Resolution: 1920x1080
Name: 广西卫视, URL: http://live.cztv.cc:85/live/ggpd.m3u8, IPv_Type: ipv6, Location: 中国, ISP: 中国电信, Date: None, Delay: 0.1 ms, Speed: inf M/s, Resolution: 1920x1080
Name: 广西卫视, URL: https://hlscdn.liangtv.cn/live/de0f97348eb84f62aa6b7d8cf0430770/dd505d87880c478f901f38560ca4d4e6.m3u8, IPv_Type: ipv6, Location: 中国-江苏-扬州, ISP: 电信, Date: None, Delay: 0.1 ms, Speed: inf M/s, Resolution: 1920x1080
Name: 广西卫视, URL: https://hlscdn.liangtv.cn/live/0c4ef3a44b934cacb8b47121dfada66c/d7e04258157b480dae53883cc6f8123b.m3u8, IPv_Type: ipv6, Location: 中国-江苏-扬州, ISP: 电信, Date: None, Delay: 0.1 ms, Speed: inf M/s, Resolution: 1920x1080
Name: 广西卫视, URL: http://[2409:8087:1a01:df::4047]:80/TVOD/88888888/224/3221226091/main.m3u8, IPv_Type: ipv6, Location: 中国, ISP: 中国移动, Date: None, Delay: 0.1 ms, Speed: inf M/s, Resolution: 1920x1080
Name: 广西卫视, URL: https://smart.pendy.dpdns.org/Smart.php?id=guangxi, IPv_Type: ipv6, Location: 美国, ISP: CloudFlare Inc., Date: None, Delay: 0.1 ms, Speed: inf M/s, Resolution: 1920x1080
Name: 广西卫视, URL: http://[2409:8087:1a0a:df::404b]/ottrrs.hl.chinamobile.com/TVOD/88888888/224/3221226549/index.m3u8, IPv_Type: ipv6, Location: 中国, ISP: 中国移动, Date: None, Delay: 0.1 ms, Speed: inf M/s, Resolution: 1920x1080
Name: 广西卫视, URL: http://[2409:8087:8:21::18]:6610/otttv.bj.chinamobile.com/PLTV/88888888/224/3221226534/1.m3u8, IPv_Type: ipv6, Location: 中国, ISP: 中国移动, Date: None, Delay: 0.1 ms, Speed: inf M/s, Resolution: 1920x1080
Name: 广西卫视, URL: http://[2409:8087:8:21::18]:6610/otttv.bj.chinamobile.com/PLTV/88888888/224/3221226915/1.m3u8, IPv_Type: ipv6, Location: 中国, ISP: 中国移动, Date: None, Delay: 0.1 ms, Speed: inf M/s, Resolution: 1920x1080
Name: 广西卫视, URL: http://[2409:8087:2001:20:2800:0:df6e:eb1a]:80/wh7f454c46tw1546067216_-1703904154/ott.mobaibox.com/PLTV/3/224/3221228183/index.m3u8?icpid=3&RTS=1674385956&from=40&popid=40&hms_devid=2116&prioritypopid=40&vqe=3, IPv_Type: ipv6, Location: 中国, ISP: 中国移动, Date: None, Delay: 0.1 ms, Speed: inf M/s, Resolution: 1920x1080
Name: 广西卫视, URL: http://[2409:8087:2001:20:2800:0:df6e:eb04]:80/ott.mobaibox.com/PLTV/4/224/3221228183/index.m3u8, IPv_Type: ipv6, Location: 中国, ISP: 中国移动, Date: None, Delay: 0.1 ms, Speed: inf M/s, Resolution: 1920x1080
Name: 广西卫视, URL: http://[2409:8087:1e03:21::2]:6060/cms001/ch00000090990000001224/index.m3u8, IPv_Type: ipv6, Location: 中国, ISP: 中国移动, Date: None, Delay: 0.1 ms, Speed: inf M/s, Resolution: 1920x1080
Name: 广西卫视, URL: http://[2409:8087:3428:20:500::100f]:6610/PLTV/88888888/224/3221227250/index.m3u8?servicetype=1&IASHttpSessionId=RR423820220409134714119178, IPv_Type: ipv6, Location: 中国, ISP: 中国移动, Date: None, Delay: 0.1 ms, Speed: inf M/s, Resolution: 1920x1080
Name: 广西卫视, URL: http://iptv.cdn.ha.chinamobile.com/PLTV/88888888/224/3221227242/index.m3u8, IPv_Type: ipv6, Location: 中国, ISP: 中国移动, Date: None, Delay: 0.1 ms, Speed: inf M/s, Resolution: 1920x1080
Name: 广西卫视, URL: http://nas.suntao.online:35455/itv/5000000011000031118.m3u8?cdn=bestzb, IPv_Type: ipv6, Location: 中国, ISP: 中国联通, Date: None, Delay: 0.1 ms, Speed: inf M/s, Resolution: 1920x1080
Name: 广西卫视, URL: http://hwrr.jx.chinamobile.com:8080/PLTV/88888888/224/3221226211/index.m3u8?fmt=ts2hls, IPv_Type: ipv6, Location: 中国, ISP: 中国移动, Date: None, Delay: 0.1 ms, Speed: inf M/s, Resolution: 1920x1080
Name: 广西卫视, URL: http://[2409:8087:3428:20:500::100f]:6610/PLTV/88888888/224/3221225836/index.m3u8?servicetype=1&IASHttpSessionId=RR423820220409134714119178, IPv_Type: ipv6, Location: 中国, ISP: 中国移动, Date: None, Delay: 0.1 ms, Speed: inf M/s, Resolution: 1920x1080
Name: 广西卫视, URL: http://[2409:8087:3428:20:500::1009]:6610/PLTV/88888888/224/3221225836/index.m3u8?servicetype=1&IASHttpSessionId=RR423820220409134714119178, IPv_Type: ipv6, Location: 中国, ISP: 中国移动, Date: None, Delay: 0.1 ms, Speed: inf M/s, Resolution: 1920x1080
Name: 广西卫视, URL: http://[2409:8087:2001:20:2800:0:df6e:eb05]/ott.mobaibox.com/PLTV/3/224/3221228183/index.m3u8, IPv_Type: ipv6, Location: 中国, ISP: 中国移动, Date: None, Delay: 0.1 ms, Speed: inf M/s, Resolution: 1920x1080
Name: 广西卫视, URL: http://[2409:8087:2001:20:2800:0:df6e:eb05]:80/wh7f454c46tw2325655923_1638953995/ott.mobaibox.com/PLTV/3/224/3221228183/index.m3u8, IPv_Type: ipv6, Location: 中国, ISP: 中国移动, Date: None, Delay: 0.1 ms, Speed: inf M/s, Resolution: 1920x1080
Name: 广西卫视, URL: http://[2409:8087:1e03:21::42]:6610/cms001/ch00000090990000001224/index.m3u8, IPv_Type: ipv6, Location: 中国, ISP: 中国移动, Date: None, Delay: 0.1 ms, Speed: inf M/s, Resolution: 1920x1080
Name: 广西卫视, URL: http://[2409:8087:4c0a:22:1::11]:6410/170000001115/UmaiCHAN5000045BESTVSMGSMG/index.m3u8?m3u8_level=2, IPv_Type: ipv6, Location: 中国, ISP: 中国移动, Date: None, Delay: 0.1 ms, Speed: inf M/s, Resolution: 1920x1080
Name: 广西卫视, URL: http://[2409:8087:4c0a:22:1::11]:6410/170000001115/UmaiCHAN5000045BESTVSMGSMG/index.m3u8?AuthInfo=9kOOdBn7MFF%2F2bWjKgahUd3JM2PCgDefrKOVZLNt0QPdo%2FUL80msfbhDYvoWpNl3Ui3SDbjEyrngRN3z0PFPHWA%2BXaedl3%2F3flCrB%2Fqh7fg, IPv_Type: ipv6, Location: 中国, ISP: 中国移动, Date: None, Delay: 0.1 ms, Speed: inf M/s, Resolution: 1920x1080
Name: 广西卫视, URL: http://dbiptv.sn.chinamobile.com/PLTV/88888890/224/3221225770/index.m3u8, IPv_Type: ipv6, Location: 中国, ISP: 中国移动, Date: None, Delay: 0.1 ms, Speed: inf M/s, Resolution: 1920x1080
Name: 广西卫视, URL: http://[2409:8087:1e03:21::42]:6610/cms001/ch00000090990000001224/index.m3u8?love=freedom, IPv_Type: ipv6, Location: 中国, ISP: 中国移动, Date: None, Delay: 0.1 ms, Speed: inf M/s, Resolution: 1920x1080
Name: 广西卫视, URL: http://[2409:8087:2001:20:2800:0:df6e:eb05]/wh7f454c46tw2325655923_1638953995/ott.mobaibox.com/PLTV/3/224/3221228183/index.m3u8?icpid=3&RTS=1669700926&from=40&popid=40&hms_devid=2041&prioritypopid=40&vqe=3, IPv_Type: ipv6, Location: 中国, ISP: 中国移动, Date: None, Delay: 0.1 ms, Speed: inf M/s, Resolution: 1920x1080
Name: 广西卫视, URL: https://live.v1.mk/api/bestv.php?id=gxwshd8m/8000000, IPv_Type: ipv6, Location: 美国, ISP: CloudFlare Inc., Date: None, Delay: 0.1 ms, Speed: inf M/s, Resolution: 1920x1080
Name: 广西卫视, URL: http://[2409:8087:3428:20:500::1009]:6610/PLTV/88888888/224/3221227250/index.m3u8?servicetype=1&IASHttpSessionId=RR423820220409134714119178, IPv_Type: ipv6, Location: 中国, ISP: 中国移动, Date: None, Delay: 0.1 ms, Speed: inf M/s, Resolution: 1920x1080
Name: 广西卫视, URL: http://[2409:8087:74f0:22::7]:6410/270000001128/9900000034/index.m3u8, IPv_Type: ipv6, Location: 中国, ISP: 中国移动, Date: None, Delay: 0.1 ms, Speed: inf M/s, Resolution: 1920x1080
Name: 广西卫视, URL: http://[2409:8087:1a01:df::7005]:80/ottrrs.hl.chinamobile.com/PLTV/88888888/224/3221226380/index.m3u8, IPv_Type: ipv6, Location: 中国, ISP: 中国移动, Date: None, Delay: 0.1 ms, Speed: inf M/s, Resolution: 1920x1080
Name: 广西卫视, URL: http://[2409:8087:1a01:df::7005]/ottrrs.hl.chinamobile.com/PLTV/88888888/224/3221226549/index.m3u8, IPv_Type: ipv6, Location: 中国, ISP: 中国移动, Date: None, Delay: 0.1 ms, Speed: inf M/s, Resolution: 1920x1080
Name: 广西卫视, URL: http://[2409:8087:1a01:df::7005]:80/ottrrs.hl.chinamobile.com/PLTV/88888888/224/3221226549/index.m3u8, IPv_Type: ipv6, Location: 中国, ISP: 中国移动, Date: None, Delay: 0.1 ms, Speed: inf M/s, Resolution: 1920x1080
Name: 广西卫视, URL: http://[2409:8087:5e00:24::1e]:6060/200000001898/460000089800010099/1.m3u8, IPv_Type: ipv6, Location: 中国, ISP: 中国移动, Date: None, Delay: 0.1 ms, Speed: inf M/s, Resolution: 1920x1080
Name: 广西卫视, URL: http://[2409:8087:3869:8021:1001::e5]:6610/PLTV/88888888/224/3221225731/2/index.m3u8, IPv_Type: ipv6, Location: 中国, ISP: 中国移动, Date: None, Delay: 0.1 ms, Speed: inf M/s, Resolution: 1920x1080
Name: 广西卫视, URL: http://[2409:8087:3869:8021:1001::e5]:6610/PLTV/88888910/224/3221226211/index.m3u8?fmt=ts2hls, IPv_Type: ipv6, Location: 中国, ISP: 中国移动, Date: None, Delay: 0.1 ms, Speed: inf M/s, Resolution: 1920x1080
Name: 广西卫视, URL: http://[2409:8087:8:21::18]:6610/otttv.bj.chinamobile.com/PLTV/88888888/224/3221227010/1.m3u8?GuardEncType=2&accountinfo=%7E%7EV2.0%7EkAhb-89sxdm9fz6-heXCuw%7EtP4-l0lmSfjwLWEfK_el1vH_mv-s1zo4AQJwdedaVwG9xkuFTDg8J26cwOrNJzn20BErrHdLhuZ9EzLUCD3PMW-OMx4MGteHV2vLeW6BqoY%2CEND, IPv_Type: ipv6, Location: 中国, ISP: 中国移动, Date: None, Delay: -1 ms, Speed: 0.00 M/s, Resolution: None
Name: 广西卫视, URL: http://rrs01.hw.gmcc.net:8088/PLTV/81/224/3221226681/1.m3u8, IPv_Type: ipv6, Location: 中国, ISP: 中国移动, Date: None, Delay: -1 ms, Speed: 0.00 M/s, Resolution: None
Name: 广西卫视, URL: https://cc06.tv12.xyz/46.m3u8, IPv_Type: ipv6, Location: 美国, ISP: CloudFlare Inc., Date: None, Delay: -1 ms, Speed: 0.00 M/s, Resolution: None
Name: 广西卫视, URL: http://23.237.228.134/live6/guizhou.m3u8, IPv_Type: ipv4, Location: 北美地区, ISP: , Date: None, Delay: 79 ms, Speed: 11.15 M/s, Resolution: 1920x1080
Name: 广西卫视, URL: http://23.237.228.134/live6/guangxi.m3u8, IPv_Type: ipv4, Location: 北美地区, ISP: , Date: None, Delay: 81 ms, Speed: 10.85 M/s, Resolution: 1920x1080
Name: 贵州卫视, URL: http://php.jdshipin.com/TVOD/hljyd.php?id=3221226474, IPv_Type: ipv6, Location: 美国, ISP: CloudFlare Inc., Date: None, Delay: 0.1 ms, Speed: inf M/s, Resolution: 1920x1080
Name: 贵州卫视, URL: http://[2409:8087:1a01:df::4030]:80/TVOD/88888888/224/3221225974/main.m3u8, IPv_Type: ipv6, Location: 中国, ISP: 中国移动, Date: None, Delay: 0.1 ms, Speed: inf M/s, Resolution: 1920x1080
Name: 贵州卫视, URL: http://[2409:8087:1a0a:df::404b]/ottrrs.hl.chinamobile.com/TVOD/88888888/224/3221226474/index.m3u8, IPv_Type: ipv6, Location: 中国, ISP: 中国移动, Date: None, Delay: 0.1 ms, Speed: inf M/s, Resolution: 1920x1080
Name: 贵州卫视, URL: http://[2409:8087:1a01:df::4077]/ottrrs.hl.chinamobile.com/PLTV/88888888/8/3221226474/index.m3u8, IPv_Type: ipv6, Location: 中国, ISP: 中国移动, Date: None, Delay: 0.1 ms, Speed: inf M/s, Resolution: 1920x1080
Name: 贵州卫视, URL: http://[2409:8087:1a01:df::4077]/ottrrs.hl.chinamobile.com/PLTV/88888888/224/3221226474/index.m3u8, IPv_Type: ipv6, Location: 中国, ISP: 中国移动, Date: None, Delay: 0.1 ms, Speed: inf M/s, Resolution: 1920x1080
Name: 贵州卫视, URL: http://[2409:8087:1a01:df::4077]:80/ottrrs.hl.chinamobile.com/yinhe/88888888/224/3221226474/index.m3u8, IPv_Type: ipv6, Location: 中国, ISP: 中国移动, Date: None, Delay: 0.1 ms, Speed: inf M/s, Resolution: 1920x1080
Name: 贵州卫视, URL: http://[2409:8087:8:21::18]:6610/otttv.bj.chinamobile.com/PLTV/88888888/224/3221226497/1.m3u8, IPv_Type: ipv6, Location: 中国, ISP: 中国移动, Date: None, Delay: 0.1 ms, Speed: inf M/s, Resolution: 1920x1080
Name: 贵州卫视, URL: http://[2409:8087:1a01:df::4077]/ottrrs.hl.chinamobile.com/PLTV/88888888/224/3221226474/1.m3u8?icpid=88888888&from=1&hms_devid=1012&vqe=3, IPv_Type: ipv6, Location: 中国, ISP: 中国移动, Date: None, Delay: 0.1 ms, Speed: inf M/s, Resolution: 1920x1080
Name: 贵州卫视, URL: http://[2409:8087:8:21::18]:6610/otttv.bj.chinamobile.com/PLTV/88888888/224/3221226521/1.m3u8, IPv_Type: ipv6, Location: 中国, ISP: 中国移动, Date: None, Delay: 0.1 ms, Speed: inf M/s, Resolution: 1920x1080
Name: 贵州卫视, URL: http://[2409:8087:2001:20:2800:0:df6e:eb09]:80/ott.mobaibox.com/PLTV/4/224/3221228136/index.m3u8, IPv_Type: ipv6, Location: 中国, ISP: 中国移动, Date: None, Delay: 0.1 ms, Speed: inf M/s, Resolution: 1920x1080
Name: 贵州卫视, URL: http://[2409:8087:3428:20:500::100f]:6610/PLTV/88888888/224/3221227201/index.m3u8?servicetype=1&IASHttpSessionId=RR423820220409134714119178, IPv_Type: ipv6, Location: 中国, ISP: 中国移动, Date: None, Delay: 0.1 ms, Speed: inf M/s, Resolution: 1920x1080
Name: 贵州卫视, URL: http://nas.suntao.online:35455/itv/5000000004000025843.m3u8?cdn=bestzb, IPv_Type: ipv6, Location: 中国, ISP: 中国联通, Date: None, Delay: 0.1 ms, Speed: inf M/s, Resolution: 1920x1080
Name: 贵州卫视, URL: http://iptv.cdn.ha.chinamobile.com/PLTV/88888888/224/3221227224/index.m3u8, IPv_Type: ipv6, Location: 中国, ISP: 中国移动, Date: None, Delay: 0.1 ms, Speed: inf M/s, Resolution: 1920x1080
Name: 贵州卫视, URL: http://hwrr.jx.chinamobile.com:8080/PLTV/88888888/224/3221225483/index.m3u8?fmt=ts2hls, IPv_Type: ipv6, Location: 中国, ISP: 中国移动, Date: None, Delay: 0.1 ms, Speed: inf M/s, Resolution: 1920x1080
Name: 贵州卫视, URL: http://[2409:8087:3428:20:500::1009]:6610/PLTV/88888888/224/3221227201/index.m3u8?servicetype=1&IASHttpSessionId=RR423820220409134714119178, IPv_Type: ipv6, Location: 中国, ISP: 中国移动, Date: None, Delay: 0.1 ms, Speed: inf M/s, Resolution: 1920x1080
Name: 贵州卫视, URL: http://[2409:8087:2001:20:2800:0:df6e:eb08]/ott.mobaibox.com/PLTV/3/224/3221228136/index.m3u8, IPv_Type: ipv6, Location: 中国, ISP: 中国移动, Date: None, Delay: 0.1 ms, Speed: inf M/s, Resolution: 1920x1080
Name: 贵州卫视, URL: http://[2409:8087:1e03:21::42]:6610/cms001/ch00000090990000001184/index.m3u8, IPv_Type: ipv6, Location: 中国, ISP: 中国移动, Date: None, Delay: 0.1 ms, Speed: inf M/s, Resolution: 1920x1080
Name: 贵州卫视, URL: http://[2409:8087:5e01:34::38]:6610/ZTE_CMS/00000001000000060000000000000489/index.m3u8, IPv_Type: ipv6, Location: 中国, ISP: 中国移动, Date: None, Delay: 0.1 ms, Speed: inf M/s, Resolution: 1920x1080
Name: 贵州卫视, URL: http://[2409:8087:5e01:34::38]:6610/ZTE_CMS/00000001000000060000000000000489/index.m3u8?, IPv_Type: ipv6, Location: 中国, ISP: 中国移动, Date: None, Delay: 0.1 ms, Speed: inf M/s, Resolution: 1920x1080
Name: 贵州卫视, URL: http://[2409:8087:5e00:24::1f]:6060/ZTE_CMS/00000001000000060000000000000489/index.m3u8, IPv_Type: ipv6, Location: 中国, ISP: 中国移动, Date: None, Delay: 0.1 ms, Speed: inf M/s, Resolution: 1920x1080
Name: 贵州卫视, URL: http://[2409:8087:5e01:34::23]:6610/ZTE_CMS/00000001000000060000000000000489/index.m3u8?IAS, IPv_Type: ipv6, Location: 中国, ISP: 中国移动, Date: None, Delay: 0.1 ms, Speed: inf M/s, Resolution: 1920x1080
Name: 贵州卫视, URL: http://[2409:8087:4c0a:22:1::11]:6410/170000001115/UmaiCHAN4252663BESTVSMGSMG9/index.m3u8?m3u8_level=2, IPv_Type: ipv6, Location: 中国, ISP: 中国移动, Date: None, Delay: 0.1 ms, Speed: inf M/s, Resolution: 1920x1080
Name: 贵州卫视, URL: http://[2409:8087:5e01:34::21]:6610/ZTE_CMS/00000001000000060000000000000489/index.m3u8?IAS, IPv_Type: ipv6, Location: 中国, ISP: 中国移动, Date: None, Delay: 0.1 ms, Speed: inf M/s, Resolution: 1920x1080
Name: 贵州卫视, URL: http://[2409:8087:5e01:34::22]:6610/ZTE_CMS/00000001000000060000000000000489/index.m3u8?IAS, IPv_Type: ipv6, Location: 中国, ISP: 中国移动, Date: None, Delay: 0.1 ms, Speed: inf M/s, Resolution: 1920x1080
Name: 贵州卫视, URL: http://[2409:8087:4c0a:22:1::11]:6410/170000001115/UmaiCHAN4252663BESTVSMGSMG9/index.m3u8?AuthInfo=9kOOdBn7MFF%2F2bWjKgahUdU0MzAxFlzyxwiiSP3V3o4YgTd85YleALR8HHnPHszLOK1g6ts8oU5k12ayN74FbOAmnKUze1Wh5%2FkX5b2rvxw, IPv_Type: ipv6, Location: 中国, ISP: 中国移动, Date: None, Delay: 0.1 ms, Speed: inf M/s, Resolution: 1920x1080
Name: 贵州卫视, URL: http://[2409:8087:5e01:34::20]:6610/ZTE_CMS/00000001000000060000000000000489/index.m3u8?IAS, IPv_Type: ipv6, Location: 中国, ISP: 中国移动, Date: None, Delay: 0.1 ms, Speed: inf M/s, Resolution: 1920x1080
Name: 贵州卫视, URL: http://[2409:8087:5e01:34::23]:6610/ZTE_CMS/00000001000000060000000000000489/index.m3u8?key=tvbox6_com, IPv_Type: ipv6, Location: 中国, ISP: 中国移动, Date: None, Delay: 0.1 ms, Speed: inf M/s, Resolution: 1920x1080
Name: 贵州卫视, URL: http://[2409:8087:1a01:df::4077]:80/ottrrs.hl.chinamobile.com/PLTV/88888888/8/3221226474/index.m3u8, IPv_Type: ipv6, Location: 中国, ISP: 中国移动, Date: None, Delay: 0.1 ms, Speed: inf M/s, Resolution: 1920x1080
Name: 贵州卫视, URL: http://[2409:8087:1a01:df::4077]:80/ottrrs.hl.chinamobile.com/PLTV/88888888/224/3221226474/index.m3u8, IPv_Type: ipv6, Location: 中国, ISP: 中国移动, Date: None, Delay: 0.1 ms, Speed: inf M/s, Resolution: 1920x1080
Name: 贵州卫视, URL: http://[2409:8087:1a01:df::4077]/ottrrs.hl.chinamobile.com/yinhe/88888888/224/3221226474/index.m3u8, IPv_Type: ipv6, Location: 中国, ISP: 中国移动, Date: None, Delay: 0.1 ms, Speed: inf M/s, Resolution: 1920x1080
Name: 贵州卫视, URL: http://[2409:8087:1a01:df::4077]:80/ottrrs.hl.chinamobile.com/PLTV/88888888/224/3221226474/1.m3u8, IPv_Type: ipv6, Location: 中国, ISP: 中国移动, Date: None, Delay: 0.1 ms, Speed: inf M/s, Resolution: 1920x1080
Name: 贵州卫视, URL: http://[2409:8087:2001:20:2800:0:df6e:eb08]/wh7f454c46tw2087544744_109645303/ott.mobaibox.com/PLTV/3/224/3221228136/index.m3u8?icpid=3&RTS=1669700688&from=40&popid=40&hms_devid=2037&prioritypopid=40&vqe=3, IPv_Type: ipv6, Location: 中国, ISP: 中国移动, Date: None, Delay: 0.1 ms, Speed: inf M/s, Resolution: 1920x1080
Name: 贵州卫视, URL: http://[2409:8087:1e03:21::2]:6060/cms001/ch00000090990000001184/index.m3u8, IPv_Type: ipv6, Location: 中国, ISP: 中国移动, Date: None, Delay: 0.1 ms, Speed: inf M/s, Resolution: 1920x1080
Name: 贵州卫视, URL: http://[2409:8087:3428:20:500::100f]:6610/PLTV/88888888/224/3221225838/index.m3u8?servicetype=1&IASHttpSessionId=RR423820220409134714119178, IPv_Type: ipv6, Location: 中国, ISP: 中国移动, Date: None, Delay: 0.1 ms, Speed: inf M/s, Resolution: 1920x1080
Name: 贵州卫视, URL: http://[2409:8087:3428:20:500::1009]:6610/PLTV/88888888/224/3221225838/index.m3u8?servicetype=1&IASHttpSessionId=RR423820220409134714119178, IPv_Type: ipv6, Location: 中国, ISP: 中国移动, Date: None, Delay: 0.1 ms, Speed: inf M/s, Resolution: 1920x1080
Name: 贵州卫视, URL: http://[2409:8087:2001:20:2800:0:df6e:eb09]:80/wh7f454c46tw1552017550_1055508932/ott.mobaibox.com/PLTV/3/224/3221228136/index.m3u8?icpid=3&RTS=1674385962&from=40&popid=40&hms_devid=2037&prioritypopid=40&vqe=3, IPv_Type: ipv6, Location: 中国, ISP: 中国移动, Date: None, Delay: 0.1 ms, Speed: inf M/s, Resolution: 1920x1080
Name: 贵州卫视, URL: http://[2409:8087:2001:20:2800:0:df6e:eb1b]:80/wh7f454c46tw1568871343_-998620180/ott.mobaibox.com/PLTV/3/224/3221227551/index.m3u8?icpid=3&RTS=1674385979&from=40&popid=40&hms_devid=2116&prioritypopid=40&vqe=3, IPv_Type: ipv6, Location: 中国, ISP: 中国移动, Date: None, Delay: 0.1 ms, Speed: inf M/s, Resolution: 1920x1080
Name: 贵州卫视, URL: http://[2409:8087:74f0:22::7]:6410/270000001128/9900000036/index.m3u8, IPv_Type: ipv6, Location: 中国, ISP: 中国移动, Date: None, Delay: 0.1 ms, Speed: inf M/s, Resolution: 1920x1080
Name: 贵州卫视, URL: http://[2409:8087:1a01:df::7005]:80/ottrrs.hl.chinamobile.com/PLTV/88888888/224/3221226474/index.m3u8, IPv_Type: ipv6, Location: 中国, ISP: 中国移动, Date: None, Delay: 0.1 ms, Speed: inf M/s, Resolution: 1920x1080
Name: 贵州卫视, URL: http://[2409:8087:1a01:df::7005]/ottrrs.hl.chinamobile.com/PLTV/88888888/224/3221226474/index.m3u8, IPv_Type: ipv6, Location: 中国, ISP: 中国移动, Date: None, Delay: 0.1 ms, Speed: inf M/s, Resolution: 1920x1080
Name: 贵州卫视, URL: http://[2409:8087:5e00:24::1e]:6060/200000001898/460000089800010100/1.m3u8, IPv_Type: ipv6, Location: 中国, ISP: 中国移动, Date: None, Delay: 0.1 ms, Speed: inf M/s, Resolution: 1920x1080
Name: 贵州卫视, URL: http://[2409:8087:3869:8021:1001::e5]:6610/PLTV/88888888/224/3221225483/2/index.m3u8, IPv_Type: ipv6, Location: 中国, ISP: 中国移动, Date: None, Delay: -1 ms, Speed: 0.00 M/s, Resolution: None
Name: 贵州卫视, URL: http://[2409:8087:3869:8021:1001::e5]:6610/PLTV/88888888/224/3221225728/2/index.m3u8, IPv_Type: ipv6, Location: 中国, ISP: 中国移动, Date: None, Delay: -1 ms, Speed: 0.00 M/s, Resolution: None
Name: 贵州卫视, URL: http://[2409:8087:8:21::18]:6610/otttv.bj.chinamobile.com/PLTV/88888888/224/3221227012/1.m3u8?GuardEncType=2&accountinfo=%7E%7EV2.0%7EnqBF03rFwPucF8ODtWxLQQ%7EtP4-l0lmSfjwLWEfK_el1vH_mv-s1zo4AQJwdedaVwG9xkuFTDg8J26cwOrNJzn20BErrHdLhuZ9EzLUCD3PMW-OMx4MGteHV2vLeW6BqoY%2CEND, IPv_Type: ipv6, Location: 中国, ISP: 中国移动, Date: None, Delay: -1 ms, Speed: 0.00 M/s, Resolution: None
Name: 贵州卫视, URL: http://rrs01.hw.gmcc.net:8088/PLTV/81/224/3221226672/1.m3u8, IPv_Type: ipv6, Location: 中国, ISP: 中国移动, Date: None, Delay: -1 ms, Speed: 0.00 M/s, Resolution: None
Name: 贵州卫视, URL: http://lu.wqwqwq.sbs/itv/5000000004000025843.m3u8?cdn=bestzb, IPv_Type: ipv6, Location: 美国, ISP: CloudFlare Inc., Date: None, Delay: -1 ms, Speed: 0.00 M/s, Resolution: None
Name: 贵州卫视, URL: https://cc06.tv12.xyz/48.m3u8, IPv_Type: ipv6, Location: 美国, ISP: CloudFlare Inc., Date: None, Delay: -1 ms, Speed: 0.00 M/s, Resolution: None
Name: 贵州卫视, URL: http://23.237.228.134/live6/hainan.m3u8, IPv_Type: ipv4, Location: 北美地区, ISP: , Date: None, Delay: 78 ms, Speed: 11.53 M/s, Resolution: 1920x1080
Name: 海南卫视, URL: http://php.jdshipin.com/TVOD/hnyd.php?id=200000001898/460000089800010083, IPv_Type: ipv6, Location: 美国, ISP: CloudFlare Inc., Date: None, Delay: 0.1 ms, Speed: inf M/s, Resolution: 1920x1080
Name: 海南卫视, URL: http://[2409:8087:1a0a:df::404b]/ottrrs.hl.chinamobile.com/TVOD/88888888/224/3221226465/index.m3u8, IPv_Type: ipv6, Location: 中国, ISP: 中国移动, Date: None, Delay: 0.1 ms, Speed: inf M/s, Resolution: 1920x1080
Name: 海南卫视, URL: http://[2409:8087:1a01:df::4077]/ottrrs.hl.chinamobile.com/PLTV/88888888/8/3221226465/index.m3u8, IPv_Type: ipv6, Location: 中国, ISP: 中国移动, Date: None, Delay: 0.1 ms, Speed: inf M/s, Resolution: 1920x1080
Name: 海南卫视, URL: http://[2409:8087:8:21::18]:6610/otttv.bj.chinamobile.com/PLTV/88888888/224/3221226574/1.m3u8, IPv_Type: ipv6, Location: 中国, ISP: 中国移动, Date: None, Delay: 0.1 ms, Speed: inf M/s, Resolution: 1920x1080
Name: 海南卫视, URL: http://[2409:8087:8:21::18]:6610/otttv.bj.chinamobile.com/PLTV/88888888/224/3221226922/1.m3u8, IPv_Type: ipv6, Location: 中国, ISP: 中国移动, Date: None, Delay: 0.1 ms, Speed: inf M/s, Resolution: 1920x1080
Name: 海南卫视, URL: http://[2409:8087:2001:20:2800:0:df6e:eb09]:80/ott.mobaibox.com/PLTV/4/224/3221228139/index.m3u8, IPv_Type: ipv6, Location: 中国, ISP: 中国移动, Date: None, Delay: 0.1 ms, Speed: inf M/s, Resolution: 1920x1080
Name: 海南卫视, URL: http://[2409:8087:1e03:21::2]:6060/cms001/ch00000090990000001183/index.m3u8, IPv_Type: ipv6, Location: 中国, ISP: 中国移动, Date: None, Delay: 0.1 ms, Speed: inf M/s, Resolution: 1920x1080
Name: 海南卫视, URL: http://[2409:8087:3428:20:500::100f]:6610/PLTV/88888888/224/3221225855/index.m3u8?servicetype=1&IASHttpSessionId=RR423820220409134714119178, IPv_Type: ipv6, Location: 中国, ISP: 中国移动, Date: None, Delay: 0.1 ms, Speed: inf M/s, Resolution: 1920x1080
Name: 海南卫视, URL: http://[2409:8087:3428:20:500::1009]:6610/PLTV/88888888/224/3221225855/index.m3u8?servicetype=1&IASHttpSessionId=RR423820220409134714119178, IPv_Type: ipv6, Location: 中国, ISP: 中国移动, Date: None, Delay: 0.1 ms, Speed: inf M/s, Resolution: 1920x1080
Name: 海南卫视, URL: http://[2409:8087:1a01:df::4077]/ottrrs.hl.chinamobile.com/PLTV/88888888/224/3221226465/1.m3u8?icpid=88888888&from=1&hms_devid=1012&vqe=3, IPv_Type: ipv6, Location: 中国, ISP: 中国移动, Date: None, Delay: 0.1 ms, Speed: inf M/s, Resolution: 1920x1080
Name: 海南卫视, URL: http://iptv.cdn.ha.chinamobile.com/PLTV/88888888/224/3221226562/index.m3u8, IPv_Type: ipv6, Location: 中国, ISP: 中国移动, Date: None, Delay: 0.1 ms, Speed: inf M/s, Resolution: 1920x1080
Name: 海南卫视, URL: http://nas.suntao.online:35455/itv/5000000004000006211.m3u8?cdn=bestzb, IPv_Type: ipv6, Location: 中国, ISP: 中国联通, Date: None, Delay: 0.1 ms, Speed: inf M/s, Resolution: 1920x1080
Name: 海南卫视, URL: http://hwrr.jx.chinamobile.com:8080/PLTV/88888888/224/3221226212/index.m3u8?fmt=ts2hls, IPv_Type: ipv6, Location: 中国, ISP: 中国移动, Date: None, Delay: 0.1 ms, Speed: inf M/s, Resolution: 1920x1080
Name: 海南卫视, URL: http://[2409:8087:2001:20:2800:0:df6e:eb08]/wh7f454c46tw2843123663_1489055229/ott.mobaibox.com/PLTV/3/224/3221228139/index.m3u8?icpid=3&RTS=1669701444&from=40&popid=40&hms_devid=2037&prioritypopid=40&vqe=3, IPv_Type: ipv6, Location: 中国, ISP: 中国移动, Date: None, Delay: 0.1 ms, Speed: inf M/s, Resolution: 1920x1080
Name: 海南卫视, URL: http://[2409:8087:3428:20:500::100f]:6610/PLTV/88888888/224/3221227216/index.m3u8?servicetype=1&IASHttpSessionId=RR423820220409134714119178, IPv_Type: ipv6, Location: 中国, ISP: 中国移动, Date: None, Delay: 0.1 ms, Speed: inf M/s, Resolution: 1920x1080
Name: 海南卫视, URL: http://[2409:8087:3428:20:500::1009]:6610/PLTV/88888888/224/3221227216/index.m3u8?servicetype=1&IASHttpSessionId=RR423820220409134714119178, IPv_Type: ipv6, Location: 中国, ISP: 中国移动, Date: None, Delay: 0.1 ms, Speed: inf M/s, Resolution: 1920x1080
Name: 海南卫视, URL: http://[2409:8087:1e03:21::11]:6610/cms001/ch00000090990000001183/index.m3u8, IPv_Type: ipv6, Location: 中国, ISP: 中国移动, Date: None, Delay: 0.1 ms, Speed: inf M/s, Resolution: 1920x1080
Name: 海南卫视, URL: http://[2409:8087:2001:20:2800:0:df6e:eb05]:80/wh7f454c46tw1760762625_-423271938/ott.mobaibox.com/PLTV/3/224/3221228101/index.m3u8?icpid=3&RTS=1674386171&from=40&popid=40&hms_devid=2041&prioritypopid=40&vqe=3, IPv_Type: ipv6, Location: 中国, ISP: 中国移动, Date: None, Delay: 0.1 ms, Speed: inf M/s, Resolution: 1920x1080
Name: 海南卫视, URL: http://[2409:8087:1e03:21::42]:6610/cms001/ch00000090990000001183/index.m3u8, IPv_Type: ipv6, Location: 中国, ISP: 中国移动, Date: None, Delay: 0.1 ms, Speed: inf M/s, Resolution: 1920x1080
Name: 海南卫视, URL: http://[2409:8087:4c0a:22:1::11]:6410/170000001115/UmaiCHAN4252684BESTVSMGSMG9/index.m3u8?m3u8_level=2, IPv_Type: ipv6, Location: 中国, ISP: 中国移动, Date: None, Delay: 0.1 ms, Speed: inf M/s, Resolution: 1920x1080
Name: 海南卫视, URL: http://[2409:8087:5e01:34::38]:6610/ZTE_CMS/00000001000000060000000000000262/index.m3u8?, IPv_Type: ipv6, Location: 中国, ISP: 中国移动, Date: None, Delay: 0.1 ms, Speed: inf M/s, Resolution: 1920x1080
Name: 海南卫视, URL: http://[2409:8087:1a0b:df::4020]/ottrrs.hl.chinamobile.com/PLTV/88888888/224/3221226465/index.m3u8, IPv_Type: ipv6, Location: 中国, ISP: 中国移动, Date: None, Delay: 0.1 ms, Speed: inf M/s, Resolution: 1920x1080
Name: 海南卫视, URL: http://[2409:8087:5e01:34::20]:6610/ZTE_CMS/00000001000000060000000000000262/index.m3u8?IAS, IPv_Type: ipv6, Location: 中国, ISP: 中国移动, Date: None, Delay: 0.1 ms, Speed: inf M/s, Resolution: 1920x1080
Name: 海南卫视, URL: http://[2409:8087:5e01:34::21]:6610/ZTE_CMS/00000001000000060000000000000262/index.m3u8?IAS, IPv_Type: ipv6, Location: 中国, ISP: 中国移动, Date: None, Delay: 0.1 ms, Speed: inf M/s, Resolution: 1920x1080
Name: 海南卫视, URL: http://[2409:8087:5e01:34::22]:6610/ZTE_CMS/00000001000000060000000000000262/index.m3u8?IAS, IPv_Type: ipv6, Location: 中国, ISP: 中国移动, Date: None, Delay: 0.1 ms, Speed: inf M/s, Resolution: 1920x1080
Name: 海南卫视, URL: http://[2409:8087:1a0b:df::4020]:80/ottrrs.hl.chinamobile.com/PLTV/88888888/224/3221226465/index.m3u8, IPv_Type: ipv6, Location: 中国, ISP: 中国移动, Date: None, Delay: 0.1 ms, Speed: inf M/s, Resolution: 1920x1080
Name: 海南卫视, URL: http://[2409:8087:5e01:34::23]:6610/ZTE_CMS/00000001000000060000000000000262/index.m3u8?IAS, IPv_Type: ipv6, Location: 中国, ISP: 中国移动, Date: None, Delay: 0.1 ms, Speed: inf M/s, Resolution: 1920x1080
Name: 海南卫视, URL: http://[2409:8087:4c0a:22:1::11]:6410/170000001115/UmaiCHAN4252684BESTVSMGSMG9/index.m3u8?AuthInfo=9kOOdBn7MFF%2F2bWjKgahUaBeOsoiQC4O7YVlhWLaUupjXkJIrEMFMF2spHJh%2FN1RLi84Ue88x97wZoubXLeSwCFBwRVp81CkC12%2Foosdnmw, IPv_Type: ipv6, Location: 中国, ISP: 中国移动, Date: None, Delay: 0.1 ms, Speed: inf M/s, Resolution: 1920x1080
Name: 海南卫视, URL: http://[2409:8087:1a01:df::4077]:80/ottrrs.hl.chinamobile.com/PLTV/88888888/8/3221226465/index.m3u8, IPv_Type: ipv6, Location: 中国, ISP: 中国移动, Date: None, Delay: 0.1 ms, Speed: inf M/s, Resolution: 1920x1080
Name: 海南卫视, URL: http://live.wqwqwq.sbs/itv/5000000004000006211.m3u8?cdn=bestzb, IPv_Type: ipv6, Location: 美国, ISP: CloudFlare Inc., Date: None, Delay: 0.1 ms, Speed: inf M/s, Resolution: 1920x1080
Name: 海南卫视, URL: http://[2409:8087:2001:20:2800:0:df6e:eb08]:80/wh7f454c46tw1550082591_-594632294/ott.mobaibox.com/PLTV/3/224/3221228139/index.m3u8?icpid=3&RTS=1674385960&from=40&popid=40&hms_devid=2037&prioritypopid=40&vqe=3, IPv_Type: ipv6, Location: 中国, ISP: 中国移动, Date: None, Delay: 0.1 ms, Speed: inf M/s, Resolution: 1920x1080
Name: 海南卫视, URL: http://[2409:8087:74f0:22::7]:6410/270000001128/9900000037/index.m3u8, IPv_Type: ipv6, Location: 中国, ISP: 中国移动, Date: None, Delay: 0.1 ms, Speed: inf M/s, Resolution: 1920x1080
Name: 海南卫视, URL: http://[2409:8087:1a01:df::7005]:80/ottrrs.hl.chinamobile.com/PLTV/88888888/224/3221226465/index.m3u8, IPv_Type: ipv6, Location: 中国, ISP: 中国移动, Date: None, Delay: 0.1 ms, Speed: inf M/s, Resolution: 1920x1080
Name: 海南卫视, URL: http://[2409:8087:1a01:df::7005]/ottrrs.hl.chinamobile.com/PLTV/88888888/224/3221226465/index.m3u8, IPv_Type: ipv6, Location: 中国, ISP: 中国移动, Date: None, Delay: 0.1 ms, Speed: inf M/s, Resolution: 1920x1080
Name: 海南卫视, URL: http://[2409:8087:3869:8021:1001::e5]:6610/PLTV/88888888/224/3221225722/2/index.m3u8, IPv_Type: ipv6, Location: 中国, ISP: 中国移动, Date: None, Delay: -1 ms, Speed: 0.00 M/s, Resolution: None
Name: 海南卫视, URL: http://[2409:8087:8:21::18]:6610/otttv.bj.chinamobile.com/PLTV/88888888/224/3221227029/1.m3u8?GuardEncType=2&accountinfo=%7E%7EV2.0%7EEuBMjt2kLMD8fAO7QYER7Q%7EtP4-l0lmSfjwLWEfK_el1vH_mv-s1zo4AQJwdedaVwG9xkuFTDg8J26cwOrNJzn20BErrHdLhuZ9EzLUCD3PMW-OMx4MGteHV2vLeW6BqoY%2CEND, IPv_Type: ipv6, Location: 中国, ISP: 中国移动, Date: None, Delay: -1 ms, Speed: 0.00 M/s, Resolution: None
Name: 海南卫视, URL: http://rrs01.hw.gmcc.net:8088/PLTV/81/224/3221226679/1.m3u8, IPv_Type: ipv6, Location: 中国, ISP: 中国移动, Date: None, Delay: -1 ms, Speed: 0.00 M/s, Resolution: None
Name: 海南卫视, URL: http://rrs01.hw.gmcc.net:8088/PLTV/81/224/3221226683/1.m3u8, IPv_Type: ipv6, Location: 中国, ISP: 中国移动, Date: None, Delay: -1 ms, Speed: 0.00 M/s, Resolution: None
Name: 海南卫视, URL: http://lu.wqwqwq.sbs/itv/5000000004000006211.m3u8?cdn=bestzb, IPv_Type: ipv6, Location: 美国, ISP: CloudFlare Inc., Date: None, Delay: -1 ms, Speed: 0.00 M/s, Resolution: None
Name: 海南卫视, URL: https://cc06.tv12.xyz/93.m3u8, IPv_Type: ipv6, Location: 美国, ISP: CloudFlare Inc., Date: None, Delay: -1 ms, Speed: 0.00 M/s, Resolution: None
Name: 河北卫视, URL: http://php.jdshipin.com/TVOD/hnyd.php?id=200000001898/460000089800010101, IPv_Type: ipv6, Location: 美国, ISP: CloudFlare Inc., Date: None, Delay: 0.1 ms, Speed: inf M/s, Resolution: 1920x1080
Name: 河北卫视, URL: https://jwplay.hebyun.com.cn/live/hbwstv/1500k/tzwj_video.m3u8, IPv_Type: ipv6, Location: 中国, ISP: 中国联通, Date: None, Delay: 0.1 ms, Speed: inf M/s, Resolution: 1920x1080
Name: 河北卫视, URL: http://iptv.huuc.edu.cn/hls/hebhd.m3u8, IPv_Type: ipv6, Location: 中国, ISP: 教育网, Date: None, Delay: 0.1 ms, Speed: inf M/s, Resolution: 1920x1080
Name: 河北卫视, URL: http://[2409:8087:1a01:df::4077]/ottrrs.hl.chinamobile.com/PLTV/88888888/8/3221226406/index.m3u8, IPv_Type: ipv6, Location: 中国, ISP: 中国移动, Date: None, Delay: 0.1 ms, Speed: inf M/s, Resolution: 1920x1080
Name: 河北卫视, URL: http://tv.pull.hebtv.com/jishi/weishipindao.m3u8?t=2510710360&k=3d44740039027301acf8341d7361ab59, IPv_Type: ipv6, Location: 中国, ISP: 中国电信, Date: None, Delay: 0.1 ms, Speed: inf M/s, Resolution: 1920x1080
Name: 河北卫视, URL: https://live.lalifeier.eu.org/hebtv/hbws.m3u8?t=1746372302&key=b89007ab1e7b4801eaa22ec0048feb91, IPv_Type: ipv6, Location: 美国, ISP: CloudFlare Inc., Date: None, Delay: 0.1 ms, Speed: inf M/s, Resolution: 1920x1080
Name: 河北卫视, URL: https://live.lalifeier.eu.org/hebtv/hbws.m3u8?t=1746379256&key=a57b84a2794040fb1e29774491cff353, IPv_Type: ipv6, Location: 美国, ISP: CloudFlare Inc., Date: None, Delay: 0.1 ms, Speed: inf M/s, Resolution: 1920x1080
Name: 河北卫视, URL: https://live.lalifeier.eu.org/hebtv/hbws.m3u8?t=1746393735&key=a66c9a98bfcaec74a3a1521fe1ceae40, IPv_Type: ipv6, Location: 美国, ISP: CloudFlare Inc., Date: None, Delay: 0.1 ms, Speed: inf M/s, Resolution: 1920x1080
Name: 河北卫视, URL: https://tv.pull.hebtv.com/jishi/weishipindao.m3u8?t=1746316818&k=7e9b50f9b9b642ffd4ce1363bb6847ab, IPv_Type: ipv6, Location: 中国, ISP: 中国电信, Date: None, Delay: 0.1 ms, Speed: inf M/s, Resolution: 1920x1080
Name: 河北卫视, URL: https://tv.pull.hebtv.com/jishi/weishipindao.m3u8?t=1746100821&k=858d65a9c3668524cd7cb3e724c8db10, IPv_Type: ipv6, Location: 中国, ISP: 中国电信, Date: None, Delay: 0.1 ms, Speed: inf M/s, Resolution: 1920x1080
Name: 河北卫视, URL: http://[2409:8087:1a01:df::4077]:80/ottrrs.hl.chinamobile.com/PLTV/88888888/224/3221226406/index.m3u8, IPv_Type: ipv6, Location: 中国, ISP: 中国移动, Date: None, Delay: 0.1 ms, Speed: inf M/s, Resolution: 1920x1080
Name: 河北卫视, URL: http://[2409:8087:1a0a:df::404b]/ottrrs.hl.chinamobile.com/TVOD/88888888/224/3221226406/index.m3u8, IPv_Type: ipv6, Location: 中国, ISP: 中国移动, Date: None, Delay: 0.1 ms, Speed: inf M/s, Resolution: 1920x1080
Name: 河北卫视, URL: http://[2409:8087:1a01:df::4035]/TVOD/88888888/224/3221225961/main.m3u8, IPv_Type: ipv6, Location: 中国, ISP: 中国移动, Date: None, Delay: 0.1 ms, Speed: inf M/s, Resolution: 1920x1080
Name: 河北卫视, URL: http://[2409:8087:1a01:df::4077]:80/ottrrs.hl.chinamobile.com/PLTV/88888888/8/3221226406/index.m3u8, IPv_Type: ipv6, Location: 中国, ISP: 中国移动, Date: None, Delay: 0.1 ms, Speed: inf M/s, Resolution: 1920x1080
Name: 河北卫视, URL: http://nas.suntao.online:35455/itv/5000000006000040016.m3u8?cdn=bestzb, IPv_Type: ipv6, Location: 中国, ISP: 中国联通, Date: None, Delay: 0.1 ms, Speed: inf M/s, Resolution: 1920x1080
Name: 河北卫视, URL: https://tv.pull.hebtv.com/jishi/weishipindao.m3u8?t=1745946022&k=805cef8ba2d09cd6f897d9687a70c39b, IPv_Type: ipv6, Location: 中国, ISP: 中国电信, Date: None, Delay: 0.1 ms, Speed: inf M/s, Resolution: 1920x1080
Name: 河北卫视, URL: http://iptv.cdn.ha.chinamobile.com/PLTV/88888888/224/3221227222/index.m3u8, IPv_Type: ipv6, Location: 中国, ISP: 中国移动, Date: None, Delay: 0.1 ms, Speed: inf M/s, Resolution: 1920x1080
Name: 河北卫视, URL: http://lu.wqwqwq.sbs/itv/5000000006000040016.m3u8?cdn=bestzb, IPv_Type: ipv6, Location: 美国, ISP: CloudFlare Inc., Date: None, Delay: 0.1 ms, Speed: inf M/s, Resolution: 1920x1080
Name: 河北卫视, URL: http://live.wqwqwq.sbs/itv/5000000006000040016.m3u8?cdn=bestzb, IPv_Type: ipv6, Location: 美国, ISP: CloudFlare Inc., Date: None, Delay: 0.1 ms, Speed: inf M/s, Resolution: 1920x1080
Name: 河北卫视, URL: http://hwrr.jx.chinamobile.com:8080/PLTV/88888888/224/3221225610/index.m3u8?fmt=ts2hls, IPv_Type: ipv6, Location: 中国, ISP: 中国移动, Date: None, Delay: 0.1 ms, Speed: inf M/s, Resolution: 1920x1080
Name: 河北卫视, URL: http://[2409:8087:3428:20:500::100f]:6610/PLTV/88888888/224/3221225837/index.m3u8?servicetype=1&IASHttpSessionId=RR423820220409134714119178, IPv_Type: ipv6, Location: 中国, ISP: 中国移动, Date: None, Delay: 0.1 ms, Speed: inf M/s, Resolution: 1920x1080
Name: 河北卫视, URL: http://[2409:8087:3428:20:500::1009]:6610/PLTV/88888888/224/3221225837/index.m3u8?servicetype=1&IASHttpSessionId=RR423820220409134714119178, IPv_Type: ipv6, Location: 中国, ISP: 中国移动, Date: None, Delay: 0.1 ms, Speed: inf M/s, Resolution: 1920x1080
Name: 河北卫视, URL: http://[2409:8087:5e01:34::21]:6610/ZTE_CMS/00000001000000060000000000000487/index.m3u8, IPv_Type: ipv6, Location: 中国, ISP: 中国移动, Date: None, Delay: 0.1 ms, Speed: inf M/s, Resolution: 1920x1080
Name: 河北卫视, URL: http://[2409:8087:2001:20:2800:0:df6e:eb07]:80/wh7f454c46tw1567506605_718632069/ott.mobaibox.com/PLTV/3/224/3221227545/index.m3u8?icpid=3&RTS=1674385977&from=40&popid=40&hms_devid=2036&prioritypopid=40&vqe=3, IPv_Type: ipv6, Location: 中国, ISP: 中国移动, Date: None, Delay: 0.1 ms, Speed: inf M/s, Resolution: 1920x1080
Name: 河北卫视, URL: http://[2409:8087:2001:20:2800:0:df6e:eb05]/ott.mobaibox.com/PLTV/3/224/3221228106/index.m3u8, IPv_Type: ipv6, Location: 中国, ISP: 中国移动, Date: None, Delay: 0.1 ms, Speed: inf M/s, Resolution: 1920x1080
Name: 河北卫视, URL: http://[2409:8087:1e03:21::42]:6610/cms001/ch00000090990000001229/index.m3u8, IPv_Type: ipv6, Location: 中国, ISP: 中国移动, Date: None, Delay: 0.1 ms, Speed: inf M/s, Resolution: 1920x1080
Name: 河北卫视, URL: http://[2409:8087:1a0b:df::4020]/ottrrs.hl.chinamobile.com/PLTV/88888888/224/3221226406/index.m3u8, IPv_Type: ipv6, Location: 中国, ISP: 中国移动, Date: None, Delay: 0.1 ms, Speed: inf M/s, Resolution: 1920x1080
Name: 河北卫视, URL: http://[2409:8087:5e01:34::23]:6610/ZTE_CMS/00000001000000060000000000000487/index.m3u8, IPv_Type: ipv6, Location: 中国, ISP: 中国移动, Date: None, Delay: 0.1 ms, Speed: inf M/s, Resolution: 1920x1080
Name: 河北卫视, URL: http://[2409:8087:5e01:34::38]:6610/ZTE_CMS/00000001000000060000000000000487/index.m3u8, IPv_Type: ipv6, Location: 中国, ISP: 中国移动, Date: None, Delay: 0.1 ms, Speed: inf M/s, Resolution: 1920x1080
Name: 河北卫视, URL: http://[2409:8087:5e01:34::22]:6610/ZTE_CMS/00000001000000060000000000000487/index.m3u8, IPv_Type: ipv6, Location: 中国, ISP: 中国移动, Date: None, Delay: 0.1 ms, Speed: inf M/s, Resolution: 1920x1080
Name: 河北卫视, URL: http://[2409:8087:5e00:24::1f]:6060/ZTE_CMS/00000001000000060000000000000487/1.m3u8, IPv_Type: ipv6, Location: 中国, ISP: 中国移动, Date: None, Delay: 0.1 ms, Speed: inf M/s, Resolution: 1920x1080
Name: 河北卫视, URL: http://[2409:8087:5e01:34::20]:6610/ZTE_CMS/00000001000000060000000000000487/index.m3u8, IPv_Type: ipv6, Location: 中国, ISP: 中国移动, Date: None, Delay: 0.1 ms, Speed: inf M/s, Resolution: 1920x1080
Name: 河北卫视, URL: http://[2409:8087:5e01:34::38]:6610/ZTE_CMS/00000001000000060000000000000487/index.m3u8?, IPv_Type: ipv6, Location: 中国, ISP: 中国移动, Date: None, Delay: 0.1 ms, Speed: inf M/s, Resolution: 1920x1080
Name: 河北卫视, URL: http://[2409:8087:5e01:34::20]:6610/ZTE_CMS/00000001000000060000000000000487/index.m3u8?IAS, IPv_Type: ipv6, Location: 中国, ISP: 中国移动, Date: None, Delay: 0.1 ms, Speed: inf M/s, Resolution: 1920x1080
Name: 河北卫视, URL: http://[2409:8087:5e01:34::22]:6610/ZTE_CMS/00000001000000060000000000000487/index.m3u8?IAS, IPv_Type: ipv6, Location: 中国, ISP: 中国移动, Date: None, Delay: 0.1 ms, Speed: inf M/s, Resolution: 1920x1080
Name: 河北卫视, URL: http://[2409:8087:5e01:34::23]:6610/ZTE_CMS/00000001000000060000000000000487/index.m3u8?IAS, IPv_Type: ipv6, Location: 中国, ISP: 中国移动, Date: None, Delay: 0.1 ms, Speed: inf M/s, Resolution: 1920x1080
Name: 河北卫视, URL: http://[2409:8087:4c0a:22:1::11]:6410/170000001115/UmaiCHAN100000002BESTVSMGSMG9/index.m3u8?m3u8_level=2, IPv_Type: ipv6, Location: 中国, ISP: 中国移动, Date: None, Delay: 0.1 ms, Speed: inf M/s, Resolution: 1920x1080
Name: 河北卫视, URL: http://[2409:8087:1a0b:df::4020]:80/ottrrs.hl.chinamobile.com/PLTV/88888888/224/3221226406/index.m3u8, IPv_Type: ipv6, Location: 中国, ISP: 中国移动, Date: None, Delay: 0.1 ms, Speed: inf M/s, Resolution: 1920x1080
Name: 河北卫视, URL: http://[2409:8087:5e01:34::21]:6610/ZTE_CMS/00000001000000060000000000000487/index.m3u8?IAS, IPv_Type: ipv6, Location: 中国, ISP: 中国移动, Date: None, Delay: 0.1 ms, Speed: inf M/s, Resolution: 1920x1080
Name: 河北卫视, URL: http://[2409:8087:1a01:df::4077]/ottrrs.hl.chinamobile.com/PLTV/88888888/224/3221226406/index.m3u8, IPv_Type: ipv6, Location: 中国, ISP: 中国移动, Date: None, Delay: 0.1 ms, Speed: inf M/s, Resolution: 1920x1080
Name: 河北卫视, URL: http://[2409:8087:2001:20:2800:0:df6e:eb04]:80/ott.mobaibox.com/PLTV/4/224/3221228106/index.m3u8, IPv_Type: ipv6, Location: 中国, ISP: 中国移动, Date: None, Delay: 0.1 ms, Speed: inf M/s, Resolution: 1920x1080
Name: 河北卫视, URL: http://[2409:8087:1e03:21::2]:6060/cms001/ch00000090990000001229/index.m3u8, IPv_Type: ipv6, Location: 中国, ISP: 中国移动, Date: None, Delay: 0.1 ms, Speed: inf M/s, Resolution: 1920x1080
Name: 河北卫视, URL: http://[2409:8087:3428:20:500::100f]:6610/PLTV/88888888/224/3221227063/index.m3u8?servicetype=1&IASHttpSessionId=RR423820220409134714119178, IPv_Type: ipv6, Location: 中国, ISP: 中国移动, Date: None, Delay: 0.1 ms, Speed: inf M/s, Resolution: 1920x1080
Name: 河北卫视, URL: http://[2409:8087:3428:20:500::1009]:6610/PLTV/88888888/224/3221227063/index.m3u8?servicetype=1&IASHttpSessionId=RR423820220409134714119178, IPv_Type: ipv6, Location: 中国, ISP: 中国移动, Date: None, Delay: 0.1 ms, Speed: inf M/s, Resolution: 1920x1080
Name: 河北卫视, URL: http://[2409:8087:2001:20:2800:0:df6e:eb05]:80/wh7f454c46tw1751556859_2027091654/ott.mobaibox.com/PLTV/3/224/3221228106/index.m3u8?icpid=3&RTS=1674386161&from=40&popid=40&hms_devid=2041&prioritypopid=40&vqe=3, IPv_Type: ipv6, Location: 中国, ISP: 中国移动, Date: None, Delay: 0.1 ms, Speed: inf M/s, Resolution: 1920x1080
Name: 河北卫视, URL: http://[2409:8087:5e01:34::21]:6610/ZTE_CMS/00000001000000060000000000000487/index.m3u8?key=tvbox6_com, IPv_Type: ipv6, Location: 中国, ISP: 中国移动, Date: None, Delay: 0.1 ms, Speed: inf M/s, Resolution: 1920x1080
Name: 河北卫视, URL: http://[2409:8087:74f0:22::7]:6410/270000001128/9900000057/index.m3u8, IPv_Type: ipv6, Location: 中国, ISP: 中国移动, Date: None, Delay: 0.1 ms, Speed: inf M/s, Resolution: 1920x1080
Name: 河北卫视, URL: http://[2409:8087:1a01:df::7005]:80/ottrrs.hl.chinamobile.com/PLTV/88888888/224/3221226406/index.m3u8, IPv_Type: ipv6, Location: 中国, ISP: 中国移动, Date: None, Delay: 0.1 ms, Speed: inf M/s, Resolution: 1920x1080
Name: 河北卫视, URL: http://[2409:8087:1a01:df::7005]/ottrrs.hl.chinamobile.com/PLTV/88888888/224/3221226406/index.m3u8, IPv_Type: ipv6, Location: 中国, ISP: 中国移动, Date: None, Delay: 0.1 ms, Speed: inf M/s, Resolution: 1920x1080
Name: 河北卫视, URL: http://[2409:8087:5e00:24::1e]:6060/200000001898/460000089800010101/1.m3u8, IPv_Type: ipv6, Location: 中国, ISP: 中国移动, Date: None, Delay: 0.1 ms, Speed: inf M/s, Resolution: 1920x1080
Name: 河北卫视, URL: http://[2409:8087:3869:8021:1001::e5]:6610/PLTV/88888888/224/3221225610/2/index.m3u8, IPv_Type: ipv6, Location: 中国, ISP: 中国移动, Date: None, Delay: -1 ms, Speed: 0.00 M/s, Resolution: None
Name: 河北卫视, URL: http://[2409:8087:3869:8021:1001::e5]:6610/PLTV/88888888/224/3221225732/2/index.m3u8, IPv_Type: ipv6, Location: 中国, ISP: 中国移动, Date: None, Delay: -1 ms, Speed: 0.00 M/s, Resolution: None
Name: 河北卫视, URL: http://[2409:8087:3869:8021:1001::e5]:6610/PLTV/88888910/224/3221225610/index.m3u8?fmt=ts2hls, IPv_Type: ipv6, Location: 中国, ISP: 中国移动, Date: None, Delay: -1 ms, Speed: 0.00 M/s, Resolution: None
Name: 河北卫视, URL: http://[2409:8087:8:21::18]:6610/otttv.bj.chinamobile.com/PLTV/88888888/224/3221227014/1.m3u8?GuardEncType=2&accountinfo=%7E%7EV2.0%7ErSGjhI3DMaaAASPrbQJYTg%7EtP4-l0lmSfjwLWEfK_el1vH_mv-s1zo4AQJwdedaVwG9xkuFTDg8J26cwOrNJzn20BErrHdLhuZ9EzLUCD3PMW-OMx4MGteHV2vLeW6BqoY%2CEND, IPv_Type: ipv6, Location: 中国, ISP: 中国移动, Date: None, Delay: -1 ms, Speed: 0.00 M/s, Resolution: None
Name: 河北卫视, URL: http://rrs01.hw.gmcc.net:8088/PLTV/81/224/3221226684/1.m3u8, IPv_Type: ipv6, Location: 中国, ISP: 中国移动, Date: None, Delay: -1 ms, Speed: 0.00 M/s, Resolution: None
Name: 河北卫视, URL: https://cc06.tv12.xyz/51.m3u8, IPv_Type: ipv6, Location: 美国, ISP: CloudFlare Inc., Date: None, Delay: -1 ms, Speed: 0.00 M/s, Resolution: None
Name: 河南卫视, URL: http://tvpull.dxhmt.cn:9081/tv/11425-1.m3u8, IPv_Type: ipv6, Location: 中国-江苏-徐州, ISP: 电信, Date: None, Delay: 0.1 ms, Speed: inf M/s, Resolution: 1920x1080
Name: 河南卫视, URL: http://php.jdshipin.com/TVOD/hljyd.php?id=3221226480, IPv_Type: ipv6, Location: 美国, ISP: CloudFlare Inc., Date: None, Delay: 0.1 ms, Speed: inf M/s, Resolution: 1920x1080
Name: 河南卫视, URL: http://[2409:8087:1a01:df::4077]/ottrrs.hl.chinamobile.com/PLTV/88888888/8/3221226480/index.m3u8, IPv_Type: ipv6, Location: 中国, ISP: 中国移动, Date: None, Delay: 0.1 ms, Speed: inf M/s, Resolution: 1920x1080
Name: 河南卫视, URL: http://tvcdn.stream3.hndt.com/tv/65c4a6d5017e1000b2b6ea2500000000_transios/playlist.m3u8?wsSecret=7f59b59573ebfe76d91b35446bb207ad&wsTime=1746680128, IPv_Type: ipv6, Location: 中国-江苏-扬州, ISP: 电信, Date: None, Delay: 0.1 ms, Speed: inf M/s, Resolution: 1920x1080
Name: 河南卫视, URL: http://tvcdn.stream3.hndt.com/tv/65c4a6d5017e1000b2b6ea2500000000_transios/playlist.m3u8?wsSecret=6f3c30aef2893c05d80306781c41bb94&wsTime=1746615649, IPv_Type: ipv6, Location: 中国-江苏-扬州, ISP: 电信, Date: None, Delay: 0.1 ms, Speed: inf M/s, Resolution: 1920x1080
Name: 河南卫视, URL: http://tvcdn.stream3.hndt.com/tv/65c4a6d5017e1000b2b6ea2500000000_transios/playlist.m3u8?wsSecret=f8cdd49c9e0d08a985779a8d51d9463c&wsTime=1746507627, IPv_Type: ipv6, Location: 中国-江苏-扬州, ISP: 电信, Date: None, Delay: 0.1 ms, Speed: inf M/s, Resolution: 1920x1080
Name: 河南卫视, URL: http://tvcdn.stream3.hndt.com/tv/65c4a6d5017e1000b2b6ea2500000000_transios/playlist.m3u8?wsSecret=06c82b775224f9f800246854dd146ebb&wsTime=1746421229, IPv_Type: ipv6, Location: 中国-江苏-扬州, ISP: 电信, Date: None, Delay: 0.1 ms, Speed: inf M/s, Resolution: 1920x1080
Name: 河南卫视, URL: https://live.lalifeier.eu.org/hntv/hnws.m3u8?t=1746393735&key=728f36a221b96bc109f1ef1914592447, IPv_Type: ipv6, Location: 美国, ISP: CloudFlare Inc., Date: None, Delay: 0.1 ms, Speed: inf M/s, Resolution: 1920x1080
Name: 河南卫视, URL: https://live.lalifeier.eu.org/hntv/hnws.m3u8?t=1746372302&key=e288851cc629fc253af4aac42011d814, IPv_Type: ipv6, Location: 美国, ISP: CloudFlare Inc., Date: None, Delay: 0.1 ms, Speed: inf M/s, Resolution: 1920x1080
Name: 河南卫视, URL: http://tvcdn.stream3.hndt.com/tv/65c4a6d5017e1000b2b6ea2500000000_transios/playlist.m3u8?wsSecret=d590aa1d37ab88640f64557af727f748&wsTime=1746400225, IPv_Type: ipv6, Location: 中国-江苏-扬州, ISP: 电信, Date: None, Delay: 0.1 ms, Speed: inf M/s, Resolution: 1920x1080
Name: 河南卫视, URL: http://tvcdn.stream3.hndt.com/tv/65c4a6d5017e1000b2b6ea2500000000_transios/playlist.m3u8?wsSecret=98b358b66c3829cb638568319625d525&wsTime=1746410421, IPv_Type: ipv6, Location: 中国-江苏-扬州, ISP: 电信, Date: None, Delay: 0.1 ms, Speed: inf M/s, Resolution: 1920x1080
Name: 河南卫视, URL: https://live.lalifeier.eu.org/hntv/hnws.m3u8?t=1746379256&key=783db106d535c1ad56539961560fdfff, IPv_Type: ipv6, Location: 美国, ISP: CloudFlare Inc., Date: None, Delay: 0.1 ms, Speed: inf M/s, Resolution: 1920x1080
Name: 河南卫视, URL: http://tvcdn.stream3.hndt.com/tv/65c4a6d5017e1000b2b6ea2500000000_transios/playlist.m3u8?wsSecret=984b3f36fae2de3ccea5444c944fd21a&wsTime=1746334825, IPv_Type: ipv6, Location: 中国-江苏-扬州, ISP: 电信, Date: None, Delay: 0.1 ms, Speed: inf M/s, Resolution: 1920x1080
Name: 河南卫视, URL: http://tvcdn.stream3.hndt.com/tv/65c4a6d5017e1000b2b6ea2500000000_transios/playlist.m3u8?wsSecret=1de8e7b66dfb17fc450bc5bbe64e4827&wsTime=1746629755, IPv_Type: ipv6, Location: 中国-江苏-扬州, ISP: 电信, Date: None, Delay: 0.1 ms, Speed: inf M/s, Resolution: 1920x1080
Name: 河南卫视, URL: http://[2409:8087:1a0a:df::404b]/ottrrs.hl.chinamobile.com/TVOD/88888888/224/3221226480/index.m3u8, IPv_Type: ipv6, Location: 中国, ISP: 中国移动, Date: None, Delay: 0.1 ms, Speed: inf M/s, Resolution: 1920x1080
Name: 河南卫视, URL: http://tvcdn.stream3.hndt.com/tv/65c4a6d5017e1000b2b6ea2500000000_transios/playlist.m3u8?wsSecret=e125bbfc1f8907f3139f24799d3974f5&wsTime=1746248431, IPv_Type: ipv6, Location: 中国-江苏-扬州, ISP: 电信, Date: None, Delay: 0.1 ms, Speed: inf M/s, Resolution: 1920x1080
Name: 河南卫视, URL: http://tvcdn.stream3.hndt.com/tv/65c4a6d5017e1000b2b6ea2500000000_transios/playlist.m3u8?wsSecret=4e64fa03fd098b19e460c66b6477631f&wsTime=1746205253, IPv_Type: ipv6, Location: 中国-江苏-扬州, ISP: 电信, Date: None, Delay: 0.1 ms, Speed: inf M/s, Resolution: 1920x1080
Name: 河南卫视, URL: http://tvcdn.stream3.hndt.com/tv/65c4a6d5017e1000b2b6ea2500000000_transios/playlist.m3u8?wsSecret=2731cf033dc3c085f1487f4c249e7cca&wsTime=1746161732, IPv_Type: ipv6, Location: 中国-江苏-扬州, ISP: 电信, Date: None, Delay: 0.1 ms, Speed: inf M/s, Resolution: 1920x1080
Name: 河南卫视, URL: http://tvcdn.stream3.hndt.com/tv/65c4a6d5017e1000b2b6ea2500000000_transios/playlist.m3u8?wsSecret=c469be323ad9fdb498b29bc89937e5e1&wsTime=1746108008&wsSession=c24bca6cb007c62337cc245b-174609360883244&wsIPSercert=965199407363e75c3ccb566d6f002965&wsiphost=local&wsBindIP=1, IPv_Type: ipv6, Location: 中国-江苏-扬州, ISP: 电信, Date: None, Delay: 0.1 ms, Speed: inf M/s, Resolution: 1920x1080
Name: 河南卫视, URL: http://tvcdn.stream3.hndt.com/tv/65c4a6d5017e1000b2b6ea2500000000_transios/playlist.m3u8?wsSecret=ef4300801227657e739f15e4a73a1ca4&wsTime=1746032159, IPv_Type: ipv6, Location: 中国-江苏-扬州, ISP: 电信, Date: None, Delay: 0.1 ms, Speed: inf M/s, Resolution: 1920x1080
Name: 河南卫视, URL: http://nas.suntao.online:35455/itv/5000000011000031119.m3u8?cdn=bestzb, IPv_Type: ipv6, Location: 中国, ISP: 中国联通, Date: None, Delay: 0.1 ms, Speed: inf M/s, Resolution: 1920x1080
Name: 河南卫视, URL: http://tvcdn.stream3.hndt.com/tv/65c4a6d5017e1000b2b6ea2500000000_transios/playlist.m3u8?wsSecret=94bafdddc6ba45bdaf6d34005bd49c97&wsTime=1745211632, IPv_Type: ipv6, Location: 中国-江苏-扬州, ISP: 电信, Date: None, Delay: 0.1 ms, Speed: inf M/s, Resolution: 1920x1080
Name: 河南卫视, URL: http://tvcdn.stream3.hndt.com/tv/65c4a6d5017e1000b2b6ea2500000000_transios/playlist.m3u8?wsSecret=38b9e311955a5935117b923e7c4ad3dc&wsTime=1745987438, IPv_Type: ipv6, Location: 中国-江苏-扬州, ISP: 电信, Date: None, Delay: 0.1 ms, Speed: inf M/s, Resolution: 1920x1080
Name: 河南卫视, URL: http://tvcdn.stream3.hndt.com/tv/65c4a6d5017e1000b2b6ea2500000000_transios/playlist.m3u8?wsSecret=15916fbd2a0804b8caea42e094cfeae8&wsTime=1745953209&wsSession=00f47108661e8b40d37a750c-174593880978493&wsIPSercert=965199407363e75c3ccb566d6f002965&wsiphost=local&wsBindIP=1, IPv_Type: ipv6, Location: 中国-江苏-扬州, ISP: 电信, Date: None, Delay: 0.1 ms, Speed: inf M/s, Resolution: 1920x1080
Name: 河南卫视, URL: http://iptv.cdn.ha.chinamobile.com/PLTV/88888888/224/3221226526/index.m3u8, IPv_Type: ipv6, Location: 中国, ISP: 中国移动, Date: None, Delay: 0.1 ms, Speed: inf M/s, Resolution: 1920x1080
Name: 河南卫视, URL: http://iptv.cdn.ha.chinamobile.com/PLTV/88888888/224/3221227198/index.m3u8, IPv_Type: ipv6, Location: 中国, ISP: 中国移动, Date: None, Delay: 0.1 ms, Speed: inf M/s, Resolution: 1920x1080
Name: 河南卫视, URL: http://tvcdn.stream3.hndt.com/tv/65c4a6d5017e1000b2b6ea2500000000_transios/playlist.m3u8?wsSecret=04e32a3bd883f58fb71ed009a6a8b7c6&wsTime=1740891619, IPv_Type: ipv6, Location: 中国-江苏-扬州, ISP: 电信, Date: None, Delay: 0.1 ms, Speed: inf M/s, Resolution: 1920x1080
Name: 河南卫视, URL: http://hwrr.jx.chinamobile.com:8080/PLTV/88888888/224/3221225611/index.m3u8?fmt=ts2hls, IPv_Type: ipv6, Location: 中国, ISP: 中国移动, Date: None, Delay: 0.1 ms, Speed: inf M/s, Resolution: 1920x1080
Name: 河南卫视, URL: http://[2409:8087:3428:20:500::100f]:6610/PLTV/88888888/224/3221227095/index.m3u8?servicetype=1&IASHttpSessionId=RR423820220409134714119178, IPv_Type: ipv6, Location: 中国, ISP: 中国移动, Date: None, Delay: 0.1 ms, Speed: inf M/s, Resolution: 1920x1080
Name: 河南卫视, URL: http://[2409:8087:3428:20:500::1009]:6610/PLTV/88888888/224/3221227095/index.m3u8?servicetype=1&IASHttpSessionId=RR423820220409134714119178, IPv_Type: ipv6, Location: 中国, ISP: 中国移动, Date: None, Delay: 0.1 ms, Speed: inf M/s, Resolution: 1920x1080
Name: 河南卫视, URL: http://[2409:8087:2001:20:2800:0:df6e:eb07]:80/wh7f454c46tw1760610571_1986142982/ott.mobaibox.com/PLTV/3/224/3221227521/index.m3u8?icpid=3&RTS=1674386171&from=40&popid=40&hms_devid=2036&prioritypopid=40&vqe=3, IPv_Type: ipv6, Location: 中国, ISP: 中国移动, Date: None, Delay: 0.1 ms, Speed: inf M/s, Resolution: 1920x1080
Name: 河南卫视, URL: http://[2409:8087:2001:20:2800:0:df6e:eb17]/ott.mobaibox.com/PLTV/3/224/3221228221/index.m3u8, IPv_Type: ipv6, Location: 中国, ISP: 中国移动, Date: None, Delay: 0.1 ms, Speed: inf M/s, Resolution: 1920x1080
Name: 河南卫视, URL: http://[2409:8087:1e03:21::42]:6610/cms001/ch00000090990000001222/index.m3u8, IPv_Type: ipv6, Location: 中国, ISP: 中国移动, Date: None, Delay: 0.1 ms, Speed: inf M/s, Resolution: 1920x1080
Name: 河南卫视, URL: http://[2409:8087:4c0a:22:1::11]:6410/170000001115/UmaiCHAN5000044BESTVSMGSMG/index.m3u8?m3u8_level=2, IPv_Type: ipv6, Location: 中国, ISP: 中国移动, Date: None, Delay: 0.1 ms, Speed: inf M/s, Resolution: 1920x1080
Name: 河南卫视, URL: http://[2409:8087:4c0a:22:1::11]:6410/170000001115/UmaiCHAN5000044BESTVSMGSMG/index.m3u8?AuthInfo=9kOOdBn7MFF%2F2bWjKgahUd3JM2PCgDefrKOVZLNt0QOuXozn3alq9%2BUx7ZLG1w9aOfw%2Ftj8uByLI%2F9b3T9xKHSKRmZDiwMOFotvfGaGd4Uw, IPv_Type: ipv6, Location: 中国, ISP: 中国移动, Date: None, Delay: 0.1 ms, Speed: inf M/s, Resolution: 1920x1080
Name: 河南卫视, URL: http://[2409:8087:1a0b:df::4020]:80/ottrrs.hl.chinamobile.com/PLTV/88888888/224/3221226480/index.m3u8, IPv_Type: ipv6, Location: 中国, ISP: 中国移动, Date: None, Delay: 0.1 ms, Speed: inf M/s, Resolution: 1920x1080
Name: 河南卫视, URL: http://[2409:8087:1a01:df::4077]:80/ottrrs.hl.chinamobile.com/PLTV/88888888/8/3221226320/index.m3u8, IPv_Type: ipv6, Location: 中国, ISP: 中国移动, Date: None, Delay: 0.1 ms, Speed: inf M/s, Resolution: 1920x1080
Name: 河南卫视, URL: http://[2409:8087:1a01:df::4077]:80/ottrrs.hl.chinamobile.com/yinhe/88888888/224/3221226480/index.m3u8, IPv_Type: ipv6, Location: 中国, ISP: 中国移动, Date: None, Delay: 0.1 ms, Speed: inf M/s, Resolution: 1920x1080
Name: 河南卫视, URL: http://[2409:8087:1a01:df::4077]:80/ottrrs.hl.chinamobile.com/PLTV/88888888/8/3221226480/index.m3u8, IPv_Type: ipv6, Location: 中国, ISP: 中国移动, Date: None, Delay: 0.1 ms, Speed: inf M/s, Resolution: 1920x1080
Name: 河南卫视, URL: http://[2409:8087:1a01:df::4077]/ottrrs.hl.chinamobile.com/yinhe/88888888/224/3221226480/index.m3u8, IPv_Type: ipv6, Location: 中国, ISP: 中国移动, Date: None, Delay: 0.1 ms, Speed: inf M/s, Resolution: 1920x1080
Name: 河南卫视, URL: http://[2409:8087:1a01:df::4077]:80/ottrrs.hl.chinamobile.com/PLTV/88888888/224/3221226480/index.m3u8, IPv_Type: ipv6, Location: 中国, ISP: 中国移动, Date: None, Delay: 0.1 ms, Speed: inf M/s, Resolution: 1920x1080
Name: 河南卫视, URL: http://[2409:8087:1a01:df::4077]/ottrrs.hl.chinamobile.com/PLTV/88888888/224/3221226480/index.m3u8, IPv_Type: ipv6, Location: 中国, ISP: 中国移动, Date: None, Delay: 0.1 ms, Speed: inf M/s, Resolution: 1920x1080
Name: 河南卫视, URL: http://[2409:8087:1a01:df::4077]/ottrrs.hl.chinamobile.com/PLTV/88888888/8/3221226320/index.m3u8, IPv_Type: ipv6, Location: 中国, ISP: 中国移动, Date: None, Delay: 0.1 ms, Speed: inf M/s, Resolution: 1920x1080
Name: 河南卫视, URL: http://tvcdn.stream3.hndt.com/tv/65c4a6d5017e1000b2b6ea2500000000_transios/playlist.m3u8?wsSecret=02a94d9298a19aa2216d98e90a7d26b3&wsTime=1742014827, IPv_Type: ipv6, Location: 中国-江苏-扬州, ISP: 电信, Date: None, Delay: 0.1 ms, Speed: inf M/s, Resolution: 1920x1080
Name: 河南卫视, URL: http://[2409:8087:2001:20:2800:0:df6e:eb16]:80/ott.mobaibox.com/PLTV/4/224/3221228221/index.m3u8, IPv_Type: ipv6, Location: 中国, ISP: 中国移动, Date: None, Delay: 0.1 ms, Speed: inf M/s, Resolution: 1920x1080
Name: 河南卫视, URL: http://[2409:8087:1e03:21::2]:6060/cms001/ch00000090990000001222/index.m3u8, IPv_Type: ipv6, Location: 中国, ISP: 中国移动, Date: None, Delay: 0.1 ms, Speed: inf M/s, Resolution: 1920x1080
Name: 河南卫视, URL: http://[2409:8087:3428:20:500::100f]:6610/PLTV/88888888/224/3221225842/index.m3u8?servicetype=1&IASHttpSessionId=RR423820220409134714119178, IPv_Type: ipv6, Location: 中国, ISP: 中国移动, Date: None, Delay: 0.1 ms, Speed: inf M/s, Resolution: 1920x1080
Name: 河南卫视, URL: http://[2409:8087:3428:20:500::1009]:6610/PLTV/88888888/224/3221225842/index.m3u8?servicetype=1&IASHttpSessionId=RR423820220409134714119178, IPv_Type: ipv6, Location: 中国, ISP: 中国移动, Date: None, Delay: 0.1 ms, Speed: inf M/s, Resolution: 1920x1080
Name: 河南卫视, URL: http://[2409:8087:1e03:21::11]:6610/cms001/ch00000090990000001222/index.m3u8, IPv_Type: ipv6, Location: 中国, ISP: 中国移动, Date: None, Delay: 0.1 ms, Speed: inf M/s, Resolution: 1920x1080
Name: 河南卫视, URL: http://[2409:8087:2001:20:2800:0:df6e:eb17]:80/wh7f454c46tw2373527465_-419963710/ott.mobaibox.com/PLTV/3/224/3221228221/index.m3u8?icpid=3&RTS=1674386783&from=40&popid=40&hms_devid=2114&prioritypopid=40&vqe=3, IPv_Type: ipv6, Location: 中国, ISP: 中国移动, Date: None, Delay: 0.1 ms, Speed: inf M/s, Resolution: 1920x1080
Name: 河南卫视, URL: http://[2409:8087:74f0:22::7]:6410/270000001128/9900000027/index.m3u8, IPv_Type: ipv6, Location: 中国, ISP: 中国移动, Date: None, Delay: 0.1 ms, Speed: inf M/s, Resolution: 1920x1080
Name: 河南卫视, URL: http://[2409:8087:1a01:df::7005]:80/ottrrs.hl.chinamobile.com/PLTV/88888888/224/3221226480/index.m3u8, IPv_Type: ipv6, Location: 中国, ISP: 中国移动, Date: None, Delay: 0.1 ms, Speed: inf M/s, Resolution: 1920x1080
Name: 河南卫视, URL: http://[2409:8087:1a01:df::7005]/ottrrs.hl.chinamobile.com/PLTV/88888888/224/3221226480/index.m3u8, IPv_Type: ipv6, Location: 中国, ISP: 中国移动, Date: None, Delay: 0.1 ms, Speed: inf M/s, Resolution: 1920x1080
Name: 河南卫视, URL: http://[2409:8087:3869:8021:1001::e5]:6610/PLTV/88888910/224/3221225611/index.m3u8?fmt=ts2hls, IPv_Type: ipv6, Location: 中国, ISP: 中国移动, Date: None, Delay: -1 ms, Speed: 0.00 M/s, Resolution: None
Name: 河南卫视, URL: http://tvcdn.stream3.hndt.com/tv/65c4a6d5017e1000b2b6ea2500000000_transios/playlist.m3u8?wsSecret=9f301963bb789716e610e44fd5feff28&wsTime=1746766525, IPv_Type: ipv6, Location: 加拿大, ISP: , Date: None, Delay: -1 ms, Speed: 0.00 M/s, Resolution: None
Name: 河南卫视, URL: http://rrs01.hw.gmcc.net:8088/PLTV/81/224/3221226687/1.m3u8, IPv_Type: ipv6, Location: 中国, ISP: 中国移动, Date: None, Delay: -1 ms, Speed: 0.00 M/s, Resolution: None
Name: 河南卫视, URL: https://cc06.tv12.xyz/49.m3u8, IPv_Type: ipv6, Location: 美国, ISP: CloudFlare Inc., Date: None, Delay: -1 ms, Speed: 0.00 M/s, Resolution: None
Name: 吉林卫视, URL: http://php.jdshipin.com/TVOD/hnyd.php?id=200000001898/460000089800010075, IPv_Type: ipv6, Location: 美国, ISP: CloudFlare Inc., Date: None, Delay: 0.1 ms, Speed: inf M/s, Resolution: 1920x1080
Name: 吉林卫视, URL: http://[2409:8087:1a0a:df::404b]/ottrrs.hl.chinamobile.com/TVOD/88888888/224/3221226397/index.m3u8, IPv_Type: ipv6, Location: 中国, ISP: 中国移动, Date: None, Delay: 0.1 ms, Speed: inf M/s, Resolution: 1920x1080
Name: 吉林卫视, URL: http://[2409:8087:1a01:df::4077]/ottrrs.hl.chinamobile.com/PLTV/88888888/8/3221226397/index.m3u8, IPv_Type: ipv6, Location: 中国, ISP: 中国移动, Date: None, Delay: 0.1 ms, Speed: inf M/s, Resolution: 1920x1080
Name: 吉林卫视, URL: http://[2409:8087:1a01:df::4077]:80/ottrrs.hl.chinamobile.com/PLTV/88888888/8/3221226397/index.m3u8, IPv_Type: ipv6, Location: 中国, ISP: 中国移动, Date: None, Delay: 0.1 ms, Speed: inf M/s, Resolution: 1920x1080
Name: 吉林卫视, URL: http://[2409:8087:8:21::18]:6610/otttv.bj.chinamobile.com/PLTV/88888888/224/3221226533/1.m3u8, IPv_Type: ipv6, Location: 中国, ISP: 中国移动, Date: None, Delay: 0.1 ms, Speed: inf M/s, Resolution: 1920x1080
Name: 吉林卫视, URL: http://[2409:8087:8:21::18]:6610/otttv.bj.chinamobile.com/PLTV/88888888/224/3221226886/1.m3u8, IPv_Type: ipv6, Location: 中国, ISP: 中国移动, Date: None, Delay: 0.1 ms, Speed: inf M/s, Resolution: 1920x1080
Name: 吉林卫视, URL: http://[2409:8087:8:21::18]:6610/otttv.bj.chinamobile.com/PLTV/88888888/224/3221226912/1.m3u8, IPv_Type: ipv6, Location: 中国, ISP: 中国移动, Date: None, Delay: 0.1 ms, Speed: inf M/s, Resolution: 1920x1080
Name: 吉林卫视, URL: http://[2409:8087:1a01:df::4077]/ottrrs.hl.chinamobile.com/PLTV/88888888/224/3221226397/index.m3u8, IPv_Type: ipv6, Location: 中国, ISP: 中国移动, Date: None, Delay: 0.1 ms, Speed: inf M/s, Resolution: 1920x1080
Name: 吉林卫视, URL: http://[2409:8087:3428:20:500::100f]:6610/PLTV/88888888/224/3221227099/index.m3u8?servicetype=1&IASHttpSessionId=RR423820220409134714119178, IPv_Type: ipv6, Location: 中国, ISP: 中国移动, Date: None, Delay: 0.1 ms, Speed: inf M/s, Resolution: 1920x1080
Name: 吉林卫视, URL: http://iptv.cdn.ha.chinamobile.com/PLTV/88888888/224/3221227240/index.m3u8, IPv_Type: ipv6, Location: 中国, ISP: 中国移动, Date: None, Delay: 0.1 ms, Speed: inf M/s, Resolution: 1920x1080
Name: 吉林卫视, URL: http://dbiptv.sn.chinamobile.com/PLTV/88888890/224/3221225792/index.m3u8, IPv_Type: ipv6, Location: 中国, ISP: 中国移动, Date: None, Delay: 0.1 ms, Speed: inf M/s, Resolution: 1920x1080
Name: 吉林卫视, URL: http://nas.suntao.online:35455/itv/5000000011000031117.m3u8?cdn=bestzb, IPv_Type: ipv6, Location: 中国, ISP: 中国联通, Date: None, Delay: 0.1 ms, Speed: inf M/s, Resolution: 1920x1080
Name: 吉林卫视, URL: http://[2409:8087:2001:20:2800:0:df6e:eb03]:80/ott.mobaibox.com/PLTV/4/224/3221228130/index.m3u8, IPv_Type: ipv6, Location: 中国, ISP: 中国移动, Date: None, Delay: 0.1 ms, Speed: inf M/s, Resolution: 1920x1080
Name: 吉林卫视, URL: http://[2409:8087:3428:20:500::100f]:6610/PLTV/88888888/224/3221225851/index.m3u8?servicetype=1&IASHttpSessionId=RR423820220409134714119178, IPv_Type: ipv6, Location: 中国, ISP: 中国移动, Date: None, Delay: 0.1 ms, Speed: inf M/s, Resolution: 1920x1080
Name: 吉林卫视, URL: http://[2409:8087:3428:20:500::1009]:6610/PLTV/88888888/224/3221225851/index.m3u8?servicetype=1&IASHttpSessionId=RR423820220409134714119178, IPv_Type: ipv6, Location: 中国, ISP: 中国移动, Date: None, Delay: 0.1 ms, Speed: inf M/s, Resolution: 1920x1080
Name: 吉林卫视, URL: http://[2409:8087:2001:20:2800:0:df6e:eb0a]:80/wh7f454c46tw342769965_-1981608007/ott.mobaibox.com/PLTV/3/224/3221228028/index.m3u8?icpid=3&RTS=1674380458&from=40&popid=40&hms_devid=2038&prioritypopid=40&vqe=3, IPv_Type: ipv6, Location: 中国, ISP: 中国移动, Date: None, Delay: 0.1 ms, Speed: inf M/s, Resolution: 1920x1080
Name: 吉林卫视, URL: http://[2409:8087:4c0a:22:1::11]:6410/170000001115/UmaiCHAN5000046BESTVSMGSMG/index.m3u8?m3u8_level=2, IPv_Type: ipv6, Location: 中国, ISP: 中国移动, Date: None, Delay: 0.1 ms, Speed: inf M/s, Resolution: 1920x1080
Name: 吉林卫视, URL: http://[2409:8087:5e01:34::38]:6610/ZTE_CMS/00000001000000060000000000000533/index.m3u8, IPv_Type: ipv6, Location: 中国, ISP: 中国移动, Date: None, Delay: 0.1 ms, Speed: inf M/s, Resolution: 1920x1080
Name: 吉林卫视, URL: http://[2409:8087:5e01:34::38]:6610/ZTE_CMS/00000001000000060000000000000533/index.m3u8?, IPv_Type: ipv6, Location: 中国, ISP: 中国移动, Date: None, Delay: 0.1 ms, Speed: inf M/s, Resolution: 1920x1080
Name: 吉林卫视, URL: http://[2409:8087:5e00:24::1f]:6060/ZTE_CMS/00000001000000060000000000000533/index.m3u8, IPv_Type: ipv6, Location: 中国, ISP: 中国移动, Date: None, Delay: 0.1 ms, Speed: inf M/s, Resolution: 1920x1080
Name: 吉林卫视, URL: http://[2409:8087:5e01:34::21]:6610/ZTE_CMS/00000001000000060000000000000533/index.m3u8?IAS, IPv_Type: ipv6, Location: 中国, ISP: 中国移动, Date: None, Delay: 0.1 ms, Speed: inf M/s, Resolution: 1920x1080
Name: 吉林卫视, URL: http://[2409:8087:5e01:34::20]:6610/ZTE_CMS/00000001000000060000000000000533/index.m3u8?IAS, IPv_Type: ipv6, Location: 中国, ISP: 中国移动, Date: None, Delay: 0.1 ms, Speed: inf M/s, Resolution: 1920x1080
Name: 吉林卫视, URL: http://[2409:8087:5e01:34::22]:6610/ZTE_CMS/00000001000000060000000000000533/index.m3u8?IAS, IPv_Type: ipv6, Location: 中国, ISP: 中国移动, Date: None, Delay: 0.1 ms, Speed: inf M/s, Resolution: 1920x1080
Name: 吉林卫视, URL: http://[2409:8087:1a0b:df::4020]:80/ottrrs.hl.chinamobile.com/PLTV/88888888/224/3221226397/index.m3u8, IPv_Type: ipv6, Location: 中国, ISP: 中国移动, Date: None, Delay: 0.1 ms, Speed: inf M/s, Resolution: 1920x1080
Name: 吉林卫视, URL: http://[2409:8087:5e01:34::23]:6610/ZTE_CMS/00000001000000060000000000000533/index.m3u8?IAS, IPv_Type: ipv6, Location: 中国, ISP: 中国移动, Date: None, Delay: 0.1 ms, Speed: inf M/s, Resolution: 1920x1080
Name: 吉林卫视, URL: http://[2409:8087:1a01:df::4077]/ottrrs.hl.chinamobile.com/yinhe/88888888/8/3221226397/index.m3u8, IPv_Type: ipv6, Location: 中国, ISP: 中国移动, Date: None, Delay: 0.1 ms, Speed: inf M/s, Resolution: 1920x1080
Name: 吉林卫视, URL: http://[2409:8087:1a01:df::4077]:80/ottrrs.hl.chinamobile.com/yinhe/88888888/8/3221226397/index.m3u8, IPv_Type: ipv6, Location: 中国, ISP: 中国移动, Date: None, Delay: 0.1 ms, Speed: inf M/s, Resolution: 1920x1080
Name: 吉林卫视, URL: http://[2409:8087:2001:20:2800:0:df6e:eb03]/wh7f454c46tw1874077489_789689702/ott.mobaibox.com/PLTV/3/224/3221228130/index.m3u8?icpid=3&RTS=1669700475&from=40&popid=40&hms_devid=2039&prioritypopid=40&vqe=3, IPv_Type: ipv6, Location: 中国, ISP: 中国移动, Date: None, Delay: 0.1 ms, Speed: inf M/s, Resolution: 1920x1080
Name: 吉林卫视, URL: http://[2409:8087:3428:20:500::1009]:6610/PLTV/88888888/224/3221227099/index.m3u8?servicetype=1&IASHttpSessionId=RR423820220409134714119178, IPv_Type: ipv6, Location: 中国, ISP: 中国移动, Date: None, Delay: 0.1 ms, Speed: inf M/s, Resolution: 1920x1080
Name: 吉林卫视, URL: http://[2409:8087:2001:20:2800:0:df6e:eb02]:80/wh7f454c46tw844466330_-452871666/ott.mobaibox.com/PLTV/3/224/3221228130/index.m3u8?icpid=3&RTS=1674380959&from=40&popid=40&hms_devid=2039&prioritypopid=40&vqe=3, IPv_Type: ipv6, Location: 中国, ISP: 中国移动, Date: None, Delay: 0.1 ms, Speed: inf M/s, Resolution: 1920x1080
Name: 吉林卫视, URL: http://[2409:8087:1e03:21::42]:6610/cms001/ch00000090990000001225/index.m3u8, IPv_Type: ipv6, Location: 中国, ISP: 中国移动, Date: None, Delay: 0.1 ms, Speed: inf M/s, Resolution: 1920x1080
Name: 吉林卫视, URL: http://[2409:8087:74f0:22::5]:6410/270000001128/9900000030/index.m3u8, IPv_Type: ipv6, Location: 中国, ISP: 中国移动, Date: None, Delay: 0.1 ms, Speed: inf M/s, Resolution: 1920x1080
Name: 吉林卫视, URL: http://[2409:8087:1a01:df::7005]:80/ottrrs.hl.chinamobile.com/PLTV/88888888/224/3221226397/index.m3u8, IPv_Type: ipv6, Location: 中国, ISP: 中国移动, Date: None, Delay: 0.1 ms, Speed: inf M/s, Resolution: 1920x1080
Name: 吉林卫视, URL: http://[2409:8087:1a01:df::7005]/ottrrs.hl.chinamobile.com/PLTV/88888888/224/3221226397/index.m3u8, IPv_Type: ipv6, Location: 中国, ISP: 中国移动, Date: None, Delay: 0.1 ms, Speed: inf M/s, Resolution: 1920x1080
Name: 吉林卫视, URL: http://[2409:8087:3869:8021:1001::e5]:6610/PLTV/88888888/224/3221225680/2/index.m3u8, IPv_Type: ipv6, Location: 中国, ISP: 中国移动, Date: None, Delay: -1 ms, Speed: 0.00 M/s, Resolution: None
Name: 吉林卫视, URL: http://[2409:8087:8:21::18]:6610/otttv.bj.chinamobile.com/PLTV/88888888/224/3221227015/1.m3u8?GuardEncType=2&accountinfo=%7E%7EV2.0%7EW5-3AVdwD5KlUpuA4mz7Cg%7EtP4-l0lmSfjwLWEfK_el1vH_mv-s1zo4AQJwdedaVwG9xkuFTDg8J26cwOrNJzn20BErrHdLhuZ9EzLUCD3PMW-OMx4MGteHV2vLeW6BqoY%2CEND, IPv_Type: ipv6, Location: 中国, ISP: 中国移动, Date: None, Delay: -1 ms, Speed: 0.00 M/s, Resolution: None
Name: 吉林卫视, URL: http://rrs01.hw.gmcc.net:8088/PLTV/81/224/3221226671/1.m3u8, IPv_Type: ipv6, Location: 中国, ISP: 中国移动, Date: None, Delay: -1 ms, Speed: 0.00 M/s, Resolution: None
Name: 吉林卫视, URL: https://cc06.tv12.xyz/60.m3u8, IPv_Type: ipv6, Location: 美国, ISP: CloudFlare Inc., Date: None, Delay: -1 ms, Speed: 0.00 M/s, Resolution: None
Name: 江苏卫视, URL: http://php.jdshipin.com/TVOD/hnyd.php?id=200000001898/460000089800010059, IPv_Type: ipv6, Location: 美国, ISP: CloudFlare Inc., Date: None, Delay: 0.1 ms, Speed: inf M/s, Resolution: 1920x1080
Name: 江苏卫视, URL: http://iptv.huuc.edu.cn/hls/jshd.m3u8, IPv_Type: ipv6, Location: 中国, ISP: 教育网, Date: None, Delay: 0.1 ms, Speed: inf M/s, Resolution: 1920x1080
Name: 江苏卫视, URL: http://[2409:8087:1a0a:df::404b]/ottrrs.hl.chinamobile.com/TVOD/88888888/224/3221226310/index.m3u8, IPv_Type: ipv6, Location: 中国, ISP: 中国移动, Date: None, Delay: 0.1 ms, Speed: inf M/s, Resolution: 1920x1080
Name: 江苏卫视, URL: http://[2409:8087:1a01:df::4077]/ottrrs.hl.chinamobile.com/PLTV/88888888/8/3221226310/index.m3u8, IPv_Type: ipv6, Location: 中国, ISP: 中国移动, Date: None, Delay: 0.1 ms, Speed: inf M/s, Resolution: 1920x1080
Name: 江苏卫视, URL: http://[2409:8087:1a01:df::4077]:80/ottrrs.hl.chinamobile.com/PLTV/88888888/224/3221226310/index.m3u8, IPv_Type: ipv6, Location: 中国, ISP: 中国移动, Date: None, Delay: 0.1 ms, Speed: inf M/s, Resolution: 1920x1080
Name: 江苏卫视, URL: http://[2409:8087:1a01:df::4077]/ottrrs.hl.chinamobile.com/PLTV/88888888/224/3221226310/index.m3u8, IPv_Type: ipv6, Location: 中国, ISP: 中国移动, Date: None, Delay: 0.1 ms, Speed: inf M/s, Resolution: 1920x1080
Name: 江苏卫视, URL: http://[2409:8087:1a01:df::4077]:80/ottrrs.hl.chinamobile.com/PLTV/88888888/8/3221226310/index.m3u8, IPv_Type: ipv6, Location: 中国, ISP: 中国移动, Date: None, Delay: 0.1 ms, Speed: inf M/s, Resolution: 1920x1080
Name: 江苏卫视, URL: http://[2409:8087:8:21::18]:6610/otttv.bj.chinamobile.com/PLTV/88888888/224/3221226242/1.m3u8, IPv_Type: ipv6, Location: 中国, ISP: 中国移动, Date: None, Delay: 0.1 ms, Speed: inf M/s, Resolution: 1920x1080
Name: 江苏卫视, URL: http://[2409:8087:8:21::18]:6610/otttv.bj.chinamobile.com/PLTV/88888888/224/3221226366/1.m3u8, IPv_Type: ipv6, Location: 中国, ISP: 中国移动, Date: None, Delay: 0.1 ms, Speed: inf M/s, Resolution: 1920x1080
Name: 江苏卫视, URL: http://[2409:8087:8:21::18]:6610/otttv.bj.chinamobile.com/PLTV/88888888/224/3221226491/1.m3u8, IPv_Type: ipv6, Location: 中国, ISP: 中国移动, Date: None, Delay: 0.1 ms, Speed: inf M/s, Resolution: 1920x1080
Name: 江苏卫视, URL: http://iptv.cdn.ha.chinamobile.com/PLTV/88888888/224/3221227228/index.m3u8, IPv_Type: ipv6, Location: 中国, ISP: 中国移动, Date: None, Delay: 0.1 ms, Speed: inf M/s, Resolution: 1920x1080
Name: 江苏卫视, URL: http://[2409:8087:2001:20:2800:0:df6e:eb17]:80/ott.mobaibox.com/PLTV/4/224/3221227552/index.m3u8, IPv_Type: ipv6, Location: 中国, ISP: 中国移动, Date: None, Delay: 0.1 ms, Speed: inf M/s, Resolution: 1920x1080
Name: 江苏卫视, URL: http://yc.myds.me:35455/itv/6000000001000014861.m3u8?cdn=wasusyt, IPv_Type: ipv6, Location: 中国, ISP: 中国电信, Date: None, Delay: 0.1 ms, Speed: inf M/s, Resolution: 1920x1080
Name: 江苏卫视, URL: http://yc.myds.me:35455/itv/1000000005000265030.m3u8?cdn=ystenlive, IPv_Type: ipv6, Location: 中国, ISP: 中国电信, Date: None, Delay: 0.1 ms, Speed: inf M/s, Resolution: 1920x1080
Name: 江苏卫视, URL: http://nas.suntao.online:35455/itv/1000000001000001828.m3u8?cdn=ystenlive, IPv_Type: ipv6, Location: 中国, ISP: 中国联通, Date: None, Delay: 0.1 ms, Speed: inf M/s, Resolution: 1920x1080
Name: 江苏卫视, URL: http://lu.wqwqwq.sbs/itv/1000000005000265030.m3u8?cdn=ystenlive, IPv_Type: ipv6, Location: 美国, ISP: CloudFlare Inc., Date: None, Delay: 0.1 ms, Speed: inf M/s, Resolution: 1920x1080
Name: 江苏卫视, URL: http://dbiptv.sn.chinamobile.com/PLTV/88888888/224/3221225800/1.m3u8, IPv_Type: ipv6, Location: 中国, ISP: 中国移动, Date: None, Delay: 0.1 ms, Speed: inf M/s, Resolution: 1920x1080
Name: 江苏卫视, URL: http://hwrr.jx.chinamobile.com:8080/PLTV/88888888/224/3221225488/index.m3u8?fmt=ts2hls, IPv_Type: ipv6, Location: 中国, ISP: 中国移动, Date: None, Delay: 0.1 ms, Speed: inf M/s, Resolution: 1920x1080
Name: 江苏卫视, URL: http://[2409:8087:3428:20:500::100f]:6610/PLTV/88888888/224/3221225847/index.m3u8?servicetype=1&IASHttpSessionId=RR423820220409134714119178, IPv_Type: ipv6, Location: 中国, ISP: 中国移动, Date: None, Delay: 0.1 ms, Speed: inf M/s, Resolution: 1920x1080
Name: 江苏卫视, URL: http://[2409:8087:3428:20:500::1009]:6610/PLTV/88888888/224/3221225847/index.m3u8?servicetype=1&IASHttpSessionId=RR423820220409134714119178, IPv_Type: ipv6, Location: 中国, ISP: 中国移动, Date: None, Delay: 0.1 ms, Speed: inf M/s, Resolution: 1920x1080
Name: 江苏卫视, URL: http://[2409:8087:2001:20:2800:0:df6e:eb10]:80/wh7f454c46tw1546620848_1199323777/ott.mobaibox.com/PLTV/3/224/3221227561/index.m3u8?icpid=3&RTS=1674385957&from=40&popid=40&hms_devid=2110&prioritypopid=40&vqe=3, IPv_Type: ipv6, Location: 中国, ISP: 中国移动, Date: None, Delay: 0.1 ms, Speed: inf M/s, Resolution: 1920x1080
Name: 江苏卫视, URL: http://[2409:8087:2001:20:2800:0:df6e:eb06]:80/wh7f454c46tw202473475_-1896827182/ott.mobaibox.com/PLTV/3/224/3221227255/index.m3u8?icpid=3&RTS=1674380317&from=40&popid=40&hms_devid=2036&prioritypopid=40&vqe=3, IPv_Type: ipv6, Location: 中国, ISP: 中国移动, Date: None, Delay: 0.1 ms, Speed: inf M/s, Resolution: 1920x1080
Name: 江苏卫视, URL: http://[2409:8087:2001:20:2800:0:df6e:eb13]:80/wh7f454c46tw359112764_778502970/ott.mobaibox.com/PLTV/3/224/3221227705/index.m3u8?icpid=3&RTS=1674380474&from=40&popid=40&hms_devid=2112&prioritypopid=40&vqe=3, IPv_Type: ipv6, Location: 中国, ISP: 中国移动, Date: None, Delay: 0.1 ms, Speed: inf M/s, Resolution: 1920x1080
Name: 江苏卫视, URL: http://[2409:8087:2001:20:2800:0:df6e:eb0d]:80/wh7f454c46tw203226883_1737984932/ott.mobaibox.com/PLTV/3/224/3221227668/index.m3u8?icpid=3&RTS=1674380318&from=40&popid=40&hms_devid=2040&prioritypopid=40&vqe=3, IPv_Type: ipv6, Location: 中国, ISP: 中国移动, Date: None, Delay: 0.1 ms, Speed: inf M/s, Resolution: 1920x1080
Name: 江苏卫视, URL: http://[2409:8087:2001:20:2800:0:df6e:eb13]:80/wh7f454c46tw204459999_1563573197/ott.mobaibox.com/PLTV/3/224/3221228097/index.m3u8?icpid=3&RTS=1674380319&from=40&popid=40&hms_devid=2112&prioritypopid=40&vqe=3, IPv_Type: ipv6, Location: 中国, ISP: 中国移动, Date: None, Delay: 0.1 ms, Speed: inf M/s, Resolution: 1920x1080
Name: 江苏卫视, URL: http://[2409:8087:1e03:21::42]:6610/cms001/ch00000090990000001033/index.m3u8, IPv_Type: ipv6, Location: 中国, ISP: 中国移动, Date: None, Delay: 0.1 ms, Speed: inf M/s, Resolution: 1920x1080
Name: 江苏卫视, URL: http://[2409:8087:2001:20:2800:0:df6e:eb26]:80/wh7f454c46tw1548387171_1294672253/ott.mobaibox.com/PLTV/3/224/3221228306/index.m3u8?icpid=3&RTS=1674385958&from=40&popid=40&hms_devid=2293&prioritypopid=40&vqe=3, IPv_Type: ipv6, Location: 中国, ISP: 中国移动, Date: None, Delay: 0.1 ms, Speed: inf M/s, Resolution: 1920x1080
Name: 江苏卫视, URL: http://[2409:8087:5e01:34::38]:6610/ZTE_CMS/00000001000000060000000000000177/index.m3u8, IPv_Type: ipv6, Location: 中国, ISP: 中国移动, Date: None, Delay: 0.1 ms, Speed: inf M/s, Resolution: 1920x1080
Name: 江苏卫视, URL: http://[2409:8087:5e01:34::38]:6610/ZTE_CMS/00000001000000060000000000000177/index.m3u8?, IPv_Type: ipv6, Location: 中国, ISP: 中国移动, Date: None, Delay: 0.1 ms, Speed: inf M/s, Resolution: 1920x1080
Name: 江苏卫视, URL: http://[2409:8087:4c0a:22:1::11]:6410/170000001115/UmaiCHAN111129BESTVSMGSMG/index.m3u8?m3u8_level=2, IPv_Type: ipv6, Location: 中国, ISP: 中国移动, Date: None, Delay: 0.1 ms, Speed: inf M/s, Resolution: 1920x1080
Name: 江苏卫视, URL: http://[2409:8087:5e00:24::1f]:6060/ZTE_CMS/00000001000000060000000000000177/index.m3u8, IPv_Type: ipv6, Location: 中国, ISP: 中国移动, Date: None, Delay: 0.1 ms, Speed: inf M/s, Resolution: 1920x1080
Name: 江苏卫视, URL: http://[2409:8087:5e01:34::23]:6610/ZTE_CMS/00000001000000060000000000000177/index.m3u8?IAS, IPv_Type: ipv6, Location: 中国, ISP: 中国移动, Date: None, Delay: 0.1 ms, Speed: inf M/s, Resolution: 1920x1080
Name: 江苏卫视, URL: http://[2409:8087:5e01:34::20]:6610/ZTE_CMS/00000001000000060000000000000177/index.m3u8?IAS, IPv_Type: ipv6, Location: 中国, ISP: 中国移动, Date: None, Delay: 0.1 ms, Speed: inf M/s, Resolution: 1920x1080
Name: 江苏卫视, URL: http://[2409:8087:5e01:34::20]:6610/ZTE_CMS/00000001000000060000000000000177/index.m3u8?key=tvbox6_com, IPv_Type: ipv6, Location: 中国, ISP: 中国移动, Date: None, Delay: 0.1 ms, Speed: inf M/s, Resolution: 1920x1080
Name: 江苏卫视, URL: http://[2409:8087:5e01:34::22]:6610/ZTE_CMS/00000001000000060000000000000177/index.m3u8?IAS, IPv_Type: ipv6, Location: 中国, ISP: 中国移动, Date: None, Delay: 0.1 ms, Speed: inf M/s, Resolution: 1920x1080
Name: 江苏卫视, URL: http://[2409:8087:5e01:34::21]:6610/ZTE_CMS/00000001000000060000000000000177/index.m3u8?IAS, IPv_Type: ipv6, Location: 中国, ISP: 中国移动, Date: None, Delay: 0.1 ms, Speed: inf M/s, Resolution: 1920x1080
Name: 江苏卫视, URL: http://[2409:8087:4c0a:22:1::11]:6410/170000001115/UmaiCHAN111129BESTVSMGSMG/index.m3u8?AuthInfo=9kOOdBn7MFF%2F2bWjKgahUcGtOwREJFyiNDdTdcs12AwwoDIwMxbrlyyVy9x6ZDKnBkF6L%2FLitKpXlc5tHW6%2BFmFsnQjgK5quHb1RYo8bFps, IPv_Type: ipv6, Location: 中国, ISP: 中国移动, Date: None, Delay: 0.1 ms, Speed: inf M/s, Resolution: 1920x1080
Name: 江苏卫视, URL: http://[2409:8087:1a01:df::4077]/ottrrs.hl.chinamobile.com/yinhe/88888888/224/3221226310/index.m3u8, IPv_Type: ipv6, Location: 中国, ISP: 中国移动, Date: None, Delay: 0.1 ms, Speed: inf M/s, Resolution: 1920x1080
Name: 江苏卫视, URL: http://[2409:8087:1a01:df::4077]:80/ottrrs.hl.chinamobile.com/yinhe/88888888/224/3221226310/index.m3u8, IPv_Type: ipv6, Location: 中国, ISP: 中国移动, Date: None, Delay: 0.1 ms, Speed: inf M/s, Resolution: 1920x1080
Name: 江苏卫视, URL: http://dbiptv.sn.chinamobile.com/PLTV/88888890/224/3221226200/index.m3u8, IPv_Type: ipv6, Location: 中国, ISP: 中国移动, Date: None, Delay: 0.1 ms, Speed: inf M/s, Resolution: 1920x1080
Name: 江苏卫视, URL: http://[2409:8087:2001:20:2800:0:df6e:eb12]/wh7f454c46tw2983110475_-1591539074/ott.mobaibox.com/PLTV/3/224/3221228097/index.m3u8?icpid=3&RTS=1668597777&from=40&popid=40&hms_devid=2112&prioritypopid=40&vqe=3, IPv_Type: ipv6, Location: 中国, ISP: 中国移动, Date: None, Delay: 0.1 ms, Speed: inf M/s, Resolution: 1920x1080
Name: 江苏卫视, URL: http://[2409:8087:1e03:21::2]:6060/cms001/ch00000090990000001033/index.m3u8, IPv_Type: ipv6, Location: 中国, ISP: 中国移动, Date: None, Delay: 0.1 ms, Speed: inf M/s, Resolution: 1920x1080
Name: 江苏卫视, URL: http://[2409:8087:3428:20:500::100f]:6610/PLTV/88888888/224/3221227160/index.m3u8?servicetype=1&IASHttpSessionId=RR423820220409134714119178, IPv_Type: ipv6, Location: 中国, ISP: 中国移动, Date: None, Delay: 0.1 ms, Speed: inf M/s, Resolution: 1920x1080
Name: 江苏卫视, URL: http://[2409:8087:3428:20:500::1009]:6610/PLTV/88888888/224/3221227160/index.m3u8?servicetype=1&IASHttpSessionId=RR423820220409134714119178, IPv_Type: ipv6, Location: 中国, ISP: 中国移动, Date: None, Delay: 0.1 ms, Speed: inf M/s, Resolution: 1920x1080
Name: 江苏卫视, URL: http://[2409:8087:2001:20:2800:0:df6e:eb03]:80/wh7f454c46tw1547508542_-1029566303/ott.mobaibox.com/PLTV/3/224/3221227689/index.m3u8?icpid=3&RTS=1674385957&from=40&popid=40&hms_devid=2039&prioritypopid=40&vqe=3, IPv_Type: ipv6, Location: 中国, ISP: 中国移动, Date: None, Delay: 0.1 ms, Speed: inf M/s, Resolution: 1920x1080
Name: 江苏卫视, URL: http://[2409:8087:2001:20:2800:0:df6e:eb17]:80/wh7f454c46tw1750987702_300512219/ott.mobaibox.com/PLTV/3/224/3221227552/index.m3u8?icpid=3&RTS=1674386161&from=40&popid=40&hms_devid=2114&prioritypopid=40&vqe=3, IPv_Type: ipv6, Location: 中国, ISP: 中国移动, Date: None, Delay: 0.1 ms, Speed: inf M/s, Resolution: 1920x1080
Name: 江苏卫视, URL: http://[2409:8087:74f0:22::6]:6410/270000001128/9900000524/index.m3u8, IPv_Type: ipv6, Location: 中国, ISP: 中国移动, Date: None, Delay: 0.1 ms, Speed: inf M/s, Resolution: 1920x1080
Name: 江苏卫视, URL: http://[2409:8087:1a01:df::7005]/ottrrs.hl.chinamobile.com/PLTV/88888888/224/3221226310/index.m3u8, IPv_Type: ipv6, Location: 中国, ISP: 中国移动, Date: None, Delay: 0.1 ms, Speed: inf M/s, Resolution: 1920x1080
Name: 江苏卫视, URL: http://[2409:8087:1a01:df::7005]:80/ottrrs.hl.chinamobile.com/PLTV/88888888/224/3221226310/index.m3u8, IPv_Type: ipv6, Location: 中国, ISP: 中国移动, Date: None, Delay: 0.1 ms, Speed: inf M/s, Resolution: 1920x1080
Name: 江苏卫视, URL: http://[2409:8087:5e00:24::1e]:6060/200000001898/460000089800010059/1.m3u8, IPv_Type: ipv6, Location: 中国, ISP: 中国移动, Date: None, Delay: 0.1 ms, Speed: inf M/s, Resolution: 1920x1080
Name: 江苏卫视, URL: http://[2409:8087:8:21::18]:6610/otttv.bj.chinamobile.com/PLTV/88888888/224/3221226897/1.m3u8?GuardEncType=2&accountinfo=%7E%7EV2.0%7E0BmO6uHF7WFoTed__Xr3NQ%7EtP4-l0lmSfjwLWEfK_el1vH_mv-s1zo4AQJwdedaVwG9xkuFTDg8J26cwOrNJzn20BErrHdLhuZ9EzLUCD3PMW-OMx4MGteHV2vLeW6BqoY%2CEND, IPv_Type: ipv6, Location: 中国, ISP: 中国移动, Date: None, Delay: -1 ms, Speed: 0.00 M/s, Resolution: None
Name: 江苏卫视, URL: http://[2409:8087:3869:8021:1001::e5]:6610/PLTV/88888910/224/3221225702/index.m3u8, IPv_Type: ipv6, Location: 中国, ISP: 中国移动, Date: None, Delay: -1 ms, Speed: 0.00 M/s, Resolution: None
Name: 江苏卫视, URL: http://[2409:8087:3869:8021:1001::e5]:6610/PLTV/88888888/224/3221225743/2/index.m3u8, IPv_Type: ipv6, Location: 中国, ISP: 中国移动, Date: None, Delay: -1 ms, Speed: 0.00 M/s, Resolution: None
Name: 江苏卫视, URL: http://rrs01.hw.gmcc.net:8088/PLTV/81/224/3221226692/1.m3u8, IPv_Type: ipv6, Location: 中国, ISP: 中国移动, Date: None, Delay: -1 ms, Speed: 0.00 M/s, Resolution: None
Name: 江苏卫视, URL: https://cc06.tv12.xyz/61.m3u8, IPv_Type: ipv6, Location: 美国, ISP: CloudFlare Inc., Date: None, Delay: -1 ms, Speed: 0.00 M/s, Resolution: None
Name: 江西卫视, URL: http://php.jdshipin.com/TVOD/hnyd.php?id=200000001898/460000089800010060, IPv_Type: ipv6, Location: 美国, ISP: CloudFlare Inc., Date: None, Delay: 0.1 ms, Speed: inf M/s, Resolution: 1920x1080
Name: 江西卫视, URL: http://iptv.huuc.edu.cn/hls/jxhd.m3u8, IPv_Type: ipv6, Location: 中国, ISP: 教育网, Date: None, Delay: 0.1 ms, Speed: inf M/s, Resolution: 1920x1080
Name: 江西卫视, URL: http://[2409:8087:1a01:df::4027]:80/TVOD/88888888/224/3221225935/main.m3u8, IPv_Type: ipv6, Location: 中国, ISP: 中国移动, Date: None, Delay: 0.1 ms, Speed: inf M/s, Resolution: 1920x1080
Name: 江西卫视, URL: http://[2409:8087:1a0a:df::404b]/ottrrs.hl.chinamobile.com/TVOD/88888888/224/3221226344/index.m3u8, IPv_Type: ipv6, Location: 中国, ISP: 中国移动, Date: None, Delay: 0.1 ms, Speed: inf M/s, Resolution: 1920x1080
Name: 江西卫视, URL: http://[2409:8087:1a01:df::4077]/ottrrs.hl.chinamobile.com/PLTV/88888888/8/3221226504/index.m3u8, IPv_Type: ipv6, Location: 中国, ISP: 中国移动, Date: None, Delay: 0.1 ms, Speed: inf M/s, Resolution: 1920x1080
Name: 江西卫视, URL: http://[2409:8087:1a01:df::4077]:80/ottrrs.hl.chinamobile.com/PLTV/88888888/8/3221226504/index.m3u8, IPv_Type: ipv6, Location: 中国, ISP: 中国移动, Date: None, Delay: 0.1 ms, Speed: inf M/s, Resolution: 1920x1080
Name: 江西卫视, URL: http://[2409:8087:1a01:df::4077]:80/ottrrs.hl.chinamobile.com/PLTV/88888888/224/3221226344/index.m3u8, IPv_Type: ipv6, Location: 中国, ISP: 中国移动, Date: None, Delay: 0.1 ms, Speed: inf M/s, Resolution: 1920x1080
Name: 江西卫视, URL: http://[2409:8087:1a01:df::4077]/ottrrs.hl.chinamobile.com/PLTV/88888888/224/3221226344/index.m3u8, IPv_Type: ipv6, Location: 中国, ISP: 中国移动, Date: None, Delay: 0.1 ms, Speed: inf M/s, Resolution: 1920x1080
Name: 江西卫视, URL: http://[2409:8087:1a01:df::4077]/ottrrs.hl.chinamobile.com/yinhe/88888888/224/3221226344/index.m3u8, IPv_Type: ipv6, Location: 中国, ISP: 中国移动, Date: None, Delay: 0.1 ms, Speed: inf M/s, Resolution: 1920x1080
Name: 江西卫视, URL: http://[2409:8087:1a01:df::4077]/ottrrs.hl.chinamobile.com/PLTV/88888888/8/3221226344/index.m3u8, IPv_Type: ipv6, Location: 中国, ISP: 中国移动, Date: None, Delay: 0.1 ms, Speed: inf M/s, Resolution: 1920x1080
Name: 江西卫视, URL: http://iptv.cdn.ha.chinamobile.com/PLTV/88888888/224/3221227226/index.m3u8, IPv_Type: ipv6, Location: 中国, ISP: 中国移动, Date: None, Delay: 0.1 ms, Speed: inf M/s, Resolution: 1920x1080
Name: 江西卫视, URL: http://yc.myds.me:35455/itv/1000000005000265032.m3u8?cdn=ystenlive, IPv_Type: ipv6, Location: 中国, ISP: 中国电信, Date: None, Delay: 0.1 ms, Speed: inf M/s, Resolution: 1920x1080
Name: 江西卫视, URL: http://nas.suntao.online:35455/itv/1000000006000268001.m3u8?cdn=ystenlive, IPv_Type: ipv6, Location: 中国, ISP: 中国联通, Date: None, Delay: 0.1 ms, Speed: inf M/s, Resolution: 1920x1080
Name: 江西卫视, URL: http://lu.wqwqwq.sbs/itv/1000000005000265032.m3u8?cdn=ystenlive, IPv_Type: ipv6, Location: 美国, ISP: CloudFlare Inc., Date: None, Delay: 0.1 ms, Speed: inf M/s, Resolution: 1920x1080
Name: 江西卫视, URL: http://hwrr.jx.chinamobile.com:8080/PLTV/88888888/224/3221225492/index.m3u8?fmt=ts2hls, IPv_Type: ipv6, Location: 中国, ISP: 中国移动, Date: None, Delay: 0.1 ms, Speed: inf M/s, Resolution: 1920x1080
Name: 江西卫视, URL: http://[2409:8087:2001:20:2800:0:df6e:eb17]:80/ott.mobaibox.com/PLTV/4/224/3221228109/index.m3u8, IPv_Type: ipv6, Location: 中国, ISP: 中国移动, Date: None, Delay: 0.1 ms, Speed: inf M/s, Resolution: 1920x1080
Name: 江西卫视, URL: http://[2409:8087:3428:20:500::100f]:6610/PLTV/88888888/224/3221227209/index.m3u8?servicetype=1&IASHttpSessionId=RR423820220409134714119178, IPv_Type: ipv6, Location: 中国, ISP: 中国移动, Date: None, Delay: 0.1 ms, Speed: inf M/s, Resolution: 1920x1080
Name: 江西卫视, URL: http://[2409:8087:3428:20:500::1009]:6610/PLTV/88888888/224/3221227209/index.m3u8?servicetype=1&IASHttpSessionId=RR423820220409134714119178, IPv_Type: ipv6, Location: 中国, ISP: 中国移动, Date: None, Delay: 0.1 ms, Speed: inf M/s, Resolution: 1920x1080
Name: 江西卫视, URL: http://[2409:8087:2001:20:2800:0:df6e:eb04]:80/wh7f454c46tw2054416167_-1997643209/ott.mobaibox.com/PLTV/3/224/3221225536/index.m3u8?icpid=3&RTS=1674386464&from=40&popid=40&hms_devid=2041&prioritypopid=40&vqe=3, IPv_Type: ipv6, Location: 中国, ISP: 中国移动, Date: None, Delay: 0.1 ms, Speed: inf M/s, Resolution: 1920x1080
Name: 江西卫视, URL: http://[2409:8087:2001:20:2800:0:df6e:eb0c]:80/wh7f454c46tw1751397903_-1568649182/ott.mobaibox.com/PLTV/3/224/3221227738/index.m3u8?icpid=3&RTS=1674386161&from=40&popid=40&hms_devid=2040&prioritypopid=40&vqe=3, IPv_Type: ipv6, Location: 中国, ISP: 中国移动, Date: None, Delay: 0.1 ms, Speed: inf M/s, Resolution: 1920x1080
Name: 江西卫视, URL: http://[2409:8087:4c0a:22:1::11]:6410/170000001115/UmaiCHAN3468921BESTVSMGSMG/index.m3u8?m3u8_level=2, IPv_Type: ipv6, Location: 中国, ISP: 中国移动, Date: None, Delay: 0.1 ms, Speed: inf M/s, Resolution: 1920x1080
Name: 江西卫视, URL: http://[2409:8087:5e01:34::38]:6610/ZTE_CMS/00000001000000060000000000000522/index.m3u8, IPv_Type: ipv6, Location: 中国, ISP: 中国移动, Date: None, Delay: 0.1 ms, Speed: inf M/s, Resolution: 1920x1080
Name: 江西卫视, URL: http://[2409:8087:5e01:34::38]:6610/ZTE_CMS/00000001000000060000000000000522/index.m3u8?, IPv_Type: ipv6, Location: 中国, ISP: 中国移动, Date: None, Delay: 0.1 ms, Speed: inf M/s, Resolution: 1920x1080
Name: 江西卫视, URL: http://[2409:8087:5e01:34::20]:6610/ZTE_CMS/00000001000000060000000000000522/index.m3u8?IAS, IPv_Type: ipv6, Location: 中国, ISP: 中国移动, Date: None, Delay: 0.1 ms, Speed: inf M/s, Resolution: 1920x1080
Name: 江西卫视, URL: http://[2409:8087:5e01:34::22]:6610/ZTE_CMS/00000001000000060000000000000522/index.m3u8?IAS, IPv_Type: ipv6, Location: 中国, ISP: 中国移动, Date: None, Delay: 0.1 ms, Speed: inf M/s, Resolution: 1920x1080
Name: 江西卫视, URL: http://[2409:8087:5e01:34::21]:6610/ZTE_CMS/00000001000000060000000000000522/index.m3u8?IAS, IPv_Type: ipv6, Location: 中国, ISP: 中国移动, Date: None, Delay: 0.1 ms, Speed: inf M/s, Resolution: 1920x1080
Name: 江西卫视, URL: http://[2409:8087:1a0b:df::4020]:80/ottrrs.hl.chinamobile.com/PLTV/88888888/224/3221226344/index.m3u8, IPv_Type: ipv6, Location: 中国, ISP: 中国移动, Date: None, Delay: 0.1 ms, Speed: inf M/s, Resolution: 1920x1080
Name: 江西卫视, URL: http://[2409:8087:5e01:34::21]:6610/ZTE_CMS/00000001000000060000000000000522/index.m3u8?key=tvbox6_com, IPv_Type: ipv6, Location: 中国, ISP: 中国移动, Date: None, Delay: 0.1 ms, Speed: inf M/s, Resolution: 1920x1080
Name: 江西卫视, URL: http://[2409:8087:4c0a:22:1::11]:6410/170000001115/UmaiCHAN3468921BESTVSMGSMG/index.m3u8?AuthInfo=9kOOdBn7MFF%2F2bWjKgahUXW3f2sUwP9Bgt6tJshUHYl6RFrn%2FfItZOLbXLG9CvVKOn3P%2BbRKDON3XQg2p1czePDS4wR7j8ZW2%2BKTcTUdq9I, IPv_Type: ipv6, Location: 中国, ISP: 中国移动, Date: None, Delay: 0.1 ms, Speed: inf M/s, Resolution: 1920x1080
Name: 江西卫视, URL: http://[2409:8087:5e01:34::23]:6610/ZTE_CMS/00000001000000060000000000000522/index.m3u8?IAS, IPv_Type: ipv6, Location: 中国, ISP: 中国移动, Date: None, Delay: 0.1 ms, Speed: inf M/s, Resolution: 1920x1080
Name: 江西卫视, URL: http://[2409:8087:1a01:df::4077]:80/ottrrs.hl.chinamobile.com/PLTV/88888888/8/3221226344/index.m3u8, IPv_Type: ipv6, Location: 中国, ISP: 中国移动, Date: None, Delay: 0.1 ms, Speed: inf M/s, Resolution: 1920x1080
Name: 江西卫视, URL: http://[2409:8087:1a01:df::4077]:80/ottrrs.hl.chinamobile.com/yinhe/88888888/224/3221226344/index.m3u8, IPv_Type: ipv6, Location: 中国, ISP: 中国移动, Date: None, Delay: 0.1 ms, Speed: inf M/s, Resolution: 1920x1080
Name: 江西卫视, URL: http://[2409:8087:2001:20:2800:0:df6e:eb17]/wh7f454c46tw1965546073_-1364170119/ott.mobaibox.com/PLTV/3/224/3221228109/index.m3u8?icpid=3&RTS=1669700566&from=40&popid=40&hms_devid=2114&prioritypopid=40&vqe=3, IPv_Type: ipv6, Location: 中国, ISP: 中国移动, Date: None, Delay: 0.1 ms, Speed: inf M/s, Resolution: 1920x1080
Name: 江西卫视, URL: http://[2409:8087:1e03:21::2]:6060/cms001/ch00000090990000001034/index.m3u8, IPv_Type: ipv6, Location: 中国, ISP: 中国移动, Date: None, Delay: 0.1 ms, Speed: inf M/s, Resolution: 1920x1080
Name: 江西卫视, URL: http://[2409:8087:3428:20:500::100f]:6610/PLTV/88888888/224/3221225834/index.m3u8?servicetype=1&IASHttpSessionId=RR423820220409134714119178, IPv_Type: ipv6, Location: 中国, ISP: 中国移动, Date: None, Delay: 0.1 ms, Speed: inf M/s, Resolution: 1920x1080
Name: 江西卫视, URL: http://[2409:8087:3428:20:500::1009]:6610/PLTV/88888888/224/3221225834/index.m3u8?servicetype=1&IASHttpSessionId=RR423820220409134714119178, IPv_Type: ipv6, Location: 中国, ISP: 中国移动, Date: None, Delay: 0.1 ms, Speed: inf M/s, Resolution: 1920x1080
Name: 江西卫视, URL: http://[2409:8087:1e03:21::42]:6610/cms001/ch00000090990000001034/index.m3u8, IPv_Type: ipv6, Location: 中国, ISP: 中国移动, Date: None, Delay: 0.1 ms, Speed: inf M/s, Resolution: 1920x1080
Name: 江西卫视, URL: http://[2409:8087:74f0:22::4]:6610/270000001128/9900000525/index.m3u8, IPv_Type: ipv6, Location: 中国, ISP: 中国移动, Date: None, Delay: 0.1 ms, Speed: inf M/s, Resolution: 1920x1080
Name: 江西卫视, URL: http://[2409:8087:1a01:df::7005]:80/ottrrs.hl.chinamobile.com/PLTV/88888888/224/3221226344/index.m3u8, IPv_Type: ipv6, Location: 中国, ISP: 中国移动, Date: None, Delay: 0.1 ms, Speed: inf M/s, Resolution: 1920x1080
Name: 江西卫视, URL: http://[2409:8087:1a01:df::7005]/ottrrs.hl.chinamobile.com/PLTV/88888888/224/3221226344/index.m3u8, IPv_Type: ipv6, Location: 中国, ISP: 中国移动, Date: None, Delay: 0.1 ms, Speed: inf M/s, Resolution: 1920x1080
Name: 江西卫视, URL: http://[2409:8087:5e00:24::1e]:6060/200000001898/460000089800010060/1.m3u8, IPv_Type: ipv6, Location: 中国, ISP: 中国移动, Date: None, Delay: 0.1 ms, Speed: inf M/s, Resolution: 1920x1080
Name: 江西卫视, URL: http://[2409:8087:3869:8021:1001::e5]:6610/PLTV/88888888/224/3221225705/2/index.m3u8, IPv_Type: ipv6, Location: 中国, ISP: 中国移动, Date: None, Delay: -1 ms, Speed: 0.00 M/s, Resolution: None
Name: 江西卫视, URL: http://[2409:8087:3869:8021:1001::e5]:6610/PLTV/88888888/224/3221225492/2/index.m3u8, IPv_Type: ipv6, Location: 中国, ISP: 中国移动, Date: None, Delay: -1 ms, Speed: 0.00 M/s, Resolution: None
Name: 江西卫视, URL: http://[2409:8087:3869:8021:1001::e5]:6610/PLTV/88888888/224/3221225746/2/index.m3u8, IPv_Type: ipv6, Location: 中国, ISP: 中国移动, Date: None, Delay: -1 ms, Speed: 0.00 M/s, Resolution: None
Name: 江西卫视, URL: http://rrs01.hw.gmcc.net:8088/PLTV/81/224/3221226726/1.m3u8, IPv_Type: ipv6, Location: 中国, ISP: 中国移动, Date: None, Delay: -1 ms, Speed: 0.00 M/s, Resolution: None
Name: 江西卫视, URL: https://migu.188766.xyz/?migutoken=ec5db662362dfc44c29d19ebabd3b6f7&id=%E6%B1%9F%E8%A5%BF%E5%8D%AB%E8%A7%86&pp=1, IPv_Type: ipv6, Location: 美国, ISP: CloudFlare Inc., Date: None, Delay: -1 ms, Speed: 0.00 M/s, Resolution: None
Name: 江西卫视, URL: http://[2409:8087:8:21::18]:6610/otttv.bj.chinamobile.com/PLTV/88888888/224/3221226533/1.m3u8, IPv_Type: ipv6, Location: 中国, ISP: 中国移动, Date: None, Delay: -1 ms, Speed: 0.00 M/s, Resolution: None
Name: 江西卫视, URL: https://cc06.tv12.xyz/62.m3u8, IPv_Type: ipv6, Location: 美国, ISP: CloudFlare Inc., Date: None, Delay: -1 ms, Speed: 0.00 M/s, Resolution: None
Name: 江西卫视, URL: http://[2409:8087:8:21::18]:6610/otttv.bj.chinamobile.com/PLTV/88888888/224/3221226956/1.m3u8?GuardEncType=2&accountinfo=%7E%7EV2.0%7Ei6ZIpVizXlewg-YfGvH8dA%7EtP4-l0lmSfjwLWEfK_el1vH_mv-s1zo4AQJwdedaVwG9xkuFTDg8J26cwOrNJzn20BErrHdLhuZ9EzLUCD3PMW-OMx4MGteHV2vLeW6BqoY%2CEND, IPv_Type: ipv6, Location: 中国, ISP: 中国移动, Date: None, Delay: -1 ms, Speed: 0.00 M/s, Resolution: None
Name: 辽宁卫视, URL: http://php.jdshipin.com/TVOD/hljyd.php?id=3221226546, IPv_Type: ipv6, Location: 美国, ISP: CloudFlare Inc., Date: None, Delay: 0.1 ms, Speed: inf M/s, Resolution: 1920x1080
Name: 辽宁卫视, URL: http://iptv.huuc.edu.cn/hls/lnhd.m3u8, IPv_Type: ipv6, Location: 中国, ISP: 教育网, Date: None, Delay: 0.1 ms, Speed: inf M/s, Resolution: 1920x1080
Name: 辽宁卫视, URL: http://[2409:8087:1a0a:df::404b]/ottrrs.hl.chinamobile.com/TVOD/88888888/224/3221226546/index.m3u8, IPv_Type: ipv6, Location: 中国, ISP: 中国移动, Date: None, Delay: 0.1 ms, Speed: inf M/s, Resolution: 1920x1080
Name: 辽宁卫视, URL: http://[2409:8087:1a01:df::4077]/ottrrs.hl.chinamobile.com/PLTV/88888888/8/3221226254/index.m3u8, IPv_Type: ipv6, Location: 中国, ISP: 中国移动, Date: None, Delay: 0.1 ms, Speed: inf M/s, Resolution: 1920x1080
Name: 辽宁卫视, URL: http://[2409:8087:8:21::18]:6610/otttv.bj.chinamobile.com/PLTV/88888888/224/3221226327/1.m3u8, IPv_Type: ipv6, Location: 中国, ISP: 中国移动, Date: None, Delay: 0.1 ms, Speed: inf M/s, Resolution: 1920x1080
Name: 辽宁卫视, URL: http://[2409:8087:8:21::18]:6610/otttv.bj.chinamobile.com/PLTV/88888888/224/3221226336/1.m3u8, IPv_Type: ipv6, Location: 中国, ISP: 中国移动, Date: None, Delay: 0.1 ms, Speed: inf M/s, Resolution: 1920x1080
Name: 辽宁卫视, URL: http://[2409:8087:8:21::18]:6610/otttv.bj.chinamobile.com/PLTV/88888888/224/3221226488/1.m3u8, IPv_Type: ipv6, Location: 中国, ISP: 中国移动, Date: None, Delay: 0.1 ms, Speed: inf M/s, Resolution: 1920x1080
Name: 辽宁卫视, URL: http://[2409:8087:8:21::18]:6610/otttv.bj.chinamobile.com/PLTV/88888888/224/3221226500/1.m3u8, IPv_Type: ipv6, Location: 中国, ISP: 中国移动, Date: None, Delay: 0.1 ms, Speed: inf M/s, Resolution: 1920x1080
Name: 辽宁卫视, URL: http://[2409:8087:3428:20:500::100f]:6610/PLTV/88888888/224/3221227141/index.m3u8?servicetype=1&IASHttpSessionId=RR423820220409134714119178, IPv_Type: ipv6, Location: 中国, ISP: 中国移动, Date: None, Delay: 0.1 ms, Speed: inf M/s, Resolution: 1920x1080
Name: 辽宁卫视, URL: http://[2409:8087:3428:20:500::1009]:6610/PLTV/88888888/224/3221227141/index.m3u8?servicetype=1&IASHttpSessionId=RR423820220409134714119178, IPv_Type: ipv6, Location: 中国, ISP: 中国移动, Date: None, Delay: 0.1 ms, Speed: inf M/s, Resolution: 1920x1080
Name: 辽宁卫视, URL: http://[2409:8087:1a01:df::4077]:80/ottrrs.hl.chinamobile.com/PLTV/88888888/8/3221226254/index.m3u8, IPv_Type: ipv6, Location: 中国, ISP: 中国移动, Date: None, Delay: 0.1 ms, Speed: inf M/s, Resolution: 1920x1080
Name: 辽宁卫视, URL: http://[2409:8087:2001:20:2800:0:df6e:eb17]:80/ott.mobaibox.com/PLTV/4/224/3221227485/index.m3u8, IPv_Type: ipv6, Location: 中国, ISP: 中国移动, Date: None, Delay: 0.1 ms, Speed: inf M/s, Resolution: 1920x1080
Name: 辽宁卫视, URL: http://yc.myds.me:35455/itv/5000000004000011671.m3u8?cdn=bestzb, IPv_Type: ipv6, Location: 中国, ISP: 中国电信, Date: None, Delay: 0.1 ms, Speed: inf M/s, Resolution: 1920x1080
Name: 辽宁卫视, URL: http://nas.suntao.online:35455/itv/5000000004000011671.m3u8?cdn=bestzb, IPv_Type: ipv6, Location: 中国, ISP: 中国联通, Date: None, Delay: 0.1 ms, Speed: inf M/s, Resolution: 1920x1080
Name: 辽宁卫视, URL: http://iptv.cdn.ha.chinamobile.com/PLTV/88888888/224/3221227236/index.m3u8, IPv_Type: ipv6, Location: 中国, ISP: 中国移动, Date: None, Delay: 0.1 ms, Speed: inf M/s, Resolution: 1920x1080
Name: 辽宁卫视, URL: http://lu.wqwqwq.sbs/itv/1000000005000265022.m3u8?cdn=ystenlive, IPv_Type: ipv6, Location: 美国, ISP: CloudFlare Inc., Date: None, Delay: 0.1 ms, Speed: inf M/s, Resolution: 1920x1080
Name: 辽宁卫视, URL: http://dbiptv.sn.chinamobile.com/PLTV/88888888/224/3221226201/1.m3u8, IPv_Type: ipv6, Location: 中国, ISP: 中国移动, Date: None, Delay: 0.1 ms, Speed: inf M/s, Resolution: 1920x1080
Name: 辽宁卫视, URL: http://hwrr.jx.chinamobile.com:8080/PLTV/88888888/224/3221225601/index.m3u8?fmt=ts2hls, IPv_Type: ipv6, Location: 中国, ISP: 中国移动, Date: None, Delay: 0.1 ms, Speed: inf M/s, Resolution: 1920x1080
Name: 辽宁卫视, URL: http://[2409:8087:3428:20:500::100f]:6610/PLTV/88888888/224/3221225832/index.m3u8?servicetype=1&IASHttpSessionId=RR423820220409134714119178, IPv_Type: ipv6, Location: 中国, ISP: 中国移动, Date: None, Delay: 0.1 ms, Speed: inf M/s, Resolution: 1920x1080
Name: 辽宁卫视, URL: http://[2409:8087:3428:20:500::1009]:6610/PLTV/88888888/224/3221225832/index.m3u8?servicetype=1&IASHttpSessionId=RR423820220409134714119178, IPv_Type: ipv6, Location: 中国, ISP: 中国移动, Date: None, Delay: 0.1 ms, Speed: inf M/s, Resolution: 1920x1080
Name: 辽宁卫视, URL: http://[2409:8087:2001:20:2800:0:df6e:eb0c]:80/wh7f454c46tw1932285680_928895632/ott.mobaibox.com/PLTV/3/224/3221227676/index.m3u8?icpid=3&RTS=1674386342&from=40&popid=40&hms_devid=2040&prioritypopid=40&vqe=3, IPv_Type: ipv6, Location: 中国, ISP: 中国移动, Date: None, Delay: 0.1 ms, Speed: inf M/s, Resolution: 1920x1080
Name: 辽宁卫视, URL: http://[2409:8087:2001:20:2800:0:df6e:eb02]:80/wh7f454c46tw1932493433_-7314784/ott.mobaibox.com/PLTV/3/224/3221227700/index.m3u8?icpid=3&RTS=1674386342&from=40&popid=40&hms_devid=2039&prioritypopid=40&vqe=3, IPv_Type: ipv6, Location: 中国, ISP: 中国移动, Date: None, Delay: 0.1 ms, Speed: inf M/s, Resolution: 1920x1080
Name: 辽宁卫视, URL: http://[2409:8087:2001:20:2800:0:df6e:eb10]:80/wh7f454c46tw514415942_-407592699/ott.mobaibox.com/PLTV/3/224/3221228162/index.m3u8?icpid=3&RTS=1674380629&from=40&popid=40&hms_devid=2110&prioritypopid=40&vqe=3, IPv_Type: ipv6, Location: 中国, ISP: 中国移动, Date: None, Delay: 0.1 ms, Speed: inf M/s, Resolution: 1920x1080
Name: 辽宁卫视, URL: http://[2409:8087:1e03:21::42]:6610/cms001/ch00000090990000001035/index.m3u8, IPv_Type: ipv6, Location: 中国, ISP: 中国移动, Date: None, Delay: 0.1 ms, Speed: inf M/s, Resolution: 1920x1080
Name: 辽宁卫视, URL: http://[2409:8087:4c0a:22:1::11]:6410/170000001115/UmaiCHAN3450001BESTVSMGSMG/index.m3u8?m3u8_level=2, IPv_Type: ipv6, Location: 中国, ISP: 中国移动, Date: None, Delay: 0.1 ms, Speed: inf M/s, Resolution: 1920x1080
Name: 辽宁卫视, URL: http://[2409:8087:5e01:34::38]:6610/ZTE_CMS/00000001000000060000000000000367/index.m3u8, IPv_Type: ipv6, Location: 中国, ISP: 中国移动, Date: None, Delay: 0.1 ms, Speed: inf M/s, Resolution: 1920x1080
Name: 辽宁卫视, URL: http://[2409:8087:5e01:34::38]:6610/ZTE_CMS/00000001000000060000000000000367/index.m3u8?, IPv_Type: ipv6, Location: 中国, ISP: 中国移动, Date: None, Delay: 0.1 ms, Speed: inf M/s, Resolution: 1920x1080
Name: 辽宁卫视, URL: http://[2409:8087:5e00:24::1e]:6060/200000001898/460000089800010061/1.m3u8, IPv_Type: ipv6, Location: 中国, ISP: 中国移动, Date: None, Delay: 0.1 ms, Speed: inf M/s, Resolution: 1920x1080
Name: 辽宁卫视, URL: http://[2409:8087:5e01:34::22]:6610/ZTE_CMS/00000001000000060000000000000367/index.m3u8?IAS, IPv_Type: ipv6, Location: 中国, ISP: 中国移动, Date: None, Delay: 0.1 ms, Speed: inf M/s, Resolution: 1920x1080
Name: 辽宁卫视, URL: http://[2409:8087:5e01:34::21]:6610/ZTE_CMS/00000001000000060000000000000367/index.m3u8?IAS, IPv_Type: ipv6, Location: 中国, ISP: 中国移动, Date: None, Delay: 0.1 ms, Speed: inf M/s, Resolution: 1920x1080
Name: 辽宁卫视, URL: http://[2409:8087:5e01:34::20]:6610/ZTE_CMS/00000001000000060000000000000367/index.m3u8?IAS, IPv_Type: ipv6, Location: 中国, ISP: 中国移动, Date: None, Delay: 0.1 ms, Speed: inf M/s, Resolution: 1920x1080
Name: 辽宁卫视, URL: http://[2409:8087:5e01:34::23]:6610/ZTE_CMS/00000001000000060000000000000367/index.m3u8?IAS, IPv_Type: ipv6, Location: 中国, ISP: 中国移动, Date: None, Delay: 0.1 ms, Speed: inf M/s, Resolution: 1920x1080
Name: 辽宁卫视, URL: http://[2409:8087:5e01:34::22]:6610/ZTE_CMS/00000001000000060000000000000367/index.m3u8?key=tvbox6_com, IPv_Type: ipv6, Location: 中国, ISP: 中国移动, Date: None, Delay: 0.1 ms, Speed: inf M/s, Resolution: 1920x1080
Name: 辽宁卫视, URL: http://[2409:8087:4c0a:22:1::11]:6410/170000001115/UmaiCHAN3450001BESTVSMGSMG/index.m3u8?AuthInfo=9kOOdBn7MFF%2F2bWjKgahUZnlX6d6Ukio1jy49XlNnaV6RFrn%2FfItZOLbXLG9CvVKOdpK010CNswDEcoUF1v%2B2IMStPGOlRBQsPY%2BeXp9d3o, IPv_Type: ipv6, Location: 中国, ISP: 中国移动, Date: None, Delay: 0.1 ms, Speed: inf M/s, Resolution: 1920x1080
Name: 辽宁卫视, URL: http://dbiptv.sn.chinamobile.com/PLTV/88888890/224/3221226210/index.m3u8, IPv_Type: ipv6, Location: 中国, ISP: 中国移动, Date: None, Delay: 0.1 ms, Speed: inf M/s, Resolution: 1920x1080
Name: 辽宁卫视, URL: http://[2409:8087:1e03:21::42]:6610/cms001/ch00000090990000001035/index.m3u8?love=freedom, IPv_Type: ipv6, Location: 中国, ISP: 中国移动, Date: None, Delay: 0.1 ms, Speed: inf M/s, Resolution: 1920x1080
Name: 辽宁卫视, URL: http://[2409:8087:2001:20:2800:0:df6e:eb16]/wh7f454c46tw3102310989_-1844874138/ott.mobaibox.com/PLTV/3/224/3221227485/index.m3u8?icpid=3&RTS=1668597896&from=40&popid=40&hms_devid=2114&prioritypopid=40&vqe=3, IPv_Type: ipv6, Location: 中国, ISP: 中国移动, Date: None, Delay: 0.1 ms, Speed: inf M/s, Resolution: 1920x1080
Name: 辽宁卫视, URL: https://live.v1.mk/api/bestv.php?id=lnwshd8m/8000000, IPv_Type: ipv6, Location: 美国, ISP: CloudFlare Inc., Date: None, Delay: 0.1 ms, Speed: inf M/s, Resolution: 1920x1080
Name: 辽宁卫视, URL: http://[2409:8087:2001:20:2800:0:df6e:eb17]:80/wh7f454c46tw1753714405_1982208640/ott.mobaibox.com/PLTV/3/224/3221227485/index.m3u8?icpid=3&RTS=1674386164&from=40&popid=40&hms_devid=2114&prioritypopid=40&vqe=3, IPv_Type: ipv6, Location: 中国, ISP: 中国移动, Date: None, Delay: 0.1 ms, Speed: inf M/s, Resolution: 1920x1080
Name: 辽宁卫视, URL: http://[2409:8087:74f0:22::7]:6410/270000001128/9900000526/index.m3u8, IPv_Type: ipv6, Location: 中国, ISP: 中国移动, Date: None, Delay: 0.1 ms, Speed: inf M/s, Resolution: 1920x1080
Name: 辽宁卫视, URL: http://[2409:8087:1a01:df::7005]/ottrrs.hl.chinamobile.com/PLTV/88888888/224/3221226546/index.m3u8, IPv_Type: ipv6, Location: 中国, ISP: 中国移动, Date: None, Delay: 0.1 ms, Speed: inf M/s, Resolution: 1920x1080
Name: 辽宁卫视, URL: http://[2409:8087:1a01:df::7005]:80/ottrrs.hl.chinamobile.com/PLTV/88888888/224/3221226546/index.m3u8, IPv_Type: ipv6, Location: 中国, ISP: 中国移动, Date: None, Delay: 0.1 ms, Speed: inf M/s, Resolution: 1920x1080
Name: 辽宁卫视, URL: http://[2409:8087:3869:8021:1001::e5]:6610/PLTV/88888888/224/3221225726/2/index.m3u8, IPv_Type: ipv6, Location: 中国, ISP: 中国移动, Date: None, Delay: -1 ms, Speed: 0.00 M/s, Resolution: None
Name: 辽宁卫视, URL: http://[2409:8087:3869:8021:1001::e5]:6610/PLTV/88888888/224/3221225696/2/index.m3u8, IPv_Type: ipv6, Location: 中国, ISP: 中国移动, Date: None, Delay: -1 ms, Speed: 0.00 M/s, Resolution: None
Name: 辽宁卫视, URL: http://[2409:8087:3869:8021:1001::e5]:6610/PLTV/88888888/224/3221225735/2/index.m3u8, IPv_Type: ipv6, Location: 中国, ISP: 中国移动, Date: None, Delay: -1 ms, Speed: 0.00 M/s, Resolution: None
Name: 辽宁卫视, URL: http://[2409:8087:3869:8021:1001::e5]:6610/PLTV/88888910/224/3221225601/index.m3u8?fmt=ts2hls, IPv_Type: ipv6, Location: 中国, ISP: 中国移动, Date: None, Delay: -1 ms, Speed: 0.00 M/s, Resolution: None
Name: 辽宁卫视, URL: http://[2409:8087:8:21::18]:6610/otttv.bj.chinamobile.com/PLTV/88888888/224/3221226966/1.m3u8?GuardEncType=2&accountinfo=%7E%7EV2.0%7E6qJH8Fd-zgCGx3P-Ce86cA%7EtP4-l0lmSfjwLWEfK_el1vH_mv-s1zo4AQJwdedaVwG9xkuFTDg8J26cwOrNJzn20BErrHdLhuZ9EzLUCD3PMW-OMx4MGteHV2vLeW6BqoY%2CEND, IPv_Type: ipv6, Location: 中国, ISP: 中国移动, Date: None, Delay: -1 ms, Speed: 0.00 M/s, Resolution: None
Name: 辽宁卫视, URL: http://[2409:8087:3869:8021:1001::e5]:6610/PLTV/88888888/224/3221225601/2/index.m3u8, IPv_Type: ipv6, Location: 中国, ISP: 中国移动, Date: None, Delay: -1 ms, Speed: 0.00 M/s, Resolution: None
Name: 辽宁卫视, URL: http://rrs01.hw.gmcc.net:8088/PLTV/81/224/3221226689/1.m3u8, IPv_Type: ipv6, Location: 中国, ISP: 中国移动, Date: None, Delay: -1 ms, Speed: 0.00 M/s, Resolution: None
Name: 辽宁卫视, URL: https://cc06.tv12.xyz/70.m3u8, IPv_Type: ipv6, Location: 美国, ISP: CloudFlare Inc., Date: None, Delay: -1 ms, Speed: 0.00 M/s, Resolution: None
Name: 内蒙古卫视, URL: http://php.jdshipin.com/TVOD/hljyd.php?id=3221225634, IPv_Type: ipv6, Location: 美国, ISP: CloudFlare Inc., Date: None, Delay: 0.1 ms, Speed: inf M/s, Resolution: 1920x1080
Name: 内蒙古卫视, URL: http://ottrrs.hl.chinamobile.com/PLTV/88888888/224/3221225634/index.m3u8, IPv_Type: ipv6, Location: 中国, ISP: 中国移动, Date: None, Delay: 0.1 ms, Speed: inf M/s, Resolution: 1920x1080
Name: 内蒙古卫视, URL: http://[2409:8087:1a01:df::401a]:80/wh7f454c46tw3029083262_-802204014/ottrrs.hl.chinamobile.com/PLTV/88888888/224/3221225634/index.m3u8?icpid=88888888&RTS=1713969858&from=4&hms_devid=128&prioritypopid=4&online=1713969858&vqe=3, IPv_Type: ipv6, Location: 中国, ISP: 中国移动, Date: None, Delay: 0.1 ms, Speed: inf M/s, Resolution: 1920x1080
Name: 内蒙古卫视, URL: http://[2409:8087:1a01:df::7005]:80/ottrrs.hl.chinamobile.com/PLTV/88888888/224/3221225634/index.m3u8, IPv_Type: ipv6, Location: 中国, ISP: 中国移动, Date: None, Delay: 0.1 ms, Speed: inf M/s, Resolution: 1920x1080
Name: 内蒙古卫视, URL: http://[2409:8087:1a01:df::4077]/ottrrs.hl.chinamobile.com/PLTV/88888888/8/3221226389/index.m3u8, IPv_Type: ipv6, Location: 中国, ISP: 中国移动, Date: None, Delay: 0.1 ms, Speed: inf M/s, Resolution: 1920x1080
Name: 内蒙古卫视, URL: http://[2409:8087:8:21::18]:6610/otttv.bj.chinamobile.com/PLTV/88888888/224/3221226530/1.m3u8, IPv_Type: ipv6, Location: 中国, ISP: 中国移动, Date: None, Delay: 0.1 ms, Speed: inf M/s, Resolution: 1920x1080
Name: 内蒙古卫视, URL: http://[2409:8087:8:21::18]:6610/otttv.bj.chinamobile.com/PLTV/88888888/224/3221226919/1.m3u8, IPv_Type: ipv6, Location: 中国, ISP: 中国移动, Date: None, Delay: 0.1 ms, Speed: inf M/s, Resolution: 1920x1080
Name: 内蒙古卫视, URL: http://[2409:8087:1e03:21::2]:6060/cms001/ch00000090990000001068/index.m3u8, IPv_Type: ipv6, Location: 中国, ISP: 中国移动, Date: None, Delay: 0.1 ms, Speed: inf M/s, Resolution: 1920x1080
Name: 内蒙古卫视, URL: http://[2409:8087:3428:20:500::100f]:6610/PLTV/88888888/224/3221227244/index.m3u8?servicetype=1&IASHttpSessionId=RR423820220409134714119178, IPv_Type: ipv6, Location: 中国, ISP: 中国移动, Date: None, Delay: 0.1 ms, Speed: inf M/s, Resolution: 1920x1080
Name: 内蒙古卫视, URL: http://[2409:8087:3428:20:500::1009]:6610/PLTV/88888888/224/3221227244/index.m3u8?servicetype=1&IASHttpSessionId=RR423820220409134714119178, IPv_Type: ipv6, Location: 中国, ISP: 中国移动, Date: None, Delay: 0.1 ms, Speed: inf M/s, Resolution: 1920x1080
Name: 内蒙古卫视, URL: http://[2409:8087:2001:20:2800:0:df6e:eb19]:80/wh7f454c46tw2228825807_1324573507/ott.mobaibox.com/PLTV/3/224/3221227557/index.m3u8, IPv_Type: ipv6, Location: 中国, ISP: 中国移动, Date: None, Delay: 0.1 ms, Speed: inf M/s, Resolution: 1920x1080
Name: 内蒙古卫视, URL: http://[2409:8087:3428:20:500::100f]:6610/PLTV/88888888/224/3221225846/index.m3u8?servicetype=1&IASHttpSessionId=RR423820220409134714119178, IPv_Type: ipv6, Location: 中国, ISP: 中国移动, Date: None, Delay: 0.1 ms, Speed: inf M/s, Resolution: 1920x1080
Name: 内蒙古卫视, URL: http://[2409:8087:3428:20:500::1009]:6610/PLTV/88888888/224/3221225846/index.m3u8?servicetype=1&IASHttpSessionId=RR423820220409134714119178, IPv_Type: ipv6, Location: 中国, ISP: 中国移动, Date: None, Delay: 0.1 ms, Speed: inf M/s, Resolution: 1920x1080
Name: 内蒙古卫视, URL: http://[2409:8087:1a01:df::4077]:80/ottrrs.hl.chinamobile.com/PLTV/88888888/8/3221226389/index.m3u8, IPv_Type: ipv6, Location: 中国, ISP: 中国移动, Date: None, Delay: 0.1 ms, Speed: inf M/s, Resolution: 1920x1080
Name: 内蒙古卫视, URL: http://[2409:8087:3869:8021:1001::e5]:6610/PLTV/88888888/224/3221225601/2/index.m3u8, IPv_Type: ipv6, Location: 中国, ISP: 中国移动, Date: None, Delay: -1 ms, Speed: 0.00 M/s, Resolution: None
Name: 内蒙古卫视, URL: http://[2409:8087:8:21::18]:6610/otttv.bj.chinamobile.com/PLTV/88888888/224/3221227018/1.m3u8?GuardEncType=2&accountinfo=%7E%7EV2.0%7ErN_hoRDwApMKnJqiNHvn9w%7EtP4-l0lmSfjwLWEfK_el1vH_mv-s1zo4AQJwdedaVwG9xkuFTDg8J26cwOrNJzn20BErrHdLhuZ9EzLUCD3PMW-OMx4MGteHV2vLeW6BqoY%2CEND, IPv_Type: ipv6, Location: 中国, ISP: 中国移动, Date: None, Delay: -1 ms, Speed: 0.00 M/s, Resolution: None
Name: 内蒙古卫视, URL: http://rrs01.hw.gmcc.net:8088/PLTV/81/224/3221226685/1.m3u8, IPv_Type: ipv6, Location: 中国, ISP: 中国移动, Date: None, Delay: -1 ms, Speed: 0.00 M/s, Resolution: None
Name: 内蒙古卫视, URL: https://cc06.tv12.xyz/94.m3u8, IPv_Type: ipv6, Location: 美国, ISP: CloudFlare Inc., Date: None, Delay: -1 ms, Speed: 0.00 M/s, Resolution: None
Name: 宁夏卫视, URL: http://php.jdshipin.com/TVOD/hnyd.php?id=200000001898/460000089800010110, IPv_Type: ipv6, Location: 美国, ISP: CloudFlare Inc., Date: None, Delay: 0.1 ms, Speed: inf M/s, Resolution: 1920x1080
Name: 宁夏卫视, URL: http://[2409:8087:1a01:df::4077]:80/ottrrs.hl.chinamobile.com/TVOD/88888888/8/3221226454/index.m3u8, IPv_Type: ipv6, Location: 中国, ISP: 中国移动, Date: None, Delay: 0.1 ms, Speed: inf M/s, Resolution: 1920x1080
Name: 宁夏卫视, URL: http://[2409:8087:1a0a:df::404b]/ottrrs.hl.chinamobile.com/TVOD/88888888/8/3221226454/index.m3u8, IPv_Type: ipv6, Location: 中国, ISP: 中国移动, Date: None, Delay: 0.1 ms, Speed: inf M/s, Resolution: 1920x1080
Name: 宁夏卫视, URL: http://[2409:8087:1e03:21::2]:6060/cms001/ch00000090990000001074/index.m3u8, IPv_Type: ipv6, Location: 中国, ISP: 中国移动, Date: None, Delay: 0.1 ms, Speed: inf M/s, Resolution: 1920x1080
Name: 宁夏卫视, URL: http://[2409:8087:3428:20:500::100f]:6610/PLTV/88888888/224/3221227254/index.m3u8?servicetype=1&IASHttpSessionId=RR423820220409134714119178, IPv_Type: ipv6, Location: 中国, ISP: 中国移动, Date: None, Delay: 0.1 ms, Speed: inf M/s, Resolution: 1920x1080
Name: 宁夏卫视, URL: http://[2409:8087:1a01:df::4077]:80/ottrrs.hl.chinamobile.com/PLTV/88888888/8/3221226454/index.m3u8, IPv_Type: ipv6, Location: 中国, ISP: 中国移动, Date: None, Delay: 0.1 ms, Speed: inf M/s, Resolution: 1920x1080
Name: 宁夏卫视, URL: http://[2409:8087:8:21::18]:6610/otttv.bj.chinamobile.com/PLTV/88888888/224/3221226528/1.m3u8, IPv_Type: ipv6, Location: 中国, ISP: 中国移动, Date: None, Delay: 0.1 ms, Speed: inf M/s, Resolution: 1920x1080
Name: 宁夏卫视, URL: http://[2409:8087:8:21::18]:6610/otttv.bj.chinamobile.com/PLTV/88888888/224/3221226921/1.m3u8, IPv_Type: ipv6, Location: 中国, ISP: 中国移动, Date: None, Delay: 0.1 ms, Speed: inf M/s, Resolution: 1920x1080
Name: 宁夏卫视, URL: http://[2409:8087:1:20:20::26]/otttv.bj.chinamobile.com/PLTV/88888888/224/3221227020/1.m3u8?GuardEncType=2&accountinfo=%7E%7EV2.0%7Err-CLugPnTcUinEM8JeySg%7EtP4-l0lmSfjwLWEfK_el1vH_mv-s1zo4AQJwdedaVwG9xkuFTDg8J26cwOrNJzn20BErrHdLhuZ9EzLUCD3PMW-OMx4MGteHV2vLeW6BqoY%2CEND, IPv_Type: ipv6, Location: 中国, ISP: 中国移动, Date: None, Delay: 0.1 ms, Speed: inf M/s, Resolution: 1920x1080
Name: 宁夏卫视, URL: http://[2409:8087:3428:20:500::1009]:6610/PLTV/88888888/224/3221227254/index.m3u8?servicetype=1&IASHttpSessionId=RR423820220409134714119178, IPv_Type: ipv6, Location: 中国, ISP: 中国移动, Date: None, Delay: 0.1 ms, Speed: inf M/s, Resolution: 1920x1080
Name: 宁夏卫视, URL: http://tvh.990066.xyz/stream/channelid/663195650?profile=pass, IPv_Type: ipv6, Location: 美国, ISP: CloudFlare Inc., Date: None, Delay: 0.1 ms, Speed: inf M/s, Resolution: 1920x1080
Name: 宁夏卫视, URL: http://[2409:8087:3428:20:500::100f]:6610/PLTV/88888888/224/3221225849/index.m3u8?servicetype=1&IASHttpSessionId=RR423820220409134714119178, IPv_Type: ipv6, Location: 中国, ISP: 中国移动, Date: None, Delay: 0.1 ms, Speed: inf M/s, Resolution: 1920x1080
Name: 宁夏卫视, URL: http://[2409:8087:3428:20:500::1009]:6610/PLTV/88888888/224/3221225849/index.m3u8?servicetype=1&IASHttpSessionId=RR423820220409134714119178, IPv_Type: ipv6, Location: 中国, ISP: 中国移动, Date: None, Delay: 0.1 ms, Speed: inf M/s, Resolution: 1920x1080
Name: 宁夏卫视, URL: http://[2409:8087:5e01:34::22]:6610/ZTE_CMS/00000001000000060000000000000309/index.m3u8, IPv_Type: ipv6, Location: 中国, ISP: 中国移动, Date: None, Delay: 0.1 ms, Speed: inf M/s, Resolution: 1920x1080
Name: 宁夏卫视, URL: http://[2409:8087:1a01:df::7005]:80/ottrrs.hl.chinamobile.com/PLTV/88888888/224/3221225632/index.m3u8, IPv_Type: ipv6, Location: 中国, ISP: 中国移动, Date: None, Delay: 0.1 ms, Speed: inf M/s, Resolution: 1920x1080
Name: 宁夏卫视, URL: http://[2409:8087:8:21::18]:6610/otttv.bj.chinamobile.com/PLTV/88888888/224/3221227003/1.m3u8?GuardEncType=2&accountinfo=%7E%7EV2.0%7ESco1zinvdUYzleEkXYhIvA%7EtP4-l0lmSfjwLWEfK_el1vH_mv-s1zo4AQJwdedaVwG9xkuFTDg8J26cwOrNJzn20BErrHdLhuZ9EzLUCD3PMW-OMx4MGteHV2vLeW6BqoY%2CEND, IPv_Type: ipv6, Location: 中国, ISP: 中国移动, Date: None, Delay: -1 ms, Speed: 0.00 M/s, Resolution: None
Name: 宁夏卫视, URL: http://[2409:8087:3869:8021:1001::e5]:6610/PLTV/88888888/224/3221225726/2/index.m3u8, IPv_Type: ipv6, Location: 中国, ISP: 中国移动, Date: None, Delay: -1 ms, Speed: 0.00 M/s, Resolution: None
Name: 宁夏卫视, URL: http://rrs01.hw.gmcc.net:8088/PLTV/81/224/3221226691/1.m3u8, IPv_Type: ipv6, Location: 中国, ISP: 中国移动, Date: None, Delay: -1 ms, Speed: 0.00 M/s, Resolution: None
Name: 宁夏卫视, URL: https://cc06.tv12.xyz/96.m3u8, IPv_Type: ipv6, Location: 美国, ISP: CloudFlare Inc., Date: None, Delay: -1 ms, Speed: 0.00 M/s, Resolution: None
Name: 青海卫视, URL: http://php.jdshipin.com/TVOD/hnyd.php?id=200000001898/460000089800010111, IPv_Type: ipv6, Location: 美国, ISP: CloudFlare Inc., Date: None, Delay: 0.1 ms, Speed: inf M/s, Resolution: 1920x1080
Name: 青海卫视, URL: http://[2409:8087:1a0a:df::404b]/ottrrs.hl.chinamobile.com/TVOD/88888888/224/3221225628/index.m3u8, IPv_Type: ipv6, Location: 中国, ISP: 中国移动, Date: None, Delay: 0.1 ms, Speed: inf M/s, Resolution: 1920x1080
Name: 青海卫视, URL: http://[2409:8087:8:21::18]:6610/otttv.bj.chinamobile.com/PLTV/88888888/224/3221226529/1.m3u8, IPv_Type: ipv6, Location: 中国, ISP: 中国移动, Date: None, Delay: 0.1 ms, Speed: inf M/s, Resolution: 1920x1080
Name: 青海卫视, URL: http://[2409:8087:8:21::18]:6610/otttv.bj.chinamobile.com/PLTV/88888888/224/3221226916/1.m3u8, IPv_Type: ipv6, Location: 中国, ISP: 中国移动, Date: None, Delay: 0.1 ms, Speed: inf M/s, Resolution: 1920x1080
Name: 青海卫视, URL: http://[2409:8087:1e03:21::2]:6060/cms001/ch00000090990000001082/index.m3u8, IPv_Type: ipv6, Location: 中国, ISP: 中国移动, Date: None, Delay: 0.1 ms, Speed: inf M/s, Resolution: 1920x1080
Name: 青海卫视, URL: http://[2409:8087:3428:20:500::100f]:6610/PLTV/88888888/224/3221227119/index.m3u8?servicetype=1&IASHttpSessionId=RR423820220409134714119178, IPv_Type: ipv6, Location: 中国, ISP: 中国移动, Date: None, Delay: 0.1 ms, Speed: inf M/s, Resolution: 1920x1080
Name: 青海卫视, URL: http://[2409:8087:3428:20:500::1009]:6610/PLTV/88888888/224/3221227119/index.m3u8?servicetype=1&IASHttpSessionId=RR423820220409134714119178, IPv_Type: ipv6, Location: 中国, ISP: 中国移动, Date: None, Delay: 0.1 ms, Speed: inf M/s, Resolution: 1920x1080
Name: 青海卫视, URL: http://[2409:8087:3428:20:500::100f]:6610/PLTV/88888888/224/3221225841/index.m3u8?servicetype=1&IASHttpSessionId=RR423820220409134714119178, IPv_Type: ipv6, Location: 中国, ISP: 中国移动, Date: None, Delay: 0.1 ms, Speed: inf M/s, Resolution: 1920x1080
Name: 青海卫视, URL: http://[2409:8087:3428:20:500::1009]:6610/PLTV/88888888/224/3221225841/index.m3u8?servicetype=1&IASHttpSessionId=RR423820220409134714119178, IPv_Type: ipv6, Location: 中国, ISP: 中国移动, Date: None, Delay: 0.1 ms, Speed: inf M/s, Resolution: 1920x1080
Name: 青海卫视, URL: http://[2409:8087:2001:20:2800:0:df6e:eb1b]/ott.mobaibox.com/PLTV/3/224/3221227554/index.m3u8, IPv_Type: ipv6, Location: 中国, ISP: 中国移动, Date: None, Delay: 0.1 ms, Speed: inf M/s, Resolution: 1920x1080
Name: 青海卫视, URL: http://[2409:8087:5e01:34::23]:6610/ZTE_CMS/00000001000000060000000000000320/index.m3u8, IPv_Type: ipv6, Location: 中国, ISP: 中国移动, Date: None, Delay: 0.1 ms, Speed: inf M/s, Resolution: 1920x1080
Name: 青海卫视, URL: http://nas.suntao.online:35455/itv/1000000002000013359.m3u8?cdn=ystenlive, IPv_Type: ipv6, Location: 中国, ISP: 中国联通, Date: None, Delay: 0.1 ms, Speed: inf M/s, Resolution: 1920x1080
Name: 青海卫视, URL: http://iptv.cdn.ha.chinamobile.com/PLTV/88888888/224/3221227189/index.m3u8, IPv_Type: ipv6, Location: 中国, ISP: 中国移动, Date: None, Delay: 0.1 ms, Speed: inf M/s, Resolution: 1920x1080
Name: 青海卫视, URL: http://lu.wqwqwq.sbs/itv/1000000002000013359.m3u8?cdn=ystenlive, IPv_Type: ipv6, Location: 美国, ISP: CloudFlare Inc., Date: None, Delay: 0.1 ms, Speed: inf M/s, Resolution: 1920x1080
Name: 青海卫视, URL: http://[2409:8087:2001:20:2800:0:df6e:eb1a]:80/wh7f454c46tw348498084_-2063977587/ott.mobaibox.com/PLTV/3/224/3221227554/index.m3u8?icpid=3&RTS=1674380463&from=40&popid=40&hms_devid=2116&prioritypopid=40&vqe=3, IPv_Type: ipv6, Location: 中国, ISP: 中国移动, Date: None, Delay: 0.1 ms, Speed: inf M/s, Resolution: 1920x1080
Name: 青海卫视, URL: http://[2409:8087:2001:20:2800:0:df6e:eb1b]/wh7f454c46tw1221605145_-1738716276/ott.mobaibox.com/PLTV/3/224/3221227554/index.m3u8?icpid=3&RTS=1668600311&from=40&popid=40&hms_devid=2116&prioritypopid=40&vqe=3, IPv_Type: ipv6, Location: 中国, ISP: 中国移动, Date: None, Delay: 0.1 ms, Speed: inf M/s, Resolution: 1920x1080
Name: 青海卫视, URL: http://[2409:8087:74f0:22::5]:6410/270000001128/9900000042/index.m3u8, IPv_Type: ipv6, Location: 中国, ISP: 中国移动, Date: None, Delay: 0.1 ms, Speed: inf M/s, Resolution: 1920x1080
Name: 青海卫视, URL: http://[2409:8087:1a01:df::7005]:80/ottrrs.hl.chinamobile.com/PLTV/88888888/224/3221225628/index.m3u8, IPv_Type: ipv6, Location: 中国, ISP: 中国移动, Date: None, Delay: 0.1 ms, Speed: inf M/s, Resolution: 1920x1080
Name: 青海卫视, URL: http://[2409:8087:5e00:24::1e]:6060/200000001898/460000089800010111/1.m3u8, IPv_Type: ipv6, Location: 中国, ISP: 中国移动, Date: None, Delay: 0.1 ms, Speed: inf M/s, Resolution: 1920x1080
Name: 青海卫视, URL: http://[2409:8087:3869:8021:1001::e5]:6610/PLTV/88888888/224/3221225727/2/index.m3u8, IPv_Type: ipv6, Location: 中国, ISP: 中国移动, Date: None, Delay: -1 ms, Speed: 0.00 M/s, Resolution: None
Name: 青海卫视, URL: http://[2409:8087:8:21::18]:6610/otttv.bj.chinamobile.com/PLTV/88888888/224/3221227017/1.m3u8?GuardEncType=2&accountinfo=%7E%7EV2.0%7EacviHy_ucMT27Ymf2iLtZA%7EtP4-l0lmSfjwLWEfK_el1vH_mv-s1zo4AQJwdedaVwG9xkuFTDg8J26cwOrNJzn20BErrHdLhuZ9EzLUCD3PMW-OMx4MGteHV2vLeW6BqoY%2CEND, IPv_Type: ipv6, Location: 中国, ISP: 中国移动, Date: None, Delay: -1 ms, Speed: 0.00 M/s, Resolution: None
Name: 青海卫视, URL: http://rrs01.hw.gmcc.net:8088/PLTV/81/224/3221226696/1.m3u8, IPv_Type: ipv6, Location: 中国, ISP: 中国移动, Date: None, Delay: -1 ms, Speed: 0.00 M/s, Resolution: None
Name: 青海卫视, URL: https://cc06.tv12.xyz/97.m3u8, IPv_Type: ipv6, Location: 美国, ISP: CloudFlare Inc., Date: None, Delay: -1 ms, Speed: 0.00 M/s, Resolution: None
Name: 青海卫视, URL: http://38.75.136.137:98/gslb/dsdqpub/qhws.m3u8?auth=testpub, IPv_Type: ipv4, Location: 美国-哥伦比亚特区-哥伦比亚特区, ISP: Cogent, Date: None, Delay: 544 ms, Speed: 7.66 M/s, Resolution: 1920x1080
Name: 山东卫视, URL: http://php.jdshipin.com/TVOD/hnyd.php?id=200000001898/460000089800010066, IPv_Type: ipv6, Location: 美国, ISP: CloudFlare Inc., Date: None, Delay: 0.1 ms, Speed: inf M/s, Resolution: 1920x1080
Name: 山东卫视, URL: http://iptv.huuc.edu.cn/hls/sdhd.m3u8, IPv_Type: ipv6, Location: 中国, ISP: 教育网, Date: None, Delay: 0.1 ms, Speed: inf M/s, Resolution: 1920x1080
Name: 山东卫视, URL: http://[2409:8087:1a0a:df::404b]/ottrrs.hl.chinamobile.com/TVOD/88888888/224/3221226456/index.m3u8, IPv_Type: ipv6, Location: 中国, ISP: 中国移动, Date: None, Delay: 0.1 ms, Speed: inf M/s, Resolution: 1920x1080
Name: 山东卫视, URL: http://[2409:8087:1a01:df::4077]/ottrrs.hl.chinamobile.com/PLTV/88888888/8/3221226456/index.m3u8, IPv_Type: ipv6, Location: 中国, ISP: 中国移动, Date: None, Delay: 0.1 ms, Speed: inf M/s, Resolution: 1920x1080
Name: 山东卫视, URL: http://[2409:8087:1a01:df::4077]:80/ottrrs.hl.chinamobile.com/PLTV/88888888/8/3221226456/index.m3u8, IPv_Type: ipv6, Location: 中国, ISP: 中国移动, Date: None, Delay: 0.1 ms, Speed: inf M/s, Resolution: 1920x1080
Name: 山东卫视, URL: http://[2409:8087:8:21::18]:6610/otttv.bj.chinamobile.com/PLTV/88888888/224/3221226244/1.m3u8, IPv_Type: ipv6, Location: 中国, ISP: 中国移动, Date: None, Delay: 0.1 ms, Speed: inf M/s, Resolution: 1920x1080
Name: 山东卫视, URL: http://[2409:8087:8:21::18]:6610/otttv.bj.chinamobile.com/PLTV/88888888/224/3221226487/1.m3u8, IPv_Type: ipv6, Location: 中国, ISP: 中国移动, Date: None, Delay: 0.1 ms, Speed: inf M/s, Resolution: 1920x1080
Name: 山东卫视, URL: http://[2409:8087:8:21::18]:6610/otttv.bj.chinamobile.com/PLTV/88888888/224/3221226501/1.m3u8, IPv_Type: ipv6, Location: 中国, ISP: 中国移动, Date: None, Delay: 0.1 ms, Speed: inf M/s, Resolution: 1920x1080
Name: 山东卫视, URL: http://iptv.cdn.ha.chinamobile.com/PLTV/88888888/224/3221227234/index.m3u8, IPv_Type: ipv6, Location: 中国, ISP: 中国移动, Date: None, Delay: 0.1 ms, Speed: inf M/s, Resolution: 1920x1080
Name: 山东卫视, URL: http://[2409:8087:1a01:df::4077]:80/ottrrs.hl.chinamobile.com/yinhe/88888888/224/3221226456/index.m3u8, IPv_Type: ipv6, Location: 中国, ISP: 中国移动, Date: None, Delay: 0.1 ms, Speed: inf M/s, Resolution: 1920x1080
Name: 山东卫视, URL: http://[2409:8087:2001:20:2800:0:df6e:eb11]:80/ott.mobaibox.com/PLTV/4/224/3221227517/index.m3u8, IPv_Type: ipv6, Location: 中国, ISP: 中国移动, Date: None, Delay: 0.1 ms, Speed: inf M/s, Resolution: 1920x1080
Name: 山东卫视, URL: http://[2409:8087:3428:20:500::100f]:6610/PLTV/88888888/224/3221225843/index.m3u8?servicetype=1&IASHttpSessionId=RR423820220409134714119178, IPv_Type: ipv6, Location: 中国, ISP: 中国移动, Date: None, Delay: 0.1 ms, Speed: inf M/s, Resolution: 1920x1080
Name: 山东卫视, URL: http://yc.myds.me:35455/itv/6000000001000004134.m3u8?cdn=wasusyt, IPv_Type: ipv6, Location: 中国, ISP: 中国电信, Date: None, Delay: 0.1 ms, Speed: inf M/s, Resolution: 1920x1080
Name: 山东卫视, URL: http://yc.myds.me:35455/itv/1000000005000265019.m3u8?cdn=ystenlive, IPv_Type: ipv6, Location: 中国, ISP: 中国电信, Date: None, Delay: 0.1 ms, Speed: inf M/s, Resolution: 1920x1080
Name: 山东卫视, URL: http://nas.suntao.online:35455/itv/1000000001000016568.m3u8?cdn=ystenlive, IPv_Type: ipv6, Location: 中国, ISP: 中国联通, Date: None, Delay: 0.1 ms, Speed: inf M/s, Resolution: 1920x1080
Name: 山东卫视, URL: http://lu.wqwqwq.sbs/itv/1000000005000265019.m3u8?cdn=ystenlive, IPv_Type: ipv6, Location: 美国, ISP: CloudFlare Inc., Date: None, Delay: 0.1 ms, Speed: inf M/s, Resolution: 1920x1080
Name: 山东卫视, URL: http://dbiptv.sn.chinamobile.com/PLTV/88888888/224/3221226209/1.m3u8, IPv_Type: ipv6, Location: 中国, ISP: 中国移动, Date: None, Delay: 0.1 ms, Speed: inf M/s, Resolution: 1920x1080
Name: 山东卫视, URL: http://hwrr.jx.chinamobile.com:8080/PLTV/88888888/224/3221225484/index.m3u8?fmt=ts2hls, IPv_Type: ipv6, Location: 中国, ISP: 中国移动, Date: None, Delay: 0.1 ms, Speed: inf M/s, Resolution: 1920x1080
Name: 山东卫视, URL: http://[2409:8087:3428:20:500::1009]:6610/PLTV/88888888/224/3221225843/index.m3u8?servicetype=1&IASHttpSessionId=RR423820220409134714119178, IPv_Type: ipv6, Location: 中国, ISP: 中国移动, Date: None, Delay: 0.1 ms, Speed: inf M/s, Resolution: 1920x1080
Name: 山东卫视, URL: http://[2409:8087:2001:20:2800:0:df6e:eb07]:80/wh7f454c46tw198928259_-1438986513/ott.mobaibox.com/PLTV/3/224/3221227621/index.m3u8?icpid=3&RTS=1674380314&from=40&popid=40&hms_devid=2036&prioritypopid=40&vqe=3, IPv_Type: ipv6, Location: 中国, ISP: 中国移动, Date: None, Delay: 0.1 ms, Speed: inf M/s, Resolution: 1920x1080
Name: 山东卫视, URL: http://[2409:8087:2001:20:2800:0:df6e:eb02]:80/wh7f454c46tw1544454067_649511222/ott.mobaibox.com/PLTV/3/224/3221227697/index.m3u8?icpid=3&RTS=1674385954&from=40&popid=40&hms_devid=2039&prioritypopid=40&vqe=3, IPv_Type: ipv6, Location: 中国, ISP: 中国移动, Date: None, Delay: 0.1 ms, Speed: inf M/s, Resolution: 1920x1080
Name: 山东卫视, URL: http://[2409:8087:2001:20:2800:0:df6e:eb0a]:80/wh7f454c46tw1930403571_110324233/ott.mobaibox.com/PLTV/3/224/3221228124/index.m3u8?icpid=3&RTS=1674386340&from=40&popid=40&hms_devid=2038&prioritypopid=40&vqe=3, IPv_Type: ipv6, Location: 中国, ISP: 中国移动, Date: None, Delay: 0.1 ms, Speed: inf M/s, Resolution: 1920x1080
Name: 山东卫视, URL: http://[2409:8087:1e03:21::42]:6610/cms001/ch00000090990000001028/index.m3u8, IPv_Type: ipv6, Location: 中国, ISP: 中国移动, Date: None, Delay: 0.1 ms, Speed: inf M/s, Resolution: 1920x1080
Name: 山东卫视, URL: http://[2409:8087:4c0a:22:1::11]:6410/170000001115/UmaiCHAN911992BESTVSMGSMG/index.m3u8?m3u8_level=2, IPv_Type: ipv6, Location: 中国, ISP: 中国移动, Date: None, Delay: 0.1 ms, Speed: inf M/s, Resolution: 1920x1080
Name: 山东卫视, URL: http://[2409:8087:5e01:34::38]:6610/ZTE_CMS/00000001000000060000000000000364/index.m3u8, IPv_Type: ipv6, Location: 中国, ISP: 中国移动, Date: None, Delay: 0.1 ms, Speed: inf M/s, Resolution: 1920x1080
Name: 山东卫视, URL: http://[2409:8087:5e00:24::1e]:6060/200000001898/460000089800010066/1.m3u8, IPv_Type: ipv6, Location: 中国, ISP: 中国移动, Date: None, Delay: 0.1 ms, Speed: inf M/s, Resolution: 1920x1080
Name: 山东卫视, URL: http://[2409:8087:5e00:24::1f]:6060/ZTE_CMS/00000001000000060000000000000364/index.m3u8, IPv_Type: ipv6, Location: 中国, ISP: 中国移动, Date: None, Delay: 0.1 ms, Speed: inf M/s, Resolution: 1920x1080
Name: 山东卫视, URL: http://[2409:8087:5e01:34::20]:6610/ZTE_CMS/00000001000000060000000000000364/index.m3u8?IAS, IPv_Type: ipv6, Location: 中国, ISP: 中国移动, Date: None, Delay: 0.1 ms, Speed: inf M/s, Resolution: 1920x1080
Name: 山东卫视, URL: http://[2409:8087:5e01:34::23]:6610/ZTE_CMS/00000001000000060000000000000364/index.m3u8?IAS, IPv_Type: ipv6, Location: 中国, ISP: 中国移动, Date: None, Delay: 0.1 ms, Speed: inf M/s, Resolution: 1920x1080
Name: 山东卫视, URL: http://[2409:8087:4c0a:22:1::11]:6410/170000001115/UmaiCHAN911992BESTVSMGSMG/index.m3u8?AuthInfo=9kOOdBn7MFF%2F2bWjKgahUYPFYDnFP%2FDAPuH7S4egu%2BwwoDIwMxbrlyyVy9x6ZDKni2tPDnaOO8v3uGUKi1hZOhPazmZ%2B8tgH3leYQIsqfKE, IPv_Type: ipv6, Location: 中国, ISP: 中国移动, Date: None, Delay: 0.1 ms, Speed: inf M/s, Resolution: 1920x1080
Name: 山东卫视, URL: http://[2409:8087:5e01:34::22]:6610/ZTE_CMS/00000001000000060000000000000364/index.m3u8?IAS, IPv_Type: ipv6, Location: 中国, ISP: 中国移动, Date: None, Delay: 0.1 ms, Speed: inf M/s, Resolution: 1920x1080
Name: 山东卫视, URL: http://[2409:8087:5e01:34::21]:6610/ZTE_CMS/00000001000000060000000000000364/index.m3u8?IAS, IPv_Type: ipv6, Location: 中国, ISP: 中国移动, Date: None, Delay: 0.1 ms, Speed: inf M/s, Resolution: 1920x1080
Name: 山东卫视, URL: http://[2409:8087:5e01:34::21]:6610/ZTE_CMS/00000001000000060000000000000364/index.m3u8?key=tvbox6_com, IPv_Type: ipv6, Location: 中国, ISP: 中国移动, Date: None, Delay: 0.1 ms, Speed: inf M/s, Resolution: 1920x1080
Name: 山东卫视, URL: http://[2409:8087:1a01:df::4077]/ottrrs.hl.chinamobile.com/PLTV/88888888/224/3221226456/index.m3u8, IPv_Type: ipv6, Location: 中国, ISP: 中国移动, Date: None, Delay: 0.1 ms, Speed: inf M/s, Resolution: 1920x1080
Name: 山东卫视, URL: http://[2409:8087:1a01:df::4077]/ottrrs.hl.chinamobile.com/yinhe/88888888/224/3221226456/index.m3u8, IPv_Type: ipv6, Location: 中国, ISP: 中国移动, Date: None, Delay: 0.1 ms, Speed: inf M/s, Resolution: 1920x1080
Name: 山东卫视, URL: http://[2409:8087:1a01:df::4077]:80/ottrrs.hl.chinamobile.com/PLTV/88888888/224/3221226456/index.m3u8, IPv_Type: ipv6, Location: 中国, ISP: 中国移动, Date: None, Delay: 0.1 ms, Speed: inf M/s, Resolution: 1920x1080
Name: 山东卫视, URL: http://dbiptv.sn.chinamobile.com/PLTV/88888890/224/3221226209/index.m3u8, IPv_Type: ipv6, Location: 中国, ISP: 中国移动, Date: None, Delay: 0.1 ms, Speed: inf M/s, Resolution: 1920x1080
Name: 山东卫视, URL: http://[2409:8087:2001:20:2800:0:df6e:eb10]/wh7f454c46tw2848465480_1677095697/ott.mobaibox.com/PLTV/3/224/3221227517/index.m3u8?icpid=3&RTS=1668597642&from=40&popid=40&hms_devid=2110&prioritypopid=40&vqe=3, IPv_Type: ipv6, Location: 中国, ISP: 中国移动, Date: None, Delay: 0.1 ms, Speed: inf M/s, Resolution: 1920x1080
Name: 山东卫视, URL: http://[2409:8087:1e03:21::2]:6060/cms001/ch00000090990000001028/index.m3u8, IPv_Type: ipv6, Location: 中国, ISP: 中国移动, Date: None, Delay: 0.1 ms, Speed: inf M/s, Resolution: 1920x1080
Name: 山东卫视, URL: http://[2409:8087:3428:20:500::100f]:6610/PLTV/88888888/224/3221227236/index.m3u8?servicetype=1&IASHttpSessionId=RR423820220409134714119178, IPv_Type: ipv6, Location: 中国, ISP: 中国移动, Date: None, Delay: 0.1 ms, Speed: inf M/s, Resolution: 1920x1080
Name: 山东卫视, URL: http://[2409:8087:3428:20:500::1009]:6610/PLTV/88888888/224/3221227236/index.m3u8?servicetype=1&IASHttpSessionId=RR423820220409134714119178, IPv_Type: ipv6, Location: 中国, ISP: 中国移动, Date: None, Delay: 0.1 ms, Speed: inf M/s, Resolution: 1920x1080
Name: 山东卫视, URL: http://[2409:8087:2001:20:2800:0:df6e:eb0b]:80/wh7f454c46tw1930236170_1276574350/ott.mobaibox.com/PLTV/3/224/3221227671/index.m3u8?icpid=3&RTS=1674386340&from=40&popid=40&hms_devid=2038&prioritypopid=40&vqe=3, IPv_Type: ipv6, Location: 中国, ISP: 中国移动, Date: None, Delay: 0.1 ms, Speed: inf M/s, Resolution: 1920x1080
Name: 山东卫视, URL: http://[2409:8087:2001:20:2800:0:df6e:eb11]:80/wh7f454c46tw1544961519_-2095343288/ott.mobaibox.com/PLTV/3/224/3221227517/index.m3u8?icpid=3&RTS=1674385955&from=40&popid=40&hms_devid=2110&prioritypopid=40&vqe=3, IPv_Type: ipv6, Location: 中国, ISP: 中国移动, Date: None, Delay: 0.1 ms, Speed: inf M/s, Resolution: 1920x1080
Name: 山东卫视, URL: http://[2409:8087:74f0:22::5]:6410/270000001128/9900000527/index.m3u8, IPv_Type: ipv6, Location: 中国, ISP: 中国移动, Date: None, Delay: 0.1 ms, Speed: inf M/s, Resolution: 1920x1080
Name: 山东卫视, URL: http://[2409:8087:1a01:df::7005]/ottrrs.hl.chinamobile.com/PLTV/88888888/224/3221226456/index.m3u8, IPv_Type: ipv6, Location: 中国, ISP: 中国移动, Date: None, Delay: 0.1 ms, Speed: inf M/s, Resolution: 1920x1080
Name: 山东卫视, URL: http://[2409:8087:1a01:df::7005]:80/ottrrs.hl.chinamobile.com/PLTV/88888888/224/3221226456/index.m3u8, IPv_Type: ipv6, Location: 中国, ISP: 中国移动, Date: None, Delay: 0.1 ms, Speed: inf M/s, Resolution: 1920x1080
Name: 山东卫视, URL: http://[2409:8087:3869:8021:1001::e5]:6610/PLTV/88888888/224/3221225484/2/index.m3u8, IPv_Type: ipv6, Location: 中国, ISP: 中国移动, Date: None, Delay: -1 ms, Speed: 0.00 M/s, Resolution: None
Name: 山东卫视, URL: http://[2409:8087:3869:8021:1001::e5]:6610/PLTV/88888888/224/3221225697/2/index.m3u8, IPv_Type: ipv6, Location: 中国, ISP: 中国移动, Date: None, Delay: -1 ms, Speed: 0.00 M/s, Resolution: None
Name: 山东卫视, URL: http://[2409:8087:3869:8021:1001::e5]:6610/PLTV/88888888/224/3221225738/2/index.m3u8, IPv_Type: ipv6, Location: 中国, ISP: 中国移动, Date: None, Delay: -1 ms, Speed: 0.00 M/s, Resolution: None
Name: 山东卫视, URL: http://[2409:8087:8:21::18]:6610/otttv.bj.chinamobile.com/PLTV/88888888/224/3221226957/1.m3u8?GuardEncType=2&accountinfo=%7E%7EV2.0%7EjW26v5VaHGy1jQuIA-4EbA%7EtP4-l0lmSfjwLWEfK_el1vH_mv-s1zo4AQJwdedaVwG9xkuFTDg8J26cwOrNJzn20BErrHdLhuZ9EzLUCD3PMW-OMx4MGteHV2vLeW6BqoY%2CEND, IPv_Type: ipv6, Location: 中国, ISP: 中国移动, Date: None, Delay: -1 ms, Speed: 0.00 M/s, Resolution: None
Name: 山东卫视, URL: http://[2409:8087:3869:8021:1001::e5]:6610/PLTV/88888910/224/3221225484/index.m3u8?fmt=ts2hls, IPv_Type: ipv6, Location: 中国, ISP: 中国移动, Date: None, Delay: -1 ms, Speed: 0.00 M/s, Resolution: None
Name: 山东卫视, URL: http://rrs01.hw.gmcc.net:8088/PLTV/81/224/3221226693/1.m3u8, IPv_Type: ipv6, Location: 中国, ISP: 中国移动, Date: None, Delay: -1 ms, Speed: 0.00 M/s, Resolution: None
Name: 山东卫视, URL: https://cc06.tv12.xyz/101.m3u8, IPv_Type: ipv6, Location: 美国, ISP: CloudFlare Inc., Date: None, Delay: -1 ms, Speed: 0.00 M/s, Resolution: None
Name: 山西卫视, URL: http://php.jdshipin.com/TVOD/hnyd.php?id=200000001898/460000089800010114, IPv_Type: ipv6, Location: 美国, ISP: CloudFlare Inc., Date: None, Delay: 0.1 ms, Speed: inf M/s, Resolution: 1920x1080
Name: 山西卫视, URL: http://[2409:8087:1a01:df::4077]/ottrrs.hl.chinamobile.com/PLTV/88888888/8/3221226392/index.m3u8, IPv_Type: ipv6, Location: 中国, ISP: 中国移动, Date: None, Delay: 0.1 ms, Speed: inf M/s, Resolution: 1920x1080
Name: 山西卫视, URL: http://[2409:8087:1a01:df::4077]:80/ottrrs.hl.chinamobile.com/PLTV/88888888/8/3221226392/index.m3u8, IPv_Type: ipv6, Location: 中国, ISP: 中国移动, Date: None, Delay: 0.1 ms, Speed: inf M/s, Resolution: 1920x1080
Name: 山西卫视, URL: http://[2409:8087:8:21::18]:6610/otttv.bj.chinamobile.com/PLTV/88888888/224/3221226531/1.m3u8, IPv_Type: ipv6, Location: 中国, ISP: 中国移动, Date: None, Delay: 0.1 ms, Speed: inf M/s, Resolution: 1920x1080
Name: 山西卫视, URL: http://[2409:8087:8:21::18]:6610/otttv.bj.chinamobile.com/PLTV/88888888/224/3221226920/1.m3u8, IPv_Type: ipv6, Location: 中国, ISP: 中国移动, Date: None, Delay: 0.1 ms, Speed: inf M/s, Resolution: 1920x1080
Name: 山西卫视, URL: https://live.lalifeier.eu.org/sxrtv/sxws.m3u8?t=1746292937&key=8097fcc15ecf55c37b8908da7be2be63, IPv_Type: ipv6, Location: 美国, ISP: CloudFlare Inc., Date: None, Delay: 0.1 ms, Speed: inf M/s, Resolution: 1920x1080
Name: 山西卫视, URL: https://live.lalifeier.eu.org/sxrtv/sxws.m3u8?t=1746307365&key=3eeaa00e3276abf097ceb1bb753ca265, IPv_Type: ipv6, Location: 美国, ISP: CloudFlare Inc., Date: None, Delay: 0.1 ms, Speed: inf M/s, Resolution: 1920x1080
Name: 山西卫视, URL: http://m3u8.channel.wsrtv.com.cn/cms/videos/nmip-media/channellive/channel7/playlist.m3u8, IPv_Type: ipv6, Location: 中国, ISP: 中国电信, Date: None, Delay: 0.1 ms, Speed: inf M/s, Resolution: 1920x1080
Name: 山西卫视, URL: http://[2409:8087:1a01:df::7005]:80/ottrrs.hl.chinamobile.com/PLTV/88888888/224/3221225624/index.m3u8, IPv_Type: ipv6, Location: 中国, ISP: 中国移动, Date: None, Delay: 0.1 ms, Speed: inf M/s, Resolution: 1920x1080
Name: 山西卫视, URL: http://[2409:8087:3869:8021:1001::e5]:6610/PLTV/88888888/224/3221225730/2/index.m3u8, IPv_Type: ipv6, Location: 中国, ISP: 中国移动, Date: None, Delay: 0.1 ms, Speed: inf M/s, Resolution: 1920x1080
Name: 山西卫视, URL: http://[2409:8087:8:21::18]:6610/otttv.bj.chinamobile.com/PLTV/88888888/224/3221227016/1.m3u8?GuardEncType=2&accountinfo=%7E%7EV2.0%7ESb5Qr3NTpE2ZugIroKoyTw%7EtP4-l0lmSfjwLWEfK_el1vH_mv-s1zo4AQJwdedaVwG9xkuFTDg8J26cwOrNJzn20BErrHdLhuZ9EzLUCD3PMW-OMx4MGteHV2vLeW6BqoY%2CEND, IPv_Type: ipv6, Location: 中国, ISP: 中国移动, Date: None, Delay: -1 ms, Speed: 0.00 M/s, Resolution: None
Name: 山西卫视, URL: http://rrs01.hw.gmcc.net:8088/PLTV/81/224/3221226704/1.m3u8, IPv_Type: ipv6, Location: 中国, ISP: 中国移动, Date: None, Delay: -1 ms, Speed: 0.00 M/s, Resolution: None
Name: 山西卫视, URL: https://cc06.tv12.xyz/107.m3u8, IPv_Type: ipv6, Location: 美国, ISP: CloudFlare Inc., Date: None, Delay: -1 ms, Speed: 0.00 M/s, Resolution: None
Name: 山西卫视, URL: http://38.75.136.137:98/gslb/dsdqpub/sxwshd.m3u8?auth=testpub, IPv_Type: ipv4, Location: 美国-哥伦比亚特区-哥伦比亚特区, ISP: Cogent, Date: None, Delay: 457 ms, Speed: 4.41 M/s, Resolution: 1920x1080
Name: 陕西卫视, URL: http://php.jdshipin.com/TVOD/hnyd.php?id=200000001898/460000089800010113, IPv_Type: ipv6, Location: 美国, ISP: CloudFlare Inc., Date: None, Delay: 0.1 ms, Speed: inf M/s, Resolution: 1920x1080
Name: 陕西卫视, URL: http://[2409:8087:8:21::18]:6610/otttv.bj.chinamobile.com/PLTV/88888888/224/3221226532/1.m3u8, IPv_Type: ipv6, Location: 中国, ISP: 中国移动, Date: None, Delay: 0.1 ms, Speed: inf M/s, Resolution: 1920x1080
Name: 陕西卫视, URL: http://[2409:8087:8:21::18]:6610/otttv.bj.chinamobile.com/PLTV/88888888/224/3221226926/1.m3u8, IPv_Type: ipv6, Location: 中国, ISP: 中国移动, Date: None, Delay: 0.1 ms, Speed: inf M/s, Resolution: 1920x1080
Name: 陕西卫视, URL: http://[2409:8087:1a01:df::7005]:80/ottrrs.hl.chinamobile.com/PLTV/88888888/224/3221226457/index.m3u8, IPv_Type: ipv6, Location: 中国, ISP: 中国移动, Date: None, Delay: 0.1 ms, Speed: inf M/s, Resolution: 1920x1080
Name: 陕西卫视, URL: http://[2409:8087:1a01:df::7005]:80/ottrrs.hl.chinamobile.com/PLTV/88888888/224/3221225625/index.m3u8, IPv_Type: ipv6, Location: 中国, ISP: 中国移动, Date: None, Delay: 0.1 ms, Speed: inf M/s, Resolution: 1920x1080
Name: 陕西卫视, URL: http://[2409:8087:3869:8021:1001::e5]:6610/PLTV/88888888/224/3221225729/2/index.m3u8, IPv_Type: ipv6, Location: 中国, ISP: 中国移动, Date: None, Delay: 0.1 ms, Speed: inf M/s, Resolution: 1920x1080
Name: 陕西卫视, URL: http://[2409:8087:8:21::18]:6610/otttv.bj.chinamobile.com/PLTV/88888888/224/3221226999/1.m3u8?GuardEncType=2&accountinfo=%7E%7EV2.0%7EsGLKaSqf0wDZMbAjeQtfyw%7EtP4-l0lmSfjwLWEfK_el1vH_mv-s1zo4AQJwdedaVwG9xkuFTDg8J26cwOrNJzn20BErrHdLhuZ9EzLUCD3PMW-OMx4MGteHV2vLeW6BqoY%2CEND, IPv_Type: ipv6, Location: 中国, ISP: 中国移动, Date: None, Delay: -1 ms, Speed: 0.00 M/s, Resolution: None
Name: 陕西卫视, URL: http://rrs01.hw.gmcc.net:8088/PLTV/81/224/3221226707/1.m3u8, IPv_Type: ipv6, Location: 中国, ISP: 中国移动, Date: None, Delay: -1 ms, Speed: 0.00 M/s, Resolution: None
Name: 陕西卫视, URL: https://migu.188766.xyz/?migutoken=6c1651f4bfb19ef3318df9940f5030f0&id=%E9%99%95%E8%A5%BF%E5%8D%AB%E8%A7%86&pp=1, IPv_Type: ipv6, Location: 美国, ISP: CloudFlare Inc., Date: None, Delay: -1 ms, Speed: 0.00 M/s, Resolution: None
Name: 陕西卫视, URL: https://migu.188766.xyz/?migutoken=10c796b9a6319d64719c78ea4d04cffa&id=%E9%99%95%E8%A5%BF%E5%8D%AB%E8%A7%86&pp=1, IPv_Type: ipv6, Location: 美国, ISP: CloudFlare Inc., Date: None, Delay: -1 ms, Speed: 0.00 M/s, Resolution: None
Name: 陕西卫视, URL: https://cc06.tv12.xyz/106.m3u8, IPv_Type: ipv6, Location: 美国, ISP: CloudFlare Inc., Date: None, Delay: -1 ms, Speed: 0.00 M/s, Resolution: None
Name: 陕西卫视, URL: http://23.237.228.134/live6/sichuan.m3u8, IPv_Type: ipv4, Location: 北美地区, ISP: , Date: None, Delay: 76 ms, Speed: 11.65 M/s, Resolution: 1920x1080
Name: 陕西卫视, URL: http://38.75.136.137:98/gslb/dsdqpub/snwshd.m3u8?auth=testpub, IPv_Type: ipv4, Location: 美国-哥伦比亚特区-哥伦比亚特区, ISP: Cogent, Date: None, Delay: 523 ms, Speed: 7.86 M/s, Resolution: 1920x1080
Name: 四川卫视, URL: http://php.jdshipin.com/TVOD/hljyd.php?id=3221226338, IPv_Type: ipv6, Location: 美国, ISP: CloudFlare Inc., Date: None, Delay: 0.1 ms, Speed: inf M/s, Resolution: 1920x1080
Name: 四川卫视, URL: http://iptv.huuc.edu.cn/hls/schd.m3u8, IPv_Type: ipv6, Location: 中国, ISP: 教育网, Date: None, Delay: 0.1 ms, Speed: inf M/s, Resolution: 1920x1080
Name: 四川卫视, URL: http://[2409:8087:1a0a:df::404b]/ottrrs.hl.chinamobile.com/TVOD/88888888/224/3221226338/index.m3u8, IPv_Type: ipv6, Location: 中国, ISP: 中国移动, Date: None, Delay: 0.1 ms, Speed: inf M/s, Resolution: 1920x1080
Name: 四川卫视, URL: http://[2409:8087:1a01:df::4077]/ottrrs.hl.chinamobile.com/PLTV/88888888/8/3221226338/index.m3u8, IPv_Type: ipv6, Location: 中国, ISP: 中国移动, Date: None, Delay: 0.1 ms, Speed: inf M/s, Resolution: 1920x1080
Name: 四川卫视, URL: http://[2409:8087:1a01:df::4077]/ottrrs.hl.chinamobile.com/yinhe/88888888/224/3221226338/index.m3u8, IPv_Type: ipv6, Location: 中国, ISP: 中国移动, Date: None, Delay: 0.1 ms, Speed: inf M/s, Resolution: 1920x1080
Name: 四川卫视, URL: http://[2409:8087:1a01:df::4077]/ottrrs.hl.chinamobile.com/PLTV/88888888/224/3221226338/index.m3u8, IPv_Type: ipv6, Location: 中国, ISP: 中国移动, Date: None, Delay: 0.1 ms, Speed: inf M/s, Resolution: 1920x1080
Name: 四川卫视, URL: http://[2409:8087:8:21::18]:6610/otttv.bj.chinamobile.com/PLTV/88888888/224/3221226523/1.m3u8, IPv_Type: ipv6, Location: 中国, ISP: 中国移动, Date: None, Delay: 0.1 ms, Speed: inf M/s, Resolution: 1920x1080
Name: 四川卫视, URL: http://[2409:8087:8:21::18]:6610/otttv.bj.chinamobile.com/PLTV/88888888/224/3221226924/1.m3u8, IPv_Type: ipv6, Location: 中国, ISP: 中国移动, Date: None, Delay: 0.1 ms, Speed: inf M/s, Resolution: 1920x1080
Name: 四川卫视, URL: http://[2409:8087:2001:20:2800:0:df6e:eb08]:80/ott.mobaibox.com/PLTV/4/224/3221228171/index.m3u8, IPv_Type: ipv6, Location: 中国, ISP: 中国移动, Date: None, Delay: 0.1 ms, Speed: inf M/s, Resolution: 1920x1080
Name: 四川卫视, URL: http://[2409:8087:1e03:21::2]:6060/cms001/ch00000090990000001130/index.m3u8, IPv_Type: ipv6, Location: 中国, ISP: 中国移动, Date: None, Delay: 0.1 ms, Speed: inf M/s, Resolution: 1920x1080
Name: 四川卫视, URL: http://[2409:8087:1a01:df::4077]:80/ottrrs.hl.chinamobile.com/yinhe/88888888/224/3221226338/index.m3u8, IPv_Type: ipv6, Location: 中国, ISP: 中国移动, Date: None, Delay: 0.1 ms, Speed: inf M/s, Resolution: 1920x1080
Name: 四川卫视, URL: http://[2409:8087:3428:20:500::100f]:6610/PLTV/88888888/224/3221225835/index.m3u8?servicetype=1&IASHttpSessionId=RR423820220409134714119178, IPv_Type: ipv6, Location: 中国, ISP: 中国移动, Date: None, Delay: 0.1 ms, Speed: inf M/s, Resolution: 1920x1080
Name: 四川卫视, URL: http://nas.suntao.online:35455/itv/5000000004000006119.m3u8?cdn=bestzb, IPv_Type: ipv6, Location: 中国, ISP: 中国联通, Date: None, Delay: 0.1 ms, Speed: inf M/s, Resolution: 1920x1080
Name: 四川卫视, URL: http://iptv.cdn.ha.chinamobile.com/PLTV/88888888/224/3221227197/index.m3u8, IPv_Type: ipv6, Location: 中国, ISP: 中国移动, Date: None, Delay: 0.1 ms, Speed: inf M/s, Resolution: 1920x1080
Name: 四川卫视, URL: http://hwrr.jx.chinamobile.com:8080/PLTV/88888888/224/3221225487/index.m3u8?fmt=ts2hls, IPv_Type: ipv6, Location: 中国, ISP: 中国移动, Date: None, Delay: 0.1 ms, Speed: inf M/s, Resolution: 1920x1080
Name: 四川卫视, URL: http://[2409:8087:3428:20:500::100f]:6610/PLTV/88888888/224/3221227182/index.m3u8?servicetype=1&IASHttpSessionId=RR423820220409134714119178, IPv_Type: ipv6, Location: 中国, ISP: 中国移动, Date: None, Delay: 0.1 ms, Speed: inf M/s, Resolution: 1920x1080
Name: 四川卫视, URL: http://[2409:8087:3428:20:500::1009]:6610/PLTV/88888888/224/3221227182/index.m3u8?servicetype=1&IASHttpSessionId=RR423820220409134714119178, IPv_Type: ipv6, Location: 中国, ISP: 中国移动, Date: None, Delay: 0.1 ms, Speed: inf M/s, Resolution: 1920x1080
Name: 四川卫视, URL: http://[2409:8087:2001:20:2800:0:df6e:eb09]/ott.mobaibox.com/PLTV/3/224/3221227556/index.m3u8, IPv_Type: ipv6, Location: 中国, ISP: 中国移动, Date: None, Delay: 0.1 ms, Speed: inf M/s, Resolution: 1920x1080
Name: 四川卫视, URL: http://[2409:8087:4c0a:22:1::11]:6410/170000001115/UmaiCHAN3840706BESTVSMGSMG9/index.m3u8?m3u8_level=2, IPv_Type: ipv6, Location: 中国, ISP: 中国移动, Date: None, Delay: 0.1 ms, Speed: inf M/s, Resolution: 1920x1080
Name: 四川卫视, URL: http://[2409:8087:4c0a:22:1::4]:6610/170000001115/UmaiCHAN3840706BESTVSMGSMG9/index.m3u8?&AuthInfo=iKAcXCX%2F8sSJnr5njfYL%2Bb%2BLLe3iX6MD%2FSG8Auk%2FYIrBUytcDOb9RAYt8ZWjjY0W6uPIF94XCzPjJb9f5ln6UQ%3D%3D, IPv_Type: ipv6, Location: 中国, ISP: 中国移动, Date: None, Delay: 0.1 ms, Speed: inf M/s, Resolution: 1920x1080
Name: 四川卫视, URL: http://[2409:8087:1a0b:df::4020]:80/ottrrs.hl.chinamobile.com/PLTV/88888888/224/3221226338/index.m3u8, IPv_Type: ipv6, Location: 中国, ISP: 中国移动, Date: None, Delay: 0.1 ms, Speed: inf M/s, Resolution: 1920x1080
Name: 四川卫视, URL: http://[2409:8087:1a01:df::4077]:80/ottrrs.hl.chinamobile.com/PLTV/88888888/224/3221226338/index.m3u8, IPv_Type: ipv6, Location: 中国, ISP: 中国移动, Date: None, Delay: 0.1 ms, Speed: inf M/s, Resolution: 1920x1080
Name: 四川卫视, URL: http://[2409:8087:1a01:df::4077]:80/ottrrs.hl.chinamobile.com/PLTV/88888888/8/3221226338/index.m3u8, IPv_Type: ipv6, Location: 中国, ISP: 中国移动, Date: None, Delay: 0.1 ms, Speed: inf M/s, Resolution: 1920x1080
Name: 四川卫视, URL: http://live.wqwqwq.sbs/itv/5000000004000006119.m3u8?cdn=bestzb, IPv_Type: ipv6, Location: 美国, ISP: CloudFlare Inc., Date: None, Delay: 0.1 ms, Speed: inf M/s, Resolution: 1920x1080
Name: 四川卫视, URL: http://[2409:8087:2001:20:2800:0:df6e:eb09]/wh7f454c46tw2502717081_11504314/ott.mobaibox.com/PLTV/3/224/3221227556/index.m3u8?icpid=3&RTS=1669701103&from=40&popid=40&hms_devid=2037&prioritypopid=40&vqe=3, IPv_Type: ipv6, Location: 中国, ISP: 中国移动, Date: None, Delay: 0.1 ms, Speed: inf M/s, Resolution: 1920x1080
Name: 四川卫视, URL: http://[2409:8087:3428:20:500::1009]:6610/PLTV/88888888/224/3221225835/index.m3u8?servicetype=1&IASHttpSessionId=RR423820220409134714119178, IPv_Type: ipv6, Location: 中国, ISP: 中国移动, Date: None, Delay: 0.1 ms, Speed: inf M/s, Resolution: 1920x1080
Name: 四川卫视, URL: http://[2409:8087:1e03:21::42]:6610/cms001/ch00000090990000001130/index.m3u8, IPv_Type: ipv6, Location: 中国, ISP: 中国移动, Date: None, Delay: 0.1 ms, Speed: inf M/s, Resolution: 1920x1080
Name: 四川卫视, URL: http://[2409:8087:4c0a:22:1::11]:6410/170000001115/UmaiCHAN3840706BESTVSMGSMG9/index.m3u8?AuthInfo=9kOOdBn7MFF%2F2bWjKgahUexeCsKxlG2LwkJhai31bTGuXYXralHX2VS7ob25to85GPdBSQnb6X4MP9N0MoC%2FOefakVOC0E4dsoMVDkuWsho, IPv_Type: ipv6, Location: 中国, ISP: 中国移动, Date: None, Delay: 0.1 ms, Speed: inf M/s, Resolution: 1920x1080
Name: 四川卫视, URL: http://[2409:8087:74f0:22::6]:6410/270000001128/9900000025/index.m3u8, IPv_Type: ipv6, Location: 中国, ISP: 中国移动, Date: None, Delay: 0.1 ms, Speed: inf M/s, Resolution: 1920x1080
Name: 四川卫视, URL: http://[2409:8087:1a01:df::7005]:80/ottrrs.hl.chinamobile.com/PLTV/88888888/224/3221226338/index.m3u8, IPv_Type: ipv6, Location: 中国, ISP: 中国移动, Date: None, Delay: 0.1 ms, Speed: inf M/s, Resolution: 1920x1080
Name: 四川卫视, URL: http://[2409:8087:1a01:df::7005]/ottrrs.hl.chinamobile.com/PLTV/88888888/224/3221226338/index.m3u8, IPv_Type: ipv6, Location: 中国, ISP: 中国移动, Date: None, Delay: 0.1 ms, Speed: inf M/s, Resolution: 1920x1080
Name: 四川卫视, URL: http://[2409:8087:5e00:24::1e]:6060/200000001898/460000089800010115/1.m3u8, IPv_Type: ipv6, Location: 中国, ISP: 中国移动, Date: None, Delay: 0.1 ms, Speed: inf M/s, Resolution: 1920x1080
Name: 四川卫视, URL: http://[2409:8087:3869:8021:1001::e5]:6610/PLTV/88888888/224/3221225487/2/index.m3u8, IPv_Type: ipv6, Location: 中国, ISP: 中国移动, Date: None, Delay: -1 ms, Speed: 0.00 M/s, Resolution: None
Name: 四川卫视, URL: http://[2409:8087:3869:8021:1001::e5]:6610/PLTV/88888910/224/3221225487/index.m3u8?fmt=ts2hls, IPv_Type: ipv6, Location: 中国, ISP: 中国移动, Date: None, Delay: -1 ms, Speed: 0.00 M/s, Resolution: None
Name: 四川卫视, URL: http://[2409:8087:8:21::18]:6610/otttv.bj.chinamobile.com/PLTV/88888888/224/3221226995/1.m3u8?GuardEncType=2&accountinfo=%7E%7EV2.0%7EBQiz3wrGrpG0CUSRIJ-7Jg%7EtP4-l0lmSfjwLWEfK_el1vH_mv-s1zo4AQJwdedaVwG9xkuFTDg8J26cwOrNJzn20BErrHdLhuZ9EzLUCD3PMW-OMx4MGteHV2vLeW6BqoY%2CEND, IPv_Type: ipv6, Location: 中国, ISP: 中国移动, Date: None, Delay: -1 ms, Speed: 0.00 M/s, Resolution: None
Name: 四川卫视, URL: http://rrs01.hw.gmcc.net:8088/PLTV/81/224/3221226659/1.m3u8, IPv_Type: ipv6, Location: 中国, ISP: 中国移动, Date: None, Delay: -1 ms, Speed: 0.00 M/s, Resolution: None
Name: 四川卫视, URL: http://lu.wqwqwq.sbs/itv/5000000004000006119.m3u8?cdn=bestzb, IPv_Type: ipv6, Location: 美国, ISP: CloudFlare Inc., Date: None, Delay: -1 ms, Speed: 0.00 M/s, Resolution: None
Name: 四川卫视, URL: https://cc06.tv12.xyz/99.m3u8, IPv_Type: ipv6, Location: 美国, ISP: CloudFlare Inc., Date: None, Delay: -1 ms, Speed: 0.00 M/s, Resolution: None
Name: 深圳卫视, URL: http://php.jdshipin.com/TVOD/hnyd.php?id=200000001898/460000089800010068, IPv_Type: ipv6, Location: 美国, ISP: CloudFlare Inc., Date: None, Delay: 0.1 ms, Speed: inf M/s, Resolution: 1920x1080
Name: 深圳卫视, URL: http://iptv.huuc.edu.cn/hls/szhd.m3u8, IPv_Type: ipv6, Location: 中国, ISP: 教育网, Date: None, Delay: 0.1 ms, Speed: inf M/s, Resolution: 1920x1080
Name: 深圳卫视, URL: https://smart.pendy.dpdns.org/Smart.php?id=shenzhen, IPv_Type: ipv6, Location: 美国, ISP: CloudFlare Inc., Date: None, Delay: 0.1 ms, Speed: inf M/s, Resolution: 1920x1080
Name: 深圳卫视, URL: http://[2409:8087:1a0a:df::404b]/ottrrs.hl.chinamobile.com/TVOD/88888888/224/3221226313/index.m3u8, IPv_Type: ipv6, Location: 中国, ISP: 中国移动, Date: None, Delay: 0.1 ms, Speed: inf M/s, Resolution: 1920x1080
Name: 深圳卫视, URL: http://[2409:8087:1a01:df::4077]/ottrrs.hl.chinamobile.com/PLTV/88888888/8/3221226313/index.m3u8, IPv_Type: ipv6, Location: 中国, ISP: 中国移动, Date: None, Delay: 0.1 ms, Speed: inf M/s, Resolution: 1920x1080
Name: 深圳卫视, URL: http://[2409:8087:1a01:df::4077]/ottrrs.hl.chinamobile.com/PLTV/88888888/224/3221226313/index.m3u8, IPv_Type: ipv6, Location: 中国, ISP: 中国移动, Date: None, Delay: 0.1 ms, Speed: inf M/s, Resolution: 1920x1080
Name: 深圳卫视, URL: http://[2409:8087:1a01:df::4077]/ottrrs.hl.chinamobile.com/yinhe/88888888/224/3221226313/index.m3u8, IPv_Type: ipv6, Location: 中国, ISP: 中国移动, Date: None, Delay: 0.1 ms, Speed: inf M/s, Resolution: 1920x1080
Name: 深圳卫视, URL: http://[2409:8087:1a01:df::4077]:80/ottrrs.hl.chinamobile.com/PLTV/88888888/8/3221226313/index.m3u8, IPv_Type: ipv6, Location: 中国, ISP: 中国移动, Date: None, Delay: 0.1 ms, Speed: inf M/s, Resolution: 1920x1080
Name: 深圳卫视, URL: http://[2409:8087:8:21::18]:6610/otttv.bj.chinamobile.com/PLTV/88888888/224/3221226245/1.m3u8, IPv_Type: ipv6, Location: 中国, ISP: 中国移动, Date: None, Delay: 0.1 ms, Speed: inf M/s, Resolution: 1920x1080
Name: 深圳卫视, URL: http://[2409:8087:8:21::18]:6610/otttv.bj.chinamobile.com/PLTV/88888888/224/3221226495/1.m3u8, IPv_Type: ipv6, Location: 中国, ISP: 中国移动, Date: None, Delay: 0.1 ms, Speed: inf M/s, Resolution: 1920x1080
Name: 深圳卫视, URL: http://[2409:8087:8:21::18]:6610/otttv.bj.chinamobile.com/PLTV/88888888/224/3221226573/1.m3u8, IPv_Type: ipv6, Location: 中国, ISP: 中国移动, Date: None, Delay: 0.1 ms, Speed: inf M/s, Resolution: 1920x1080
Name: 深圳卫视, URL: http://[2409:8087:2001:20:2800:0:df6e:eb11]:80/ott.mobaibox.com/PLTV/4/224/3221227555/index.m3u8, IPv_Type: ipv6, Location: 中国, ISP: 中国移动, Date: None, Delay: 0.1 ms, Speed: inf M/s, Resolution: 1920x1080
Name: 深圳卫视, URL: http://yc.myds.me:35455/itv/5000000004000007410.m3u8?cdn=bestzb, IPv_Type: ipv6, Location: 中国, ISP: 中国电信, Date: None, Delay: 0.1 ms, Speed: inf M/s, Resolution: 1920x1080
Name: 深圳卫视, URL: http://yc.myds.me:35455/itv/6000000001000002116.m3u8?cdn=wasusyt, IPv_Type: ipv6, Location: 中国, ISP: 中国电信, Date: None, Delay: 0.1 ms, Speed: inf M/s, Resolution: 1920x1080
Name: 深圳卫视, URL: http://nas.suntao.online:35455/itv/5000000004000007410.m3u8?cdn=bestzb, IPv_Type: ipv6, Location: 中国, ISP: 中国联通, Date: None, Delay: 0.1 ms, Speed: inf M/s, Resolution: 1920x1080
Name: 深圳卫视, URL: http://dbiptv.sn.chinamobile.com/PLTV/88888888/224/3221225801/1.m3u8, IPv_Type: ipv6, Location: 中国, ISP: 中国移动, Date: None, Delay: 0.1 ms, Speed: inf M/s, Resolution: 1920x1080
Name: 深圳卫视, URL: http://hwrr.jx.chinamobile.com:8080/PLTV/88888888/224/3221225598/index.m3u8?fmt=ts2hls, IPv_Type: ipv6, Location: 中国, ISP: 中国移动, Date: None, Delay: 0.1 ms, Speed: inf M/s, Resolution: 1920x1080
Name: 深圳卫视, URL: http://[2409:8087:3428:20:500::100f]:6610/PLTV/88888888/224/3221225848/index.m3u8?servicetype=1&IASHttpSessionId=RR423820220409134714119178, IPv_Type: ipv6, Location: 中国, ISP: 中国移动, Date: None, Delay: 0.1 ms, Speed: inf M/s, Resolution: 1920x1080
Name: 深圳卫视, URL: http://[2409:8087:3428:20:500::1009]:6610/PLTV/88888888/224/3221225848/index.m3u8?servicetype=1&IASHttpSessionId=RR423820220409134714119178, IPv_Type: ipv6, Location: 中国, ISP: 中国移动, Date: None, Delay: 0.1 ms, Speed: inf M/s, Resolution: 1920x1080
Name: 深圳卫视, URL: http://[2409:8087:2001:20:2800:0:df6e:eb1a]:80/wh7f454c46tw207777730_-119365339/ott.mobaibox.com/PLTV/3/224/3221227624/index.m3u8?icpid=3&RTS=1674380323&from=40&popid=40&hms_devid=2116&prioritypopid=40&vqe=3, IPv_Type: ipv6, Location: 中国, ISP: 中国移动, Date: None, Delay: 0.1 ms, Speed: inf M/s, Resolution: 1920x1080
Name: 深圳卫视, URL: http://[2409:8087:2001:20:2800:0:df6e:eb0d]:80/wh7f454c46tw208051491_470444878/ott.mobaibox.com/PLTV/3/224/3221227677/index.m3u8?icpid=3&RTS=1674380323&from=40&popid=40&hms_devid=2040&prioritypopid=40&vqe=3, IPv_Type: ipv6, Location: 中国, ISP: 中国移动, Date: None, Delay: 0.1 ms, Speed: inf M/s, Resolution: 1920x1080
Name: 深圳卫视, URL: http://[2409:8087:2001:20:2800:0:df6e:eb02]:80/wh7f454c46tw208243183_695881801/ott.mobaibox.com/PLTV/3/224/3221227695/index.m3u8?icpid=3&RTS=1674380323&from=40&popid=40&hms_devid=2039&prioritypopid=40&vqe=3, IPv_Type: ipv6, Location: 中国, ISP: 中国移动, Date: None, Delay: 0.1 ms, Speed: inf M/s, Resolution: 1920x1080
Name: 深圳卫视, URL: http://[2409:8087:2001:20:2800:0:df6e:eb18]:80/wh7f454c46tw208466077_112536285/ott.mobaibox.com/PLTV/3/224/3221228236/index.m3u8?icpid=3&RTS=1674380323&from=40&popid=40&hms_devid=2113&prioritypopid=40&vqe=3, IPv_Type: ipv6, Location: 中国, ISP: 中国移动, Date: None, Delay: 0.1 ms, Speed: inf M/s, Resolution: 1920x1080
Name: 深圳卫视, URL: http://[2409:8087:2001:20:2800:0:df6e:eb10]:80/wh7f454c46tw209094840_889003019/ott.mobaibox.com/PLTV/3/224/3221227555/index.m3u8?icpid=3&RTS=1674380324&from=40&popid=40&hms_devid=2110&prioritypopid=40&vqe=3, IPv_Type: ipv6, Location: 中国, ISP: 中国移动, Date: None, Delay: 0.1 ms, Speed: inf M/s, Resolution: 1920x1080
Name: 深圳卫视, URL: http://[2409:8087:1e03:21::42]:6610/cms001/ch00000090990000001030/index.m3u8, IPv_Type: ipv6, Location: 中国, ISP: 中国移动, Date: None, Delay: 0.1 ms, Speed: inf M/s, Resolution: 1920x1080
Name: 深圳卫视, URL: http://[2409:8087:1a01:df::4077]:80/ottrrs.hl.chinamobile.com/PLTV/88888888/224/3221226313/index.m3u8, IPv_Type: ipv6, Location: 中国, ISP: 中国移动, Date: None, Delay: 0.1 ms, Speed: inf M/s, Resolution: 1920x1080
Name: 深圳卫视, URL: http://[2409:8087:1a01:df::4077]:80/ottrrs.hl.chinamobile.com/yinhe/88888888/224/3221226313/index.m3u8, IPv_Type: ipv6, Location: 中国, ISP: 中国移动, Date: None, Delay: 0.1 ms, Speed: inf M/s, Resolution: 1920x1080
Name: 深圳卫视, URL: http://lu.wqwqwq.sbs/itv/1000000005000265028.m3u8?cdn=ystenlive, IPv_Type: ipv6, Location: 美国, ISP: CloudFlare Inc., Date: None, Delay: 0.1 ms, Speed: inf M/s, Resolution: 1920x1080
Name: 深圳卫视, URL: http://dbiptv.sn.chinamobile.com/PLTV/88888890/224/3221226205/index.m3u8, IPv_Type: ipv6, Location: 中国, ISP: 中国移动, Date: None, Delay: 0.1 ms, Speed: inf M/s, Resolution: 1920x1080
Name: 深圳卫视, URL: http://[2409:8087:2001:20:2800:0:df6e:eb11]/wh7f454c46tw3025923625_628894334/ott.mobaibox.com/PLTV/3/224/3221227555/index.m3u8?icpid=3&RTS=1668597820&from=40&popid=40&hms_devid=2110&prioritypopid=40&vqe=3, IPv_Type: ipv6, Location: 中国, ISP: 中国移动, Date: None, Delay: 0.1 ms, Speed: inf M/s, Resolution: 1920x1080
Name: 深圳卫视, URL: http://[2409:8087:1e03:21::2]:6060/cms001/ch00000090990000001030/index.m3u8, IPv_Type: ipv6, Location: 中国, ISP: 中国移动, Date: None, Delay: 0.1 ms, Speed: inf M/s, Resolution: 1920x1080
Name: 深圳卫视, URL: http://[2409:8087:3428:20:500::100f]:6610/PLTV/88888888/224/3221227242/index.m3u8?servicetype=1&IASHttpSessionId=RR423820220409134714119178, IPv_Type: ipv6, Location: 中国, ISP: 中国移动, Date: None, Delay: 0.1 ms, Speed: inf M/s, Resolution: 1920x1080
Name: 深圳卫视, URL: http://[2409:8087:3428:20:500::1009]:6610/PLTV/88888888/224/3221227242/index.m3u8?servicetype=1&IASHttpSessionId=RR423820220409134714119178, IPv_Type: ipv6, Location: 中国, ISP: 中国移动, Date: None, Delay: 0.1 ms, Speed: inf M/s, Resolution: 1920x1080
Name: 深圳卫视, URL: http://[2409:8087:2001:20:2800:0:df6e:eb0a]:80/wh7f454c46tw2172834728_-2116765000/ott.mobaibox.com/PLTV/3/224/3221227307/index.m3u8?icpid=3&RTS=1674386583&from=40&popid=40&hms_devid=2038&prioritypopid=40&vqe=3, IPv_Type: ipv6, Location: 中国, ISP: 中国移动, Date: None, Delay: 0.1 ms, Speed: inf M/s, Resolution: 1920x1080
Name: 深圳卫视, URL: http://[2409:8087:2001:20:2800:0:df6e:eb0d]:80/wh7f454c46tw2172973032_-185211384/ott.mobaibox.com/PLTV/3/224/3221227442/index.m3u8?icpid=3&RTS=1674386583&from=40&popid=40&hms_devid=2040&prioritypopid=40&vqe=3, IPv_Type: ipv6, Location: 中国, ISP: 中国移动, Date: None, Delay: 0.1 ms, Speed: inf M/s, Resolution: 1920x1080
Name: 深圳卫视, URL: http://[2409:8087:2001:20:2800:0:df6e:eb07]:80/wh7f454c46tw208659612_-112921820/ott.mobaibox.com/PLTV/3/224/3221227217/index.m3u8?icpid=3&RTS=1674380324&from=40&popid=40&hms_devid=2036&prioritypopid=40&vqe=3, IPv_Type: ipv6, Location: 中国, ISP: 中国移动, Date: None, Delay: 0.1 ms, Speed: inf M/s, Resolution: 1920x1080
Name: 深圳卫视, URL: http://[2409:8087:74f0:22::5]:6410/270000001128/9900000529/index.m3u8, IPv_Type: ipv6, Location: 中国, ISP: 中国移动, Date: None, Delay: 0.1 ms, Speed: inf M/s, Resolution: 1920x1080
Name: 深圳卫视, URL: http://[2409:8087:1a01:df::7005]/ottrrs.hl.chinamobile.com/PLTV/88888888/224/3221226313/index.m3u8, IPv_Type: ipv6, Location: 中国, ISP: 中国移动, Date: None, Delay: 0.1 ms, Speed: inf M/s, Resolution: 1920x1080
Name: 深圳卫视, URL: http://[2409:8087:1a01:df::7005]:80/ottrrs.hl.chinamobile.com/PLTV/88888888/224/3221226313/index.m3u8, IPv_Type: ipv6, Location: 中国, ISP: 中国移动, Date: None, Delay: 0.1 ms, Speed: inf M/s, Resolution: 1920x1080
Name: 深圳卫视, URL: http://[2409:8087:5e00:24::1e]:6060/200000001898/460000089800010068/1.m3u8, IPv_Type: ipv6, Location: 中国, ISP: 中国移动, Date: None, Delay: 0.1 ms, Speed: inf M/s, Resolution: 1920x1080
Name: 深圳卫视, URL: http://[2409:8087:3869:8021:1001::e5]:6610/PLTV/88888888/224/3221225741/2/index.m3u8, IPv_Type: ipv6, Location: 中国, ISP: 中国移动, Date: None, Delay: -1 ms, Speed: 0.00 M/s, Resolution: None
Name: 深圳卫视, URL: http://[2409:8087:8:21::18]:6610/otttv.bj.chinamobile.com/PLTV/88888888/224/3221226959/1.m3u8?GuardEncType=2&accountinfo=%7E%7EV2.0%7EGrVNEZREjuNVKiTJo2mtwg%7EtP4-l0lmSfjwLWEfK_el1vH_mv-s1zo4AQJwdedaVwG9xkuFTDg8J26cwOrNJzn20BErrHdLhuZ9EzLUCD3PMW-OMx4MGteHV2vLeW6BqoY%2CEND, IPv_Type: ipv6, Location: 中国, ISP: 中国移动, Date: None, Delay: -1 ms, Speed: 0.00 M/s, Resolution: None
Name: 深圳卫视, URL: http://[2409:8087:3869:8021:1001::e5]:6610/PLTV/88888888/224/3221225700/2/index.m3u8, IPv_Type: ipv6, Location: 中国, ISP: 中国移动, Date: None, Delay: -1 ms, Speed: 0.00 M/s, Resolution: None
Name: 深圳卫视, URL: http://[2409:8087:3869:8021:1001::e5]:6610/PLTV/88888888/224/3221225598/2/index.m3u8, IPv_Type: ipv6, Location: 中国, ISP: 中国移动, Date: None, Delay: -1 ms, Speed: 0.00 M/s, Resolution: None
Name: 深圳卫视, URL: http://rrs01.hw.gmcc.net:8088/PLTV/81/224/3221226688/1.m3u8, IPv_Type: ipv6, Location: 中国, ISP: 中国移动, Date: None, Delay: -1 ms, Speed: 0.00 M/s, Resolution: None
Name: 深圳卫视, URL: https://cc06.tv12.xyz/108.m3u8, IPv_Type: ipv6, Location: 美国, ISP: CloudFlare Inc., Date: None, Delay: -1 ms, Speed: 0.00 M/s, Resolution: None
Name: 深圳卫视, URL: http://23.237.228.134/live6/shenzhen.m3u8, IPv_Type: ipv4, Location: 北美地区, ISP: , Date: None, Delay: 80 ms, Speed: 11.09 M/s, Resolution: 1920x1080
Name: 三沙卫视, URL: http://[2409:8087:2001:20:2800:0:df6e:eb21]:80/ott.mobaibox.com/PLTV/4/224/3221228626/index.m3u8, IPv_Type: ipv6, Location: 中国, ISP: 中国移动, Date: None, Delay: 0.1 ms, Speed: inf M/s, Resolution: 1920x1080
Name: 三沙卫视, URL: http://[2409:8087:1e03:21::2]:6060/cms001/ch00000090990000001185/index.m3u8, IPv_Type: ipv6, Location: 中国, ISP: 中国移动, Date: None, Delay: 0.1 ms, Speed: inf M/s, Resolution: 1920x1080
Name: 三沙卫视, URL: http://[2409:8087:3428:20:500::100f]:6610/PLTV/88888888/224/3221227172/index.m3u8?servicetype=1&IASHttpSessionId=RR423820220409134714119178, IPv_Type: ipv6, Location: 中国, ISP: 中国移动, Date: None, Delay: 0.1 ms, Speed: inf M/s, Resolution: 1920x1080
Name: 三沙卫视, URL: http://[2409:8087:3428:20:500::1009]:6610/PLTV/88888888/224/3221227172/index.m3u8?servicetype=1&IASHttpSessionId=RR423820220409134714119178, IPv_Type: ipv6, Location: 中国, ISP: 中国移动, Date: None, Delay: 0.1 ms, Speed: inf M/s, Resolution: 1920x1080
Name: 三沙卫视, URL: http://[2409:8087:5e01:34::20]:6610/ZTE_CMS/08984400000000060000000000000319/index.m3u8?IAS, IPv_Type: ipv6, Location: 中国, ISP: 中国移动, Date: None, Delay: 0.1 ms, Speed: inf M/s, Resolution: 1920x1080
Name: 三沙卫视, URL: http://[2409:8087:8:21::18]:6610/otttv.bj.chinamobile.com/PLTV/88888888/224/3221226544/1.m3u8, IPv_Type: ipv6, Location: 中国, ISP: 中国移动, Date: None, Delay: 0.1 ms, Speed: inf M/s, Resolution: 1920x1080
Name: 三沙卫视, URL: http://[2409:8087:5e01:34::21]:6610/ZTE_CMS/08984400000000060000000000000319/index.m3u8, IPv_Type: ipv6, Location: 中国, ISP: 中国移动, Date: None, Delay: 0.1 ms, Speed: inf M/s, Resolution: 1920x1080
Name: 三沙卫视, URL: http://[2409:8087:5e01:34::21]:6610/ZTE_CMS/08984400000000060000000000000319/index.m3u8?IASHttpSessionId=OTT, IPv_Type: ipv6, Location: 中国, ISP: 中国移动, Date: None, Delay: 0.1 ms, Speed: inf M/s, Resolution: 1920x1080
Name: 三沙卫视, URL: http://[2409:8087:5e00:24::1e]:6060/000000001000/4600001000000000117/1.m3u8, IPv_Type: ipv6, Location: 中国, ISP: 中国移动, Date: None, Delay: 0.1 ms, Speed: inf M/s, Resolution: 1920x1080
Name: 三沙卫视, URL: https://livessws.hnntv.cn/live/ssws_02hnntv.m3u8?_upt=c509d0ea1747156492, IPv_Type: ipv6, Location: 中国, ISP: 中国电信, Date: None, Delay: -1 ms, Speed: 0.00 M/s, Resolution: None
Name: 三沙卫视, URL: http://38.75.136.137:98/gslb/dsdqpub/ssws.m3u8?auth=testpub, IPv_Type: ipv4, Location: 美国-哥伦比亚特区-哥伦比亚特区, ISP: Cogent, Date: None, Delay: 576 ms, Speed: 8.79 M/s, Resolution: 1920x1080
Name: 天津卫视, URL: http://php.jdshipin.com/TVOD/hljyd.php?id=3221226459, IPv_Type: ipv6, Location: 美国, ISP: CloudFlare Inc., Date: None, Delay: 0.1 ms, Speed: inf M/s, Resolution: 1920x1080
Name: 天津卫视, URL: http://iptv.huuc.edu.cn/hls/tjhd.m3u8, IPv_Type: ipv6, Location: 中国, ISP: 教育网, Date: None, Delay: 0.1 ms, Speed: inf M/s, Resolution: 1920x1080
Name: 天津卫视, URL: http://[2409:8087:1a01:df::4030]:80/TVOD/88888888/224/3221225972/main.m3u8, IPv_Type: ipv6, Location: 中国, ISP: 中国移动, Date: None, Delay: 0.1 ms, Speed: inf M/s, Resolution: 1920x1080
Name: 天津卫视, URL: http://[2409:8087:1a0a:df::404b]/ottrrs.hl.chinamobile.com/TVOD/88888888/224/3221226459/index.m3u8, IPv_Type: ipv6, Location: 中国, ISP: 中国移动, Date: None, Delay: 0.1 ms, Speed: inf M/s, Resolution: 1920x1080
Name: 天津卫视, URL: http://[2409:8087:1a01:df::4077]/ottrrs.hl.chinamobile.com/PLTV/88888888/8/3221226459/index.m3u8, IPv_Type: ipv6, Location: 中国, ISP: 中国移动, Date: None, Delay: 0.1 ms, Speed: inf M/s, Resolution: 1920x1080
Name: 天津卫视, URL: http://[2409:8087:8:21::18]:6610/otttv.bj.chinamobile.com/PLTV/88888888/224/3221226246/1.m3u8, IPv_Type: ipv6, Location: 中国, ISP: 中国移动, Date: None, Delay: 0.1 ms, Speed: inf M/s, Resolution: 1920x1080
Name: 天津卫视, URL: http://[2409:8087:8:21::18]:6610/otttv.bj.chinamobile.com/PLTV/88888888/224/3221226489/1.m3u8, IPv_Type: ipv6, Location: 中国, ISP: 中国移动, Date: None, Delay: 0.1 ms, Speed: inf M/s, Resolution: 1920x1080
Name: 天津卫视, URL: http://[2409:8087:8:21::18]:6610/otttv.bj.chinamobile.com/PLTV/88888888/224/3221226502/1.m3u8, IPv_Type: ipv6, Location: 中国, ISP: 中国移动, Date: None, Delay: 0.1 ms, Speed: inf M/s, Resolution: 1920x1080
Name: 天津卫视, URL: http://[2409:8087:1a01:df::4077]:80/ottrrs.hl.chinamobile.com/yinhe/88888888/224/3221226459/index.m3u8, IPv_Type: ipv6, Location: 中国, ISP: 中国移动, Date: None, Delay: 0.1 ms, Speed: inf M/s, Resolution: 1920x1080
Name: 天津卫视, URL: http://[2409:8087:1e03:21::2]:6060/cms001/ch00000090990000001036/index.m3u8, IPv_Type: ipv6, Location: 中国, ISP: 中国移动, Date: None, Delay: 0.1 ms, Speed: inf M/s, Resolution: 1920x1080
Name: 天津卫视, URL: http://[2409:8087:2001:20:2800:0:df6e:eb11]:80/ott.mobaibox.com/PLTV/4/224/3221227488/index.m3u8, IPv_Type: ipv6, Location: 中国, ISP: 中国移动, Date: None, Delay: 0.1 ms, Speed: inf M/s, Resolution: 1920x1080
Name: 天津卫视, URL: http://[2409:8087:2001:20:2800:0:df6e:eb11]/wh7f454c46tw2730715388_788631706/ott.mobaibox.com/PLTV/3/224/3221227488/index.m3u8?icpid=3&RTS=1668597525&from=40&popid=40&hms_devid=2110&prioritypopid=40&vqe=3, IPv_Type: ipv6, Location: 中国, ISP: 中国移动, Date: None, Delay: 0.1 ms, Speed: inf M/s, Resolution: 1920x1080
Name: 天津卫视, URL: http://yc.myds.me:35455/itv/5000000004000006827.m3u8?cdn=bestzb, IPv_Type: ipv6, Location: 中国, ISP: 中国电信, Date: None, Delay: 0.1 ms, Speed: inf M/s, Resolution: 1920x1080
Name: 天津卫视, URL: http://yc.myds.me:35455/itv/6000000001000009186.m3u8?cdn=wasusyt, IPv_Type: ipv6, Location: 中国, ISP: 中国电信, Date: None, Delay: 0.1 ms, Speed: inf M/s, Resolution: 1920x1080
Name: 天津卫视, URL: http://nas.suntao.online:35455/itv/5000000004000006827.m3u8?cdn=bestzb, IPv_Type: ipv6, Location: 中国, ISP: 中国联通, Date: None, Delay: 0.1 ms, Speed: inf M/s, Resolution: 1920x1080
Name: 天津卫视, URL: http://iptv.cdn.ha.chinamobile.com/PLTV/88888888/224/3221227209/index.m3u8, IPv_Type: ipv6, Location: 中国, ISP: 中国移动, Date: None, Delay: 0.1 ms, Speed: inf M/s, Resolution: 1920x1080
Name: 天津卫视, URL: http://dbiptv.sn.chinamobile.com/PLTV/88888888/224/3221226204/1.m3u8, IPv_Type: ipv6, Location: 中国, ISP: 中国移动, Date: None, Delay: 0.1 ms, Speed: inf M/s, Resolution: 1920x1080
Name: 天津卫视, URL: http://cdn.jdshipin.com:8880/ysp.php?id=tjws, IPv_Type: ipv6, Location: 美国, ISP: CloudFlare Inc., Date: None, Delay: 0.1 ms, Speed: inf M/s, Resolution: 1920x1080
Name: 天津卫视, URL: http://hwrr.jx.chinamobile.com:8080/PLTV/88888888/224/3221225485/index.m3u8?fmt=ts2hls, IPv_Type: ipv6, Location: 中国, ISP: 中国移动, Date: None, Delay: 0.1 ms, Speed: inf M/s, Resolution: 1920x1080
Name: 天津卫视, URL: http://[2409:8087:3428:20:500::100f]:6610/PLTV/88888888/224/3221225830/index.m3u8?servicetype=1&IASHttpSessionId=RR423820220409134714119178, IPv_Type: ipv6, Location: 中国, ISP: 中国移动, Date: None, Delay: 0.1 ms, Speed: inf M/s, Resolution: 1920x1080
Name: 天津卫视, URL: http://[2409:8087:3428:20:500::1009]:6610/PLTV/88888888/224/3221225830/index.m3u8?servicetype=1&IASHttpSessionId=RR423820220409134714119178, IPv_Type: ipv6, Location: 中国, ISP: 中国移动, Date: None, Delay: 0.1 ms, Speed: inf M/s, Resolution: 1920x1080
Name: 天津卫视, URL: http://[2409:8087:2001:20:2800:0:df6e:eb06]:80/wh7f454c46tw195619489_1991259086/ott.mobaibox.com/PLTV/3/224/3221227212/index.m3u8?icpid=3&RTS=1674380311&from=40&popid=40&hms_devid=2036&prioritypopid=40&vqe=3, IPv_Type: ipv6, Location: 中国, ISP: 中国移动, Date: None, Delay: 0.1 ms, Speed: inf M/s, Resolution: 1920x1080
Name: 天津卫视, URL: http://[2409:8087:2001:20:2800:0:df6e:eb0c]:80/wh7f454c46tw1929912988_-881662239/ott.mobaibox.com/PLTV/3/224/3221227756/index.m3u8?icpid=3&RTS=1674386340&from=40&popid=40&hms_devid=2040&prioritypopid=40&vqe=3, IPv_Type: ipv6, Location: 中国, ISP: 中国移动, Date: None, Delay: 0.1 ms, Speed: inf M/s, Resolution: 1920x1080
Name: 天津卫视, URL: http://[2409:8087:2001:20:2800:0:df6e:eb0b]:80/wh7f454c46tw196224632_-1061507187/ott.mobaibox.com/PLTV/3/224/3221228239/index.m3u8?icpid=3&RTS=1674380311&from=40&popid=40&hms_devid=2038&prioritypopid=40&vqe=3, IPv_Type: ipv6, Location: 中国, ISP: 中国移动, Date: None, Delay: 0.1 ms, Speed: inf M/s, Resolution: 1920x1080
Name: 天津卫视, URL: http://[2409:8087:1e03:21::42]:6610/cms001/ch00000090990000001036/index.m3u8, IPv_Type: ipv6, Location: 中国, ISP: 中国移动, Date: None, Delay: 0.1 ms, Speed: inf M/s, Resolution: 1920x1080
Name: 天津卫视, URL: http://[2409:8087:2001:20:2800:0:df6e:eb26]:80/wh7f454c46tw2314153559_1325890662/ott.mobaibox.com/PLTV/3/224/3221228416/index.m3u8?icpid=3&RTS=1674468328&from=40&popid=40&hms_devid=2293&prioritypopid=40&vqe=3, IPv_Type: ipv6, Location: 中国, ISP: 中国移动, Date: None, Delay: 0.1 ms, Speed: inf M/s, Resolution: 1920x1080
Name: 天津卫视, URL: http://[2409:8087:4c0a:22:1::11]:6410/170000001115/UmaiCHAN3450000BESTVSMGSMG/index.m3u8?m3u8_level=2, IPv_Type: ipv6, Location: 中国, ISP: 中国移动, Date: None, Delay: 0.1 ms, Speed: inf M/s, Resolution: 1920x1080
Name: 天津卫视, URL: http://[2409:8087:5e01:34::38]:6610/ZTE_CMS/00000001000000060000000000000249/index.m3u8, IPv_Type: ipv6, Location: 中国, ISP: 中国移动, Date: None, Delay: 0.1 ms, Speed: inf M/s, Resolution: 1920x1080
Name: 天津卫视, URL: http://[2409:8087:5e00:24::1e]:6060/200000001898/460000089800010069/1.m3u8, IPv_Type: ipv6, Location: 中国, ISP: 中国移动, Date: None, Delay: 0.1 ms, Speed: inf M/s, Resolution: 1920x1080
Name: 天津卫视, URL: http://[2409:8087:5e01:34::38]:6610/ZTE_CMS/00000001000000060000000000000249/index.m3u8?, IPv_Type: ipv6, Location: 中国, ISP: 中国移动, Date: None, Delay: 0.1 ms, Speed: inf M/s, Resolution: 1920x1080
Name: 天津卫视, URL: http://[2409:8087:5e01:34::21]:6610/ZTE_CMS/00000001000000060000000000000249/index.m3u8?IAS, IPv_Type: ipv6, Location: 中国, ISP: 中国移动, Date: None, Delay: 0.1 ms, Speed: inf M/s, Resolution: 1920x1080
Name: 天津卫视, URL: http://[2409:8087:5e01:34::22]:6610/ZTE_CMS/00000001000000060000000000000249/index.m3u8?IAS, IPv_Type: ipv6, Location: 中国, ISP: 中国移动, Date: None, Delay: 0.1 ms, Speed: inf M/s, Resolution: 1920x1080
Name: 天津卫视, URL: http://[2409:8087:5e01:34::20]:6610/ZTE_CMS/00000001000000060000000000000249/index.m3u8?IAS, IPv_Type: ipv6, Location: 中国, ISP: 中国移动, Date: None, Delay: 0.1 ms, Speed: inf M/s, Resolution: 1920x1080
Name: 天津卫视, URL: http://[2409:8087:4c0a:22:1::11]:6410/170000001115/UmaiCHAN3450000BESTVSMGSMG/index.m3u8?AuthInfo=9kOOdBn7MFF%2F2bWjKgahUZnlX6d6Ukio1jy49XlNnaUAmpLefguRLiOPXiDRWhxHtqJ1Caox489JiEKddi6MNiecVT4WDzN0xwhlk8OSvQg, IPv_Type: ipv6, Location: 中国, ISP: 中国移动, Date: None, Delay: 0.1 ms, Speed: inf M/s, Resolution: 1920x1080
Name: 天津卫视, URL: http://[2409:8087:5e01:34::23]:6610/ZTE_CMS/00000001000000060000000000000249/index.m3u8?IAS, IPv_Type: ipv6, Location: 中国, ISP: 中国移动, Date: None, Delay: 0.1 ms, Speed: inf M/s, Resolution: 1920x1080
Name: 天津卫视, URL: http://[2409:8087:1a01:df::4077]/ottrrs.hl.chinamobile.com/PLTV/88888888/224/3221226459/index.m3u8, IPv_Type: ipv6, Location: 中国, ISP: 中国移动, Date: None, Delay: 0.1 ms, Speed: inf M/s, Resolution: 1920x1080
Name: 天津卫视, URL: http://[2409:8087:1a01:df::4077]/ottrrs.hl.chinamobile.com/yinhe/88888888/224/3221226459/index.m3u8, IPv_Type: ipv6, Location: 中国, ISP: 中国移动, Date: None, Delay: 0.1 ms, Speed: inf M/s, Resolution: 1920x1080
Name: 天津卫视, URL: http://[2409:8087:1a01:df::4077]:80/ottrrs.hl.chinamobile.com/PLTV/88888888/8/3221226459/index.m3u8, IPv_Type: ipv6, Location: 中国, ISP: 中国移动, Date: None, Delay: 0.1 ms, Speed: inf M/s, Resolution: 1920x1080
Name: 天津卫视, URL: http://[2409:8087:1a01:df::4077]:80/ottrrs.hl.chinamobile.com/PLTV/88888888/224/3221226459/index.m3u8, IPv_Type: ipv6, Location: 中国, ISP: 中国移动, Date: None, Delay: 0.1 ms, Speed: inf M/s, Resolution: 1920x1080
Name: 天津卫视, URL: http://lu.wqwqwq.sbs/itv/1000000005000265026.m3u8?cdn=ystenlive, IPv_Type: ipv6, Location: 美国, ISP: CloudFlare Inc., Date: None, Delay: 0.1 ms, Speed: inf M/s, Resolution: 1920x1080
Name: 天津卫视, URL: http://dbiptv.sn.chinamobile.com/PLTV/88888890/224/3221226204/index.m3u8, IPv_Type: ipv6, Location: 中国, ISP: 中国移动, Date: None, Delay: 0.1 ms, Speed: inf M/s, Resolution: 1920x1080
Name: 天津卫视, URL: http://[2409:8087:3428:20:500::100f]:6610/PLTV/88888888/224/3221227205/index.m3u8?servicetype=1&IASHttpSessionId=RR423820220409134714119178, IPv_Type: ipv6, Location: 中国, ISP: 中国移动, Date: None, Delay: 0.1 ms, Speed: inf M/s, Resolution: 1920x1080
Name: 天津卫视, URL: http://[2409:8087:3428:20:500::1009]:6610/PLTV/88888888/224/3221227205/index.m3u8?servicetype=1&IASHttpSessionId=RR423820220409134714119178, IPv_Type: ipv6, Location: 中国, ISP: 中国移动, Date: None, Delay: 0.1 ms, Speed: inf M/s, Resolution: 1920x1080
Name: 天津卫视, URL: http://[2409:8087:2001:20:2800:0:df6e:eb07]:80/wh7f454c46tw1542691313_-1687194417/ott.mobaibox.com/PLTV/3/224/3221227633/index.m3u8?icpid=3&RTS=1674385953&from=40&popid=40&hms_devid=2036&prioritypopid=40&vqe=3, IPv_Type: ipv6, Location: 中国, ISP: 中国移动, Date: None, Delay: 0.1 ms, Speed: inf M/s, Resolution: 1920x1080
Name: 天津卫视, URL: http://[2409:8087:2001:20:2800:0:df6e:eb0b]:80/wh7f454c46tw1929746065_-1403112337/ott.mobaibox.com/PLTV/3/224/3221227741/index.m3u8?icpid=3&RTS=1674386340&from=40&popid=40&hms_devid=2038&prioritypopid=40&vqe=3, IPv_Type: ipv6, Location: 中国, ISP: 中国移动, Date: None, Delay: 0.1 ms, Speed: inf M/s, Resolution: 1920x1080
Name: 天津卫视, URL: http://[2409:8087:2001:20:2800:0:df6e:eb11]:80/wh7f454c46tw196835302_-677158849/ott.mobaibox.com/PLTV/3/224/3221227488/index.m3u8?icpid=3&RTS=1674380312&from=40&popid=40&hms_devid=2110&prioritypopid=40&vqe=3, IPv_Type: ipv6, Location: 中国, ISP: 中国移动, Date: None, Delay: 0.1 ms, Speed: inf M/s, Resolution: 1920x1080
Name: 天津卫视, URL: http://[2409:8087:74f0:22::6]:6410/270000001128/9900000530/index.m3u8, IPv_Type: ipv6, Location: 中国, ISP: 中国移动, Date: None, Delay: 0.1 ms, Speed: inf M/s, Resolution: 1920x1080
Name: 天津卫视, URL: http://[2409:8087:1a01:df::7005]/ottrrs.hl.chinamobile.com/PLTV/88888888/224/3221226459/index.m3u8, IPv_Type: ipv6, Location: 中国, ISP: 中国移动, Date: None, Delay: 0.1 ms, Speed: inf M/s, Resolution: 1920x1080
Name: 天津卫视, URL: http://[2409:8087:1a01:df::7005]:80/ottrrs.hl.chinamobile.com/PLTV/88888888/224/3221226459/index.m3u8, IPv_Type: ipv6, Location: 中国, ISP: 中国移动, Date: None, Delay: 0.1 ms, Speed: inf M/s, Resolution: 1920x1080
Name: 天津卫视, URL: http://[2409:8087:3869:8021:1001::e5]:6610/PLTV/88888910/224/3221225698/index.m3u8, IPv_Type: ipv6, Location: 中国, ISP: 中国移动, Date: None, Delay: 0.1 ms, Speed: inf M/s, Resolution: 1920x1080
Name: 天津卫视, URL: http://[2409:8087:3869:8021:1001::e5]:6610/PLTV/88888888/224/3221225485/2/index.m3u8, IPv_Type: ipv6, Location: 中国, ISP: 中国移动, Date: None, Delay: -1 ms, Speed: 0.00 M/s, Resolution: None
Name: 天津卫视, URL: http://[2409:8087:3869:8021:1001::e5]:6610/PLTV/88888888/224/3221225698/2/index.m3u8, IPv_Type: ipv6, Location: 中国, ISP: 中国移动, Date: None, Delay: -1 ms, Speed: 0.00 M/s, Resolution: None
Name: 天津卫视, URL: http://[2409:8087:8:21::18]:6610/otttv.bj.chinamobile.com/PLTV/88888888/224/3221226954/1.m3u8?GuardEncType=2&accountinfo=%7E%7EV2.0%7Eaf3wyULP1h575eM_4ByMDg%7EtP4-l0lmSfjwLWEfK_el1vH_mv-s1zo4AQJwdedaVwG9xkuFTDg8J26cwOrNJzn20BErrHdLhuZ9EzLUCD3PMW-OMx4MGteHV2vLeW6BqoY%2CEND, IPv_Type: ipv6, Location: 中国, ISP: 中国移动, Date: None, Delay: -1 ms, Speed: 0.00 M/s, Resolution: None
Name: 天津卫视, URL: http://[2409:8087:3869:8021:1001::e5]:6610/PLTV/88888888/224/3221225739/2/index.m3u8, IPv_Type: ipv6, Location: 中国, ISP: 中国移动, Date: None, Delay: -1 ms, Speed: 0.00 M/s, Resolution: None
Name: 天津卫视, URL: http://rrs01.hw.gmcc.net:8088/PLTV/81/224/3221226686/1.m3u8, IPv_Type: ipv6, Location: 中国, ISP: 中国移动, Date: None, Delay: -1 ms, Speed: 0.00 M/s, Resolution: None
Name: 天津卫视, URL: http://live.wqwqwq.sbs/itv/5000000004000006827.m3u8?cdn=bestzb, IPv_Type: ipv6, Location: 美国, ISP: CloudFlare Inc., Date: None, Delay: -1 ms, Speed: 0.00 M/s, Resolution: None
Name: 西藏卫视, URL: https://tv.vtibet.cn/live/h701F9MpxzPDyE.m3u8?secret=4eca0fb428c7390f0e7cdee6a0044c78&time=6817e4bb, IPv_Type: ipv6, Location: 中国, ISP: 中国电信, Date: None, Delay: 0.1 ms, Speed: inf M/s, Resolution: 1920x1080
Name: 西藏卫视, URL: https://tv.vtibet.cn/live/h701F9MpxzPDyE.m3u8?secret=afa6fbb9cc7add965ab98221ae0d8596&time=681691e7, IPv_Type: ipv6, Location: 中国, ISP: 中国电信, Date: None, Delay: 0.1 ms, Speed: inf M/s, Resolution: 1920x1080
Name: 西藏卫视, URL: https://tv.vtibet.cn/live/h701F9MpxzPDyE.m3u8?secret=ddde6b45f5065c5066ded53d6559f31c&time=68134627, IPv_Type: ipv6, Location: 中国, ISP: 中国电信, Date: None, Delay: 0.1 ms, Speed: inf M/s, Resolution: 1920x1080
Name: 西藏卫视, URL: http://[2409:8087:1e03:21::2]:6060/cms001/ch00000090990000001072/index.m3u8, IPv_Type: ipv6, Location: 中国, ISP: 中国移动, Date: None, Delay: 0.1 ms, Speed: inf M/s, Resolution: 1920x1080
Name: 西藏卫视, URL: http://[2409:8087:3428:20:500::100f]:6610/PLTV/88888888/224/3221226847/index.m3u8?servicetype=1&IASHttpSessionId=RR423820220409134714119178, IPv_Type: ipv6, Location: 中国, ISP: 中国移动, Date: None, Delay: 0.1 ms, Speed: inf M/s, Resolution: 1920x1080
Name: 西藏卫视, URL: http://[2409:8087:3428:20:500::1009]:6610/PLTV/88888888/224/3221226847/index.m3u8?servicetype=1&IASHttpSessionId=RR423820220409134714119178, IPv_Type: ipv6, Location: 中国, ISP: 中国移动, Date: None, Delay: 0.1 ms, Speed: inf M/s, Resolution: 1920x1080
Name: 西藏卫视, URL: http://[2409:8087:8:21::18]:6610/otttv.bj.chinamobile.com/PLTV/88888888/224/3221226527/1.m3u8, IPv_Type: ipv6, Location: 中国, ISP: 中国移动, Date: None, Delay: 0.1 ms, Speed: inf M/s, Resolution: 1920x1080
Name: 西藏卫视, URL: http://[2409:8087:8:21::18]:6610/otttv.bj.chinamobile.com/PLTV/88888888/224/3221226930/1.m3u8, IPv_Type: ipv6, Location: 中国, ISP: 中国移动, Date: None, Delay: 0.1 ms, Speed: inf M/s, Resolution: 1920x1080
Name: 西藏卫视, URL: http://[2409:8087:3428:20:500::100f]:6610/PLTV/88888888/224/3221227217/index.m3u8?servicetype=1&IASHttpSessionId=RR423820220409134714119178, IPv_Type: ipv6, Location: 中国, ISP: 中国移动, Date: None, Delay: 0.1 ms, Speed: inf M/s, Resolution: 1920x1080
Name: 西藏卫视, URL: https://tv.vtibet.cn/live/h701F9MpxzPDyE.m3u8?secret=8256c872ff0deaa54124f36a4655c97e&time=6810e978, IPv_Type: ipv6, Location: 中国, ISP: 中国电信, Date: None, Delay: 0.1 ms, Speed: inf M/s, Resolution: 1920x1080
Name: 西藏卫视, URL: http://php.jdshipin.com/xztv.php?id=ws, IPv_Type: ipv6, Location: 美国, ISP: CloudFlare Inc., Date: None, Delay: 0.1 ms, Speed: inf M/s, Resolution: 1920x1080
Name: 西藏卫视, URL: http://dbiptv.sn.chinamobile.com/PLTV/88888888/224/3221226212/1.m3u8, IPv_Type: ipv6, Location: 中国, ISP: 中国移动, Date: None, Delay: 0.1 ms, Speed: inf M/s, Resolution: 1920x1080
Name: 西藏卫视, URL: http://[2409:8087:3428:20:500::1009]:6610/PLTV/88888888/224/3221227217/index.m3u8?servicetype=1&IASHttpSessionId=RR423820220409134714119178, IPv_Type: ipv6, Location: 中国, ISP: 中国移动, Date: None, Delay: 0.1 ms, Speed: inf M/s, Resolution: 1920x1080
Name: 西藏卫视, URL: http://[2409:8087:8:21::18]:6610/otttv.bj.chinamobile.com/PLTV/88888888/224/3221227033/1.m3u8?GuardEncType=2&accountinfo=%7E%7EV2.0%7EdeTB7OZ9G_VNJk5C3t96fQ%7EtP4-l0lmSfjwLWEfK_el1vH_mv-s1zo4AQJwdedaVwG9xkuFTDg8J26cwOrNJzn20BErrHdLhuZ9EzLUCD3PMW-OMx4MGteHV2vLeW6BqoY%2CEND, IPv_Type: ipv6, Location: 中国, ISP: 中国移动, Date: None, Delay: -1 ms, Speed: 0.00 M/s, Resolution: None
Name: 西藏卫视, URL: http://[2409:8087:3869:8021:1001::e5]:6610/PLTV/88888888/224/3221225723/2/index.m3u8, IPv_Type: ipv6, Location: 中国, ISP: 中国移动, Date: None, Delay: -1 ms, Speed: 0.00 M/s, Resolution: None
Name: 西藏卫视, URL: http://rrs01.hw.gmcc.net:8088/PLTV/81/224/3221226710/1.m3u8, IPv_Type: ipv6, Location: 中国, ISP: 中国移动, Date: None, Delay: -1 ms, Speed: 0.00 M/s, Resolution: None
Name: 西藏卫视, URL: https://cc06.tv12.xyz/112.m3u8, IPv_Type: ipv6, Location: 美国, ISP: CloudFlare Inc., Date: None, Delay: -1 ms, Speed: 0.00 M/s, Resolution: None
Name: 新疆卫视, URL: http://php.jdshipin.com/TVOD/hljyd.php?id=3221225635, IPv_Type: ipv6, Location: 美国, ISP: CloudFlare Inc., Date: None, Delay: 0.1 ms, Speed: inf M/s, Resolution: 1920x1080
Name: 新疆卫视, URL: http://[2409:8087:1a0a:df::404b]/ottrrs.hl.chinamobile.com/TVOD/88888888/224/3221225635/index.m3u8, IPv_Type: ipv6, Location: 中国, ISP: 中国移动, Date: None, Delay: 0.1 ms, Speed: inf M/s, Resolution: 1920x1080
Name: 新疆卫视, URL: http://[2409:8087:2001:20:2800:0:df6e:eb0b]/wh7f454c46tw993550557_162751766/ott.mobaibox.com/PLTV/3/224/3221228290/index.m3u8?icpid=3&RTS=1668604377&from=40&popid=40&hms_devid=2038&prioritypopid=40&vqe=3, IPv_Type: ipv6, Location: 中国, ISP: 中国移动, Date: None, Delay: 0.1 ms, Speed: inf M/s, Resolution: 1920x1080
Name: 新疆卫视, URL: http://[2409:8087:1a01:df::4077]/ottrrs.hl.chinamobile.com/PLTV/88888888/8/3221226460/index.m3u8, IPv_Type: ipv6, Location: 中国, ISP: 中国移动, Date: None, Delay: 0.1 ms, Speed: inf M/s, Resolution: 1920x1080
Name: 新疆卫视, URL: http://[2409:8087:8:21::18]:6610/otttv.bj.chinamobile.com/PLTV/88888888/224/3221226546/1.m3u8, IPv_Type: ipv6, Location: 中国, ISP: 中国移动, Date: None, Delay: 0.1 ms, Speed: inf M/s, Resolution: 1920x1080
Name: 新疆卫视, URL: http://[2409:8087:8:21::18]:6610/otttv.bj.chinamobile.com/PLTV/88888888/224/3221226923/1.m3u8, IPv_Type: ipv6, Location: 中国, ISP: 中国移动, Date: None, Delay: 0.1 ms, Speed: inf M/s, Resolution: 1920x1080
Name: 新疆卫视, URL: http://[2409:8087:1e03:21::2]:6060/cms001/ch00000090990000001065/index.m3u8, IPv_Type: ipv6, Location: 中国, ISP: 中国移动, Date: None, Delay: 0.1 ms, Speed: inf M/s, Resolution: 1920x1080
Name: 新疆卫视, URL: http://[2409:8087:3428:20:500::100f]:6610/PLTV/88888888/224/3221227248/index.m3u8?servicetype=1&IASHttpSessionId=RR423820220409134714119178, IPv_Type: ipv6, Location: 中国, ISP: 中国移动, Date: None, Delay: 0.1 ms, Speed: inf M/s, Resolution: 1920x1080
Name: 新疆卫视, URL: http://[2409:8087:3428:20:500::1009]:6610/PLTV/88888888/224/3221227248/index.m3u8?servicetype=1&IASHttpSessionId=RR423820220409134714119178, IPv_Type: ipv6, Location: 中国, ISP: 中国移动, Date: None, Delay: 0.1 ms, Speed: inf M/s, Resolution: 1920x1080
Name: 新疆卫视, URL: http://[2409:8087:1a01:df::4077]:80/ottrrs.hl.chinamobile.com/PLTV/88888888/8/3221226460/index.m3u8, IPv_Type: ipv6, Location: 中国, ISP: 中国移动, Date: None, Delay: 0.1 ms, Speed: inf M/s, Resolution: 1920x1080
Name: 新疆卫视, URL: http://[2409:8087:3428:20:500::100f]:6610/PLTV/88888888/224/3221225852/index.m3u8?servicetype=1&IASHttpSessionId=RR423820220409134714119178, IPv_Type: ipv6, Location: 中国, ISP: 中国移动, Date: None, Delay: 0.1 ms, Speed: inf M/s, Resolution: 1920x1080
Name: 新疆卫视, URL: http://[2409:8087:3428:20:500::1009]:6610/PLTV/88888888/224/3221225852/index.m3u8?servicetype=1&IASHttpSessionId=RR423820220409134714119178, IPv_Type: ipv6, Location: 中国, ISP: 中国移动, Date: None, Delay: 0.1 ms, Speed: inf M/s, Resolution: 1920x1080
Name: 新疆卫视, URL: http://[2409:8087:2001:20:2800:0:df6e:eb0a]/ott.mobaibox.com/PLTV/3/224/3221228290/index.m3u8, IPv_Type: ipv6, Location: 中国, ISP: 中国移动, Date: None, Delay: 0.1 ms, Speed: inf M/s, Resolution: 1920x1080
Name: 新疆卫视, URL: http://[2409:8087:5e01:34::23]:6610/ZTE_CMS/00000001000000060000000000000316/index.m3u8, IPv_Type: ipv6, Location: 中国, ISP: 中国移动, Date: None, Delay: 0.1 ms, Speed: inf M/s, Resolution: 1920x1080
Name: 新疆卫视, URL: http://nas.jdshipin.com:8801/xjtv.php?id=xjws, IPv_Type: ipv6, Location: 美国, ISP: CloudFlare Inc., Date: None, Delay: 0.1 ms, Speed: inf M/s, Resolution: 1920x1080
Name: 新疆卫视, URL: http://cdn.jdshipin.com:8880/ysp.php?id=xjws, IPv_Type: ipv6, Location: 美国, ISP: CloudFlare Inc., Date: None, Delay: 0.1 ms, Speed: inf M/s, Resolution: 1920x1080
Name: 新疆卫视, URL: http://[2409:8087:1a01:df::7005]:80/ottrrs.hl.chinamobile.com/PLTV/88888888/224/3221225635/index.m3u8, IPv_Type: ipv6, Location: 中国, ISP: 中国移动, Date: None, Delay: 0.1 ms, Speed: inf M/s, Resolution: 1920x1080
Name: 新疆卫视, URL: http://[2409:8087:3869:8021:1001::e5]:6610/PLTV/88888888/224/3221225725/2/index.m3u8, IPv_Type: ipv6, Location: 中国, ISP: 中国移动, Date: None, Delay: -1 ms, Speed: 0.00 M/s, Resolution: None
Name: 新疆卫视, URL: http://[2409:8087:8:21::18]:6610/otttv.bj.chinamobile.com/PLTV/88888888/224/3221227011/1.m3u8?GuardEncType=2&accountinfo=%7E%7EV2.0%7ExAUu61iVvo_xYbANWJhgXw%7EtP4-l0lmSfjwLWEfK_el1vH_mv-s1zo4AQJwdedaVwG9xkuFTDg8J26cwOrNJzn20BErrHdLhuZ9EzLUCD3PMW-OMx4MGteHV2vLeW6BqoY%2CEND, IPv_Type: ipv6, Location: 中国, ISP: 中国移动, Date: None, Delay: -1 ms, Speed: 0.00 M/s, Resolution: None
Name: 新疆卫视, URL: http://rrs01.hw.gmcc.net:8088/PLTV/81/224/3221226700/1.m3u8, IPv_Type: ipv6, Location: 中国, ISP: 中国移动, Date: None, Delay: -1 ms, Speed: 0.00 M/s, Resolution: None
Name: 新疆卫视, URL: https://cc06.tv12.xyz/109.m3u8, IPv_Type: ipv6, Location: 美国, ISP: CloudFlare Inc., Date: None, Delay: -1 ms, Speed: 0.00 M/s, Resolution: None
Name: 新疆卫视, URL: http://38.75.136.137:98/gslb/dsdqpub/xjws.m3u8?auth=testpub, IPv_Type: ipv4, Location: 美国-哥伦比亚特区-哥伦比亚特区, ISP: Cogent, Date: None, Delay: 488 ms, Speed: 4.09 M/s, Resolution: 1920x1080
Name: 云南卫视, URL: http://php.jdshipin.com/TVOD/hljyd.php?id=3221226444, IPv_Type: ipv6, Location: 美国, ISP: CloudFlare Inc., Date: None, Delay: 0.1 ms, Speed: inf M/s, Resolution: 1920x1080
Name: 云南卫视, URL: http://[2409:8087:1a01:df::4077]/ottrrs.hl.chinamobile.com/PLTV/88888888/8/3221226444/index.m3u8, IPv_Type: ipv6, Location: 中国, ISP: 中国移动, Date: None, Delay: 0.1 ms, Speed: inf M/s, Resolution: 1920x1080
Name: 云南卫视, URL: http://[2409:8087:8:21::18]:6610/otttv.bj.chinamobile.com/PLTV/88888888/224/3221226543/1.m3u8, IPv_Type: ipv6, Location: 中国, ISP: 中国移动, Date: None, Delay: 0.1 ms, Speed: inf M/s, Resolution: 1920x1080
Name: 云南卫视, URL: http://[2409:8087:8:21::18]:6610/otttv.bj.chinamobile.com/PLTV/88888888/224/3221226928/1.m3u8, IPv_Type: ipv6, Location: 中国, ISP: 中国移动, Date: None, Delay: 0.1 ms, Speed: inf M/s, Resolution: 1920x1080
Name: 云南卫视, URL: http://[2409:8087:1e03:21::2]:6060/cms001/ch00000090990000001223/index.m3u8, IPv_Type: ipv6, Location: 中国, ISP: 中国移动, Date: None, Delay: 0.1 ms, Speed: inf M/s, Resolution: 1920x1080
Name: 云南卫视, URL: http://[2409:8087:4402:20:1:1216:401:14]/iptv.cdn.ha.chinamobile.com/PLTV/88888888/224/3221226660/index.m3u8, IPv_Type: ipv6, Location: 中国, ISP: 中国移动, Date: None, Delay: 0.1 ms, Speed: inf M/s, Resolution: 1920x1080
Name: 云南卫视, URL: http://[2409:8087:3428:20:500::100f]:6610/PLTV/88888888/224/3221227181/index.m3u8?servicetype=1&IASHttpSessionId=RR423820220409134714119178, IPv_Type: ipv6, Location: 中国, ISP: 中国移动, Date: None, Delay: 0.1 ms, Speed: inf M/s, Resolution: 1920x1080
Name: 云南卫视, URL: http://[2409:8087:3428:20:500::1009]:6610/PLTV/88888888/224/3221225853/index.m3u8?servicetype=1&IASHttpSessionId=RR423820220409134714119178, IPv_Type: ipv6, Location: 中国, ISP: 中国移动, Date: None, Delay: 0.1 ms, Speed: inf M/s, Resolution: 1920x1080
Name: 云南卫视, URL: http://[2409:8087:1a01:df::4077]:80/ottrrs.hl.chinamobile.com/PLTV/88888888/8/3221226444/index.m3u8, IPv_Type: ipv6, Location: 中国, ISP: 中国移动, Date: None, Delay: 0.1 ms, Speed: inf M/s, Resolution: 1920x1080
Name: 云南卫视, URL: http://[2409:8087:1e03:21::42]:6610/cms001/ch00000090990000001223/index.m3u8, IPv_Type: ipv6, Location: 中国, ISP: 中国移动, Date: None, Delay: 0.1 ms, Speed: inf M/s, Resolution: 1920x1080
Name: 云南卫视, URL: http://[2409:8087:2001:20:2800:0:df6e:eb05]:80/ott.mobaibox.com/PLTV/4/224/3221225591/index.m3u8, IPv_Type: ipv6, Location: 中国, ISP: 中国移动, Date: None, Delay: 0.1 ms, Speed: inf M/s, Resolution: 1920x1080
Name: 云南卫视, URL: http://nas.suntao.online:35455/itv/5000000011000031120.m3u8?cdn=bestzb, IPv_Type: ipv6, Location: 中国, ISP: 中国联通, Date: None, Delay: 0.1 ms, Speed: inf M/s, Resolution: 1920x1080
Name: 云南卫视, URL: http://iptv.cdn.ha.chinamobile.com/PLTV/88888888/224/3221227211/index.m3u8, IPv_Type: ipv6, Location: 中国, ISP: 中国移动, Date: None, Delay: 0.1 ms, Speed: inf M/s, Resolution: 1920x1080
Name: 云南卫视, URL: http://[2409:8087:3428:20:500::100f]:6610/PLTV/88888888/224/3221225853/index.m3u8?servicetype=1&IASHttpSessionId=RR423820220409134714119178, IPv_Type: ipv6, Location: 中国, ISP: 中国移动, Date: None, Delay: 0.1 ms, Speed: inf M/s, Resolution: 1920x1080
Name: 云南卫视, URL: http://[2409:8087:3428:20:500::1009]:6610/PLTV/88888888/224/3221227181/index.m3u8?servicetype=1&IASHttpSessionId=RR423820220409134714119178, IPv_Type: ipv6, Location: 中国, ISP: 中国移动, Date: None, Delay: 0.1 ms, Speed: inf M/s, Resolution: 1920x1080
Name: 云南卫视, URL: http://[2409:8087:2001:20:2800:0:df6e:eb04]/ott.mobaibox.com/PLTV/3/224/3221225591/index.m3u8, IPv_Type: ipv6, Location: 中国, ISP: 中国移动, Date: None, Delay: 0.1 ms, Speed: inf M/s, Resolution: 1920x1080
Name: 云南卫视, URL: http://[2409:8087:2001:20:2800:0:df6e:eb18]:80/wh7f454c46tw935748466_239885853/ott.mobaibox.com/PLTV/3/224/3221227571/index.m3u8?icpid=3&RTS=1674381051&from=40&popid=40&hms_devid=2113&prioritypopid=40&vqe=3, IPv_Type: ipv6, Location: 中国, ISP: 中国移动, Date: None, Delay: 0.1 ms, Speed: inf M/s, Resolution: 1920x1080
Name: 云南卫视, URL: http://[2409:8087:1e03:21::42]:6610/cms001/ch00000090990000001223/index.m3u8?love=freedom, IPv_Type: ipv6, Location: 中国, ISP: 中国移动, Date: None, Delay: 0.1 ms, Speed: inf M/s, Resolution: 1920x1080
Name: 云南卫视, URL: https://live.v1.mk/api/bestv.php?id=ynwshd8m/8000000, IPv_Type: ipv6, Location: 美国, ISP: CloudFlare Inc., Date: None, Delay: 0.1 ms, Speed: inf M/s, Resolution: 1920x1080
Name: 云南卫视, URL: http://[2409:8087:2001:20:2800:0:df6e:eb05]:80/wh7f454c46tw1300046831_-189750076/ott.mobaibox.com/PLTV/3/224/3221225591/index.m3u8?icpid=3&RTS=1674377120&from=40&popid=40&hms_devid=2041&prioritypopid=40&vqe=3, IPv_Type: ipv6, Location: 中国, ISP: 中国移动, Date: None, Delay: 0.1 ms, Speed: inf M/s, Resolution: 1920x1080
Name: 云南卫视, URL: http://[2409:8087:5e00:24::1e]:6060/200000001898/460000089800010119/1.m3u8, IPv_Type: ipv6, Location: 中国, ISP: 中国移动, Date: None, Delay: 0.1 ms, Speed: inf M/s, Resolution: 1920x1080
Name: 云南卫视, URL: http://[2409:8087:5e00:24::1e]:6060/200000001898/460000089800010119/index.m3u8, IPv_Type: ipv6, Location: 中国, ISP: 中国移动, Date: None, Delay: 0.1 ms, Speed: inf M/s, Resolution: 1920x1080
Name: 云南卫视, URL: http://[2409:8087:74f0:22::7]:6410/270000001128/9900000035/index.m3u8, IPv_Type: ipv6, Location: 中国, ISP: 中国移动, Date: None, Delay: 0.1 ms, Speed: inf M/s, Resolution: 1920x1080
Name: 云南卫视, URL: http://[2409:8087:1a01:df::7005]:80/ottrrs.hl.chinamobile.com/PLTV/88888888/224/3221226444/index.m3u8, IPv_Type: ipv6, Location: 中国, ISP: 中国移动, Date: None, Delay: 0.1 ms, Speed: inf M/s, Resolution: 1920x1080
Name: 云南卫视, URL: http://[2409:8087:3869:8021:1001::e5]:6610/PLTV/88888888/224/3221225723/2/index.m3u8, IPv_Type: ipv6, Location: 中国, ISP: 中国移动, Date: None, Delay: -1 ms, Speed: 0.00 M/s, Resolution: None
Name: 云南卫视, URL: http://[2409:8087:8:21::18]:6610/otttv.bj.chinamobile.com/PLTV/88888888/224/3221227028/1.m3u8?GuardEncType=2&accountinfo=%7E%7EV2.0%7EGfQPqRNVeBjTMsZ48qu0SA%7EtP4-l0lmSfjwLWEfK_el1vH_mv-s1zo4AQJwdedaVwG9xkuFTDg8J26cwOrNJzn20BErrHdLhuZ9EzLUCD3PMW-OMx4MGteHV2vLeW6BqoY%2CEND, IPv_Type: ipv6, Location: 中国, ISP: 中国移动, Date: None, Delay: -1 ms, Speed: 0.00 M/s, Resolution: None
Name: 云南卫视, URL: http://rrs01.hw.gmcc.net:8088/PLTV/81/224/3221226709/1.m3u8, IPv_Type: ipv6, Location: 中国, ISP: 中国移动, Date: None, Delay: -1 ms, Speed: 0.00 M/s, Resolution: None
Name: 云南卫视, URL: http://live.wqwqwq.sbs/itv/5000000011000031120.m3u8?cdn=bestzb, IPv_Type: ipv6, Location: 美国, ISP: CloudFlare Inc., Date: None, Delay: -1 ms, Speed: 0.00 M/s, Resolution: None
Name: 云南卫视, URL: https://cc06.tv12.xyz/114.m3u8, IPv_Type: ipv6, Location: 美国, ISP: CloudFlare Inc., Date: None, Delay: -1 ms, Speed: 0.00 M/s, Resolution: None
Name: 广东珠江, URL: http://cdn2.163189.xyz/live/gdzj/stream.m3u8, IPv_Type: ipv6, Location: 美国, ISP: CloudFlare Inc., Date: None, Delay: 0.1 ms, Speed: inf M/s, Resolution: 1920x1080
Name: 广东珠江, URL: https://tv.cdn.com.mp/live/gdzj/stream.m3u8, IPv_Type: ipv6, Location: 美国, ISP: CloudFlare Inc., Date: None, Delay: 0.1 ms, Speed: inf M/s, Resolution: 1920x1080
Name: 广东珠江, URL: http://lu.wqwqwq.sbs/itv/2000000003000000033.m3u8?cdn=hnbblive, IPv_Type: ipv6, Location: 美国, ISP: CloudFlare Inc., Date: None, Delay: 0.1 ms, Speed: inf M/s, Resolution: 1920x1080
Name: 广东珠江, URL: https://smart.pendy.dpdns.org/Smart.php?id=zhujiang, IPv_Type: ipv6, Location: 美国, ISP: CloudFlare Inc., Date: None, Delay: 0.1 ms, Speed: inf M/s, Resolution: 1920x1080
Name: 广东珠江, URL: http://php.jdshipin.com/TVOD/iptv.php?id=gdzj, IPv_Type: ipv6, Location: 美国, ISP: CloudFlare Inc., Date: None, Delay: 0.1 ms, Speed: inf M/s, Resolution: 1920x1080
Name: 广东珠江, URL: https://php.17186.eu.org/gdtv/web/gdzj.m3u8, IPv_Type: ipv6, Location: 美国, ISP: CloudFlare Inc., Date: None, Delay: 0.1 ms, Speed: inf M/s, Resolution: 1920x1080
Name: 广东珠江, URL: http://[2409:8087:5e08:24::d]:6610/000000001000/1/2000000003000000033/index.m3u8?stbId=3&livemode=1&HlsProfileId=&channel-id=hnbblive&Contentid=2000000003000000033&yang-1989, IPv_Type: ipv6, Location: 中国, ISP: 中国移动, Date: None, Delay: 0.1 ms, Speed: inf M/s, Resolution: 1920x1080
Name: 广东珠江, URL: http://php.jdshipin.com/PLTV/iptv.php?id=gdzj, IPv_Type: ipv6, Location: 美国, ISP: CloudFlare Inc., Date: None, Delay: 0.1 ms, Speed: inf M/s, Resolution: 1920x1080
Name: 广东珠江, URL: http://[2409:8087:5e00:24::10]:6060/200000001898/460000089800010091/0.m3u8, IPv_Type: ipv6, Location: 中国, ISP: 中国移动, Date: None, Delay: 0.1 ms, Speed: inf M/s, Resolution: 1920x1080
Name: 广东珠江, URL: http://cdn2.132.us.kg/live/gdzj/stream.m3u8, IPv_Type: ipv6, Location: 美国, ISP: CloudFlare Inc., Date: None, Delay: -1 ms, Speed: 0.00 M/s, Resolution: None
Name: 广东体育, URL: http://cdn2.163189.xyz/live/gdty/stream.m3u8, IPv_Type: ipv6, Location: 美国, ISP: CloudFlare Inc., Date: None, Delay: 0.1 ms, Speed: inf M/s, Resolution: 1920x1080
Name: 广东体育, URL: http://php.jdshipin.com/PLTV/iptv.php?id=gdty, IPv_Type: ipv6, Location: 美国, ISP: CloudFlare Inc., Date: None, Delay: 0.1 ms, Speed: inf M/s, Resolution: 1920x1080
Name: 广东体育, URL: http://php.jdshipin.com/TVOD/iptv.php?id=gdty, IPv_Type: ipv6, Location: 美国, ISP: CloudFlare Inc., Date: None, Delay: 0.1 ms, Speed: inf M/s, Resolution: 1920x1080
Name: 广东体育, URL: http://cdn2.132.us.kg/live/gdty/stream.m3u8, IPv_Type: ipv6, Location: 美国, ISP: CloudFlare Inc., Date: None, Delay: -1 ms, Speed: 0.00 M/s, Resolution: None
Name: 广东新闻, URL: http://php.jdshipin.com:8880/chudian.php?id=gdxw, IPv_Type: ipv6, Location: 美国, ISP: CloudFlare Inc., Date: None, Delay: 0.1 ms, Speed: inf M/s, Resolution: 1920x1080
Name: 广东卫视, URL: http://php.jdshipin.com:8880/TVOD/gsyd.php?id=9900000520, IPv_Type: ipv6, Location: 美国, ISP: CloudFlare Inc., Date: None, Delay: 0.1 ms, Speed: inf M/s, Resolution: 1920x1080
Name: 广东卫视, URL: http://iptv.huuc.edu.cn/hls/gdhd.m3u8, IPv_Type: ipv6, Location: 中国, ISP: 教育网, Date: None, Delay: 0.1 ms, Speed: inf M/s, Resolution: 1920x1080
Name: 广东卫视, URL: http://[2409:8087:1a0a:df::404b]/ottrrs.hl.chinamobile.com/TVOD/88888888/224/3221226248/index.m3u8, IPv_Type: ipv6, Location: 中国, ISP: 中国移动, Date: None, Delay: 0.1 ms, Speed: inf M/s, Resolution: 1920x1080
Name: 广东卫视, URL: http://[2409:8087:1a01:df::4077]/ottrrs.hl.chinamobile.com/PLTV/88888888/8/3221226248/index.m3u8, IPv_Type: ipv6, Location: 中国, ISP: 中国移动, Date: None, Delay: 0.1 ms, Speed: inf M/s, Resolution: 1920x1080
Name: 广东卫视, URL: http://[2409:8087:1a01:df::4077]/ottrrs.hl.chinamobile.com/PLTV/88888888/224/3221226248/index.m3u8, IPv_Type: ipv6, Location: 中国, ISP: 中国移动, Date: None, Delay: 0.1 ms, Speed: inf M/s, Resolution: 1920x1080
Name: 广东卫视, URL: http://[2409:8087:1a01:df::4077]:80/ottrrs.hl.chinamobile.com/PLTV/88888888/224/3221226248/index.m3u8, IPv_Type: ipv6, Location: 中国, ISP: 中国移动, Date: None, Delay: 0.1 ms, Speed: inf M/s, Resolution: 1920x1080
Name: 广东卫视, URL: http://[2409:8087:1a01:df::4077]:80/ottrrs.hl.chinamobile.com/PLTV/88888888/224/3221226248/1.m3u8, IPv_Type: ipv6, Location: 中国, ISP: 中国移动, Date: None, Delay: 0.1 ms, Speed: inf M/s, Resolution: 1920x1080
Name: 广东卫视, URL: http://[2409:8087:1a01:df::4077]/ottrrs.hl.chinamobile.com/yinhe/88888888/224/3221226248/index.m3u8, IPv_Type: ipv6, Location: 中国, ISP: 中国移动, Date: None, Delay: 0.1 ms, Speed: inf M/s, Resolution: 1920x1080
Name: 广东卫视, URL: http://[2409:8087:8:21::18]:6610/otttv.bj.chinamobile.com/PLTV/88888888/224/3221226238/1.m3u8, IPv_Type: ipv6, Location: 中国, ISP: 中国移动, Date: None, Delay: 0.1 ms, Speed: inf M/s, Resolution: 1920x1080
Name: 广东卫视, URL: http://iptv.cdn.ha.chinamobile.com/PLTV/88888888/224/3221227201/index.m3u8, IPv_Type: ipv6, Location: 中国, ISP: 中国移动, Date: None, Delay: 0.1 ms, Speed: inf M/s, Resolution: 1920x1080
Name: 广东卫视, URL: http://[2409:8087:1a01:df::4077]/ottrrs.hl.chinamobile.com/PLTV/88888888/224/3221226248/1.m3u8?icpid=88888888&from=1&hms_devid=1012&vqe=3, IPv_Type: ipv6, Location: 中国, ISP: 中国移动, Date: None, Delay: 0.1 ms, Speed: inf M/s, Resolution: 1920x1080
Name: 广东卫视, URL: http://[2409:8087:2001:20:2800:0:df6e:eb03]:80/ott.mobaibox.com/PLTV/4/224/3221227476/index.m3u8, IPv_Type: ipv6, Location: 中国, ISP: 中国移动, Date: None, Delay: 0.1 ms, Speed: inf M/s, Resolution: 1920x1080
Name: 广东卫视, URL: http://yc.myds.me:35455/itv/6000000001000031076.m3u8?cdn=wasusyt, IPv_Type: ipv6, Location: 中国, ISP: 中国电信, Date: None, Delay: 0.1 ms, Speed: inf M/s, Resolution: 1920x1080
Name: 广东卫视, URL: http://yc.myds.me:35455/itv/1000000005000265034.m3u8?cdn=ystenlive, IPv_Type: ipv6, Location: 中国, ISP: 中国电信, Date: None, Delay: 0.1 ms, Speed: inf M/s, Resolution: 1920x1080
Name: 广东卫视, URL: http://nas.suntao.online:35455/itv/1000000001000014176.m3u8?cdn=ystenlive, IPv_Type: ipv6, Location: 中国, ISP: 中国联通, Date: None, Delay: 0.1 ms, Speed: inf M/s, Resolution: 1920x1080
Name: 广东卫视, URL: http://lu.wqwqwq.sbs/itv/1000000005000265034.m3u8?cdn=ystenlive, IPv_Type: ipv6, Location: 美国, ISP: CloudFlare Inc., Date: None, Delay: 0.1 ms, Speed: inf M/s, Resolution: 1920x1080
Name: 广东卫视, URL: http://dbiptv.sn.chinamobile.com/PLTV/88888888/224/3221225803/1.m3u8, IPv_Type: ipv6, Location: 中国, ISP: 中国移动, Date: None, Delay: 0.1 ms, Speed: inf M/s, Resolution: 1920x1080
Name: 广东卫视, URL: http://hwrr.jx.chinamobile.com:8080/PLTV/88888888/224/3221225597/index.m3u8?fmt=ts2hls, IPv_Type: ipv6, Location: 中国, ISP: 中国移动, Date: None, Delay: 0.1 ms, Speed: inf M/s, Resolution: 1920x1080
Name: 广东卫视, URL: http://[2409:8087:3428:20:500::100f]:6610/PLTV/88888888/224/3221227164/index.m3u8?servicetype=1&IASHttpSessionId=RR423820220409134714119178, IPv_Type: ipv6, Location: 中国, ISP: 中国移动, Date: None, Delay: 0.1 ms, Speed: inf M/s, Resolution: 1920x1080
Name: 广东卫视, URL: http://[2409:8087:3428:20:500::1009]:6610/PLTV/88888888/224/3221227164/index.m3u8?servicetype=1&IASHttpSessionId=RR423820220409134714119178, IPv_Type: ipv6, Location: 中国, ISP: 中国移动, Date: None, Delay: 0.1 ms, Speed: inf M/s, Resolution: 1920x1080
Name: 广东卫视, URL: http://[2409:8087:2001:20:2800:0:df6e:eb06]:80/wh7f454c46tw200922983_-1894712676/ott.mobaibox.com/PLTV/3/224/3221227591/index.m3u8?icpid=3&RTS=1674380316&from=40&popid=40&hms_devid=2036&prioritypopid=40&vqe=3, IPv_Type: ipv6, Location: 中国, ISP: 中国移动, Date: None, Delay: 0.1 ms, Speed: inf M/s, Resolution: 1920x1080
Name: 广东卫视, URL: http://[2409:8087:2001:20:2800:0:df6e:eb0d]:80/wh7f454c46tw201073874_846642633/ott.mobaibox.com/PLTV/3/224/3221227673/index.m3u8?icpid=3&RTS=1674380316&from=40&popid=40&hms_devid=2040&prioritypopid=40&vqe=3, IPv_Type: ipv6, Location: 中国, ISP: 中国移动, Date: None, Delay: 0.1 ms, Speed: inf M/s, Resolution: 1920x1080
Name: 广东卫视, URL: http://[2409:8087:2001:20:2800:0:df6e:eb02]:80/wh7f454c46tw1545504334_-1449102672/ott.mobaibox.com/PLTV/3/224/3221227691/index.m3u8?icpid=3&RTS=1674385955&from=40&popid=40&hms_devid=2039&prioritypopid=40&vqe=3, IPv_Type: ipv6, Location: 中国, ISP: 中国移动, Date: None, Delay: 0.1 ms, Speed: inf M/s, Resolution: 1920x1080
Name: 广东卫视, URL: http://[2409:8087:2001:20:2800:0:df6e:eb17]:80/wh7f454c46tw1930705409_-1175138860/ott.mobaibox.com/PLTV/3/224/3221228230/index.m3u8?icpid=3&RTS=1674386341&from=40&popid=40&hms_devid=2114&prioritypopid=40&vqe=3, IPv_Type: ipv6, Location: 中国, ISP: 中国移动, Date: None, Delay: 0.1 ms, Speed: inf M/s, Resolution: 1920x1080
Name: 广东卫视, URL: http://[2409:8087:2001:20:2800:0:df6e:eb03]:80/wh7f454c46tw201843385_424516234/ott.mobaibox.com/PLTV/3/224/3221227476/index.m3u8?icpid=3&RTS=1674380317&from=40&popid=40&hms_devid=2039&prioritypopid=40&vqe=3, IPv_Type: ipv6, Location: 中国, ISP: 中国移动, Date: None, Delay: 0.1 ms, Speed: inf M/s, Resolution: 1920x1080
Name: 广东卫视, URL: http://[2409:8087:1e03:21::42]:6610/cms001/ch00000090990000001032/index.m3u8, IPv_Type: ipv6, Location: 中国, ISP: 中国移动, Date: None, Delay: 0.1 ms, Speed: inf M/s, Resolution: 1920x1080
Name: 广东卫视, URL: http://[2409:8087:5e01:34::38]:6610/ZTE_CMS/00000001000000060000000000000341/index.m3u8, IPv_Type: ipv6, Location: 中国, ISP: 中国移动, Date: None, Delay: 0.1 ms, Speed: inf M/s, Resolution: 1920x1080
Name: 广东卫视, URL: http://[2409:8087:5e01:34::38]:6610/ZTE_CMS/00000001000000060000000000000341/index.m3u8?, IPv_Type: ipv6, Location: 中国, ISP: 中国移动, Date: None, Delay: 0.1 ms, Speed: inf M/s, Resolution: 1920x1080
Name: 广东卫视, URL: http://[2409:8087:74F1:0021::0008]/000000001000PLTV/88888888/224/3221226180/index.m3u8?HlsProfileId=, IPv_Type: ipv6, Location: 中国, ISP: 中国移动, Date: None, Delay: 0.1 ms, Speed: inf M/s, Resolution: 1920x1080
Name: 广东卫视, URL: http://[2409:8087:4c0a:22:1::11]:6410/170000001115/UmaiCHAN181359BESTVSMGSMG/index.m3u8?m3u8_level=2, IPv_Type: ipv6, Location: 中国, ISP: 中国移动, Date: None, Delay: 0.1 ms, Speed: inf M/s, Resolution: 1920x1080
Name: 广东卫视, URL: http://[2409:8087:5e01:34::21]:6610/ZTE_CMS/00000001000000060000000000000341/index.m3u8?IAS, IPv_Type: ipv6, Location: 中国, ISP: 中国移动, Date: None, Delay: 0.1 ms, Speed: inf M/s, Resolution: 1920x1080
Name: 广东卫视, URL: http://[2409:8087:5e01:34::20]:6610/ZTE_CMS/00000001000000060000000000000341/index.m3u8?IAS, IPv_Type: ipv6, Location: 中国, ISP: 中国移动, Date: None, Delay: 0.1 ms, Speed: inf M/s, Resolution: 1920x1080
Name: 广东卫视, URL: http://[2409:8087:4c0a:22:1::11]:6410/170000001115/UmaiCHAN181359BESTVSMGSMG/index.m3u8?AuthInfo=9kOOdBn7MFF%2F2bWjKgahUW%2B%2FF4NzOzOt3cAWjhMHEuMwoDIwMxbrlyyVy9x6ZDKn1U8f2vJUVL98LlyeZUOMSmC30dkrUFt%2FE8JGKMphXYE, IPv_Type: ipv6, Location: 中国, ISP: 中国移动, Date: None, Delay: 0.1 ms, Speed: inf M/s, Resolution: 1920x1080
Name: 广东卫视, URL: http://[2409:8087:5e01:34::23]:6610/ZTE_CMS/00000001000000060000000000000341/index.m3u8?IAS, IPv_Type: ipv6, Location: 中国, ISP: 中国移动, Date: None, Delay: 0.1 ms, Speed: inf M/s, Resolution: 1920x1080
Name: 广东卫视, URL: http://[2409:8087:5e01:34::22]:6610/ZTE_CMS/00000001000000060000000000000341/index.m3u8?IAS, IPv_Type: ipv6, Location: 中国, ISP: 中国移动, Date: None, Delay: 0.1 ms, Speed: inf M/s, Resolution: 1920x1080
Name: 广东卫视, URL: http://[2409:8087:1a01:df::4077]:80/ottrrs.hl.chinamobile.com/yinhe/88888888/224/3221226248/index.m3u8, IPv_Type: ipv6, Location: 中国, ISP: 中国移动, Date: None, Delay: 0.1 ms, Speed: inf M/s, Resolution: 1920x1080
Name: 广东卫视, URL: http://[2409:8087:1a01:df::4077]:80/ottrrs.hl.chinamobile.com/PLTV/88888888/8/3221226248/index.m3u8, IPv_Type: ipv6, Location: 中国, ISP: 中国移动, Date: None, Delay: 0.1 ms, Speed: inf M/s, Resolution: 1920x1080
Name: 广东卫视, URL: http://dbiptv.sn.chinamobile.com/PLTV/88888890/224/3221226216/index.m3u8, IPv_Type: ipv6, Location: 中国, ISP: 中国移动, Date: None, Delay: 0.1 ms, Speed: inf M/s, Resolution: 1920x1080
Name: 广东卫视, URL: http://[2409:8087:2001:20:2800:0:df6e:eb03]/wh7f454c46tw2917484419_-1632335828/ott.mobaibox.com/PLTV/3/224/3221227476/index.m3u8?icpid=3&RTS=1668597711&from=40&popid=40&hms_devid=2039&prioritypopid=40&vqe=3, IPv_Type: ipv6, Location: 中国, ISP: 中国移动, Date: None, Delay: 0.1 ms, Speed: inf M/s, Resolution: 1920x1080
Name: 广东卫视, URL: http://[2409:8087:1e03:21::2]:6060/cms001/ch00000090990000001032/index.m3u8, IPv_Type: ipv6, Location: 中国, ISP: 中国移动, Date: None, Delay: 0.1 ms, Speed: inf M/s, Resolution: 1920x1080
Name: 广东卫视, URL: http://[2409:8087:3428:20:500::100f]:6610/PLTV/88888888/224/3221225824/index.m3u8?servicetype=1&IASHttpSessionId=RR423820220409134714119178, IPv_Type: ipv6, Location: 中国, ISP: 中国移动, Date: None, Delay: 0.1 ms, Speed: inf M/s, Resolution: 1920x1080
Name: 广东卫视, URL: http://[2409:8087:3428:20:500::1009]:6610/PLTV/88888888/224/3221225824/index.m3u8?servicetype=1&IASHttpSessionId=RR423820220409134714119178, IPv_Type: ipv6, Location: 中国, ISP: 中国移动, Date: None, Delay: 0.1 ms, Speed: inf M/s, Resolution: 1920x1080
Name: 广东卫视, URL: http://[2409:8087:2001:20:2800:0:df6e:eb06]:80/wh7f454c46tw1749616194_1855037741/ott.mobaibox.com/PLTV/3/224/3221227249/index.m3u8?icpid=3&RTS=1674386160&from=40&popid=40&hms_devid=2036&prioritypopid=40&vqe=3, IPv_Type: ipv6, Location: 中国, ISP: 中国移动, Date: None, Delay: 0.1 ms, Speed: inf M/s, Resolution: 1920x1080
Name: 广东卫视, URL: http://[2409:8087:74f0:22::6]:6410/270000001128/9900000520/index.m3u8, IPv_Type: ipv6, Location: 中国, ISP: 中国移动, Date: None, Delay: 0.1 ms, Speed: inf M/s, Resolution: 1920x1080
Name: 广东卫视, URL: http://[2409:8087:1a01:df::7005]/ottrrs.hl.chinamobile.com/PLTV/88888888/224/3221226248/index.m3u8, IPv_Type: ipv6, Location: 中国, ISP: 中国移动, Date: None, Delay: 0.1 ms, Speed: inf M/s, Resolution: 1920x1080
Name: 广东卫视, URL: http://[2409:8087:1a01:df::7005]:80/ottrrs.hl.chinamobile.com/PLTV/88888888/224/3221226248/index.m3u8, IPv_Type: ipv6, Location: 中国, ISP: 中国移动, Date: None, Delay: 0.1 ms, Speed: inf M/s, Resolution: 1920x1080
Name: 广东卫视, URL: http://[2409:8087:5e00:24::1e]:6060/200000001898/460000089800010055/1.m3u8, IPv_Type: ipv6, Location: 中国, ISP: 中国移动, Date: None, Delay: 0.1 ms, Speed: inf M/s, Resolution: 1920x1080
Name: 广东卫视, URL: http://[2409:8087:3869:8021:1001::e5]:6610/PLTV/88888910/224/3221225701/index.m3u8, IPv_Type: ipv6, Location: 中国, ISP: 中国移动, Date: None, Delay: 0.1 ms, Speed: inf M/s, Resolution: 1920x1080
Name: 广东卫视, URL: http://[2409:8087:3869:8021:1001::e5]:6610/PLTV/88888888/224/3221225597/2/index.m3u8, IPv_Type: ipv6, Location: 中国, ISP: 中国移动, Date: None, Delay: 0.1 ms, Speed: inf M/s, Resolution: 1920x1080
Name: 广东卫视, URL: http://[2409:8087:8:21::18]:6610/otttv.bj.chinamobile.com/PLTV/88888888/224/3221226961/1.m3u8?GuardEncType=2&accountinfo=%7E%7EV2.0%7E2MGyx659D_aaDPP0qt3NgA%7EtP4-l0lmSfjwLWEfK_el1vH_mv-s1zo4AQJwdedaVwG9xkuFTDg8J26cwOrNJzn20BErrHdLhuZ9EzLUCD3PMW-OMx4MGteHV2vLeW6BqoY%2CEND, IPv_Type: ipv6, Location: 中国, ISP: 中国移动, Date: None, Delay: -1 ms, Speed: 0.00 M/s, Resolution: None
Name: 广东卫视, URL: http://rrs01.hw.gmcc.net:8088/PLTV/81/224/3221227161/1.m3u8, IPv_Type: ipv6, Location: 中国, ISP: 中国移动, Date: None, Delay: -1 ms, Speed: 0.00 M/s, Resolution: None
Name: 广东卫视, URL: https://cc06.tv12.xyz/43.m3u8, IPv_Type: ipv6, Location: 美国, ISP: CloudFlare Inc., Date: None, Delay: -1 ms, Speed: 0.00 M/s, Resolution: None
Name: 大湾区卫视, URL: http://php.jdshipin.com/TVOD/hnyd.php?id=200000001898/460000089800010108, IPv_Type: ipv6, Location: 美国, ISP: CloudFlare Inc., Date: None, Delay: 0.1 ms, Speed: inf M/s, Resolution: 1920x1080
Name: 大湾区卫视, URL: http://jp1.jdiptv.cc/live/nfws.m3u8?kdstime=, IPv_Type: ipv6, Location: 美国, ISP: CloudFlare Inc., Date: None, Delay: 0.1 ms, Speed: inf M/s, Resolution: 1920x1080
Name: 大湾区卫视, URL: http://[2409:8087:8:21::18]:6610/otttv.bj.chinamobile.com/PLTV/88888888/224/3221226540/1.m3u8, IPv_Type: ipv6, Location: 中国, ISP: 中国移动, Date: None, Delay: 0.1 ms, Speed: inf M/s, Resolution: 1920x1080
Name: 大湾区卫视, URL: http://ottrrs.hl.chinamobile.com/PLTV/88888888/224/3221226442/index.m3u8, IPv_Type: ipv6, Location: 中国, ISP: 中国移动, Date: None, Delay: 0.1 ms, Speed: inf M/s, Resolution: 1920x1080
Name: 大湾区卫视, URL: http://dbiptv.sn.chinamobile.com/PLTV/88888890/224/3221226218/index.m3u8, IPv_Type: ipv6, Location: 中国, ISP: 中国移动, Date: None, Delay: 0.1 ms, Speed: inf M/s, Resolution: 1920x1080
Name: 广州综合, URL: http://php.jdshipin.com:8880/gztv.php?id=zhonghe, IPv_Type: ipv6, Location: 美国, ISP: CloudFlare Inc., Date: None, Delay: 0.1 ms, Speed: inf M/s, Resolution: 1920x1080
Name: 广州综合, URL: https://live.lalifeier.eu.org/gztv/zhonghe.m3u8?t=1746292937&key=20079a0c421e334c8ff6f63f230b8038, IPv_Type: ipv6, Location: 美国, ISP: CloudFlare Inc., Date: None, Delay: 0.1 ms, Speed: inf M/s, Resolution: 1920x1080
Name: 广州综合, URL: https://live.lalifeier.eu.org/gztv/zhonghe.m3u8?t=1746393735&key=2b88a832f53237919a3924cdaeda3a0d, IPv_Type: ipv6, Location: 美国, ISP: CloudFlare Inc., Date: None, Delay: 0.1 ms, Speed: inf M/s, Resolution: 1920x1080
Name: 广州综合, URL: https://live.lalifeier.eu.org/gztv/zhonghe.m3u8?t=1746289777&key=d60e81860f262e40617e934abf53669b, IPv_Type: ipv6, Location: 美国, ISP: CloudFlare Inc., Date: None, Delay: 0.1 ms, Speed: inf M/s, Resolution: 1920x1080
Name: 广州综合, URL: https://live.lalifeier.eu.org/gztv/zhonghe.m3u8?t=1746379256&key=d898bee3f868195bd88d19e1d0b24f82, IPv_Type: ipv6, Location: 美国, ISP: CloudFlare Inc., Date: None, Delay: 0.1 ms, Speed: inf M/s, Resolution: 1920x1080
Name: 广州综合, URL: https://live.lalifeier.eu.org/gztv/zhonghe.m3u8?t=1746372302&key=4360db391a4e8bbe0775fd4339127517, IPv_Type: ipv6, Location: 美国, ISP: CloudFlare Inc., Date: None, Delay: 0.1 ms, Speed: inf M/s, Resolution: 1920x1080
Name: 广州综合, URL: https://live.lalifeier.eu.org/gztv/zhonghe.m3u8?t=1746307365&key=343d3f46d9399221e04889d8ba4c1863, IPv_Type: ipv6, Location: 美国, ISP: CloudFlare Inc., Date: None, Delay: 0.1 ms, Speed: inf M/s, Resolution: 1920x1080
Name: 广州综合, URL: https://live.iill.top/gztv/zhonghe, IPv_Type: ipv6, Location: 美国, ISP: CloudFlare Inc., Date: None, Delay: 0.1 ms, Speed: inf M/s, Resolution: 1920x1080
Name: 广州综合, URL: https://tv.iill.top/gztv/zhonghe, IPv_Type: ipv6, Location: 美国, ISP: CloudFlare Inc., Date: None, Delay: 0.1 ms, Speed: inf M/s, Resolution: 1920x1080
Name: 广州综合, URL: https://live.lalifeier.eu.org/gztv/zhonghe.m3u8?t=1743040305&key=9b8c0f43fde1e08e18b3c6bf6363710c, IPv_Type: ipv6, Location: 美国, ISP: CloudFlare Inc., Date: None, Delay: 0.1 ms, Speed: inf M/s, Resolution: 1920x1080
Name: 广州影视, URL: http://php.jdshipin.com:8880/gztv.php?id=yingshi#https://tencentplay.gztv.com/live/yingshi.m3u8?txSecret=7e9bddad7c8911626ed1d2c09fc605d9&txTime=18d00acf487, IPv_Type: ipv6, Location: 美国, ISP: CloudFlare Inc., Date: None, Delay: 0.1 ms, Speed: inf M/s, Resolution: 1920x1080
Name: 广州影视, URL: https://live.lalifeier.eu.org/gztv/yingshi.m3u8?t=1746292937&key=a30a89b429981379ff7c586fdb54ac86, IPv_Type: ipv6, Location: 美国, ISP: CloudFlare Inc., Date: None, Delay: 0.1 ms, Speed: inf M/s, Resolution: 1920x1080
Name: 广州影视, URL: https://live.lalifeier.eu.org/gztv/yingshi.m3u8?t=1746393735&key=1c3dbffdc7f539bde2e1cf2100bb4266, IPv_Type: ipv6, Location: 美国, ISP: CloudFlare Inc., Date: None, Delay: 0.1 ms, Speed: inf M/s, Resolution: 1920x1080
Name: 广州影视, URL: https://live.lalifeier.eu.org/gztv/yingshi.m3u8?t=1745774515&key=1582833445aee08df286b7097e95e7a1, IPv_Type: ipv6, Location: 美国, ISP: CloudFlare Inc., Date: None, Delay: 0.1 ms, Speed: inf M/s, Resolution: 1920x1080
Name: 广州影视, URL: https://live.lalifeier.eu.org/gztv/yingshi.m3u8?t=1746379256&key=62b4176c5f6e1c5b0c3bbf971e64f588, IPv_Type: ipv6, Location: 美国, ISP: CloudFlare Inc., Date: None, Delay: 0.1 ms, Speed: inf M/s, Resolution: 1920x1080
Name: 广州影视, URL: https://live.lalifeier.eu.org/gztv/yingshi.m3u8?t=1746307365&key=2ae0710654e113d38d46552612cb85e7, IPv_Type: ipv6, Location: 美国, ISP: CloudFlare Inc., Date: None, Delay: 0.1 ms, Speed: inf M/s, Resolution: 1920x1080
Name: 广州影视, URL: https://tv.iill.top/gztv/yingshi, IPv_Type: ipv6, Location: 美国, ISP: CloudFlare Inc., Date: None, Delay: 0.1 ms, Speed: inf M/s, Resolution: 1920x1080
Name: 广州竞赛, URL: http://php.jdshipin.com:8880/gztv.php?id=jingsai#https://tencentplay.gztv.com/live/jingsai.m3u8?txSecret=49c8041461997c7a97dbcc3c7fd11b4f&txTime=18d00acf487, IPv_Type: ipv6, Location: 美国, ISP: CloudFlare Inc., Date: None, Delay: 0.1 ms, Speed: inf M/s, Resolution: 1920x1080
Name: 广州竞赛, URL: https://live.lalifeier.eu.org/gztv/jingsai.m3u8?t=1746307365&key=a9871a8d340d71198cae366f791f73b6, IPv_Type: ipv6, Location: 美国, ISP: CloudFlare Inc., Date: None, Delay: 0.1 ms, Speed: inf M/s, Resolution: 1920x1080
Name: 广州竞赛, URL: https://live.lalifeier.eu.org/gztv/jingsai.m3u8?t=1746292937&key=9c4406a7e61302b6549a1ec192360a80, IPv_Type: ipv6, Location: 美国, ISP: CloudFlare Inc., Date: None, Delay: 0.1 ms, Speed: inf M/s, Resolution: 1920x1080
Name: 广州竞赛, URL: https://live.lalifeier.eu.org/gztv/jingsai.m3u8?t=1745774515&key=78e6a12641c455c41ba29024931e276e, IPv_Type: ipv6, Location: 美国, ISP: CloudFlare Inc., Date: None, Delay: 0.1 ms, Speed: inf M/s, Resolution: 1920x1080
Name: 江门综合, URL: http://dslive.grtn.cn/jmzh/sd/live.m3u8, IPv_Type: ipv6, Location: 中国, ISP: 中国电信, Date: None, Delay: 0.1 ms, Speed: inf M/s, Resolution: 1920x1080
Name: 佛山综合, URL: http://php.jdshipin.com:8880/fstv.php?id=fszh, IPv_Type: ipv6, Location: 美国, ISP: CloudFlare Inc., Date: None, Delay: 0.1 ms, Speed: inf M/s, Resolution: 1920x1080
Name: 佛山综合, URL: https://live.lalifeier.eu.org/fstv/fszh.m3u8?t=1746307365&key=776c844ec448f3aca62132b212878ee5, IPv_Type: ipv6, Location: 美国, ISP: CloudFlare Inc., Date: None, Delay: 0.1 ms, Speed: inf M/s, Resolution: 1920x1080
Name: 佛山综合, URL: https://live.lalifeier.eu.org/fstv/fszh.m3u8?t=1746292937&key=c4f7204aa8204ca91d522df2edff56b5, IPv_Type: ipv6, Location: 美国, ISP: CloudFlare Inc., Date: None, Delay: 0.1 ms, Speed: inf M/s, Resolution: 1920x1080
Name: 佛山综合, URL: https://live.lalifeier.eu.org/fstv/fszh.m3u8?t=1746393735&key=09411213bb524db9a70ebd4455bb2a08, IPv_Type: ipv6, Location: 美国, ISP: CloudFlare Inc., Date: None, Delay: 0.1 ms, Speed: inf M/s, Resolution: 1920x1080
Name: 佛山综合, URL: https://live.lalifeier.eu.org/fstv/fszh.m3u8?t=1746379256&key=4065afecd082f828d7a3567fc1de4834, IPv_Type: ipv6, Location: 美国, ISP: CloudFlare Inc., Date: None, Delay: 0.1 ms, Speed: inf M/s, Resolution: 1920x1080
Name: 佛山综合, URL: http://dslive.grtn.cn/fszh/sd/live.m3u8, IPv_Type: ipv6, Location: 中国, ISP: 中国电信, Date: None, Delay: 0.1 ms, Speed: inf M/s, Resolution: 1920x1080
Name: 佛山综合, URL: https://live.lalifeier.eu.org/fstv/fszh.m3u8?t=1744010833&key=30e1b8742dfc028e8c2f6d554c2532df, IPv_Type: ipv6, Location: 美国, ISP: CloudFlare Inc., Date: None, Delay: 0.1 ms, Speed: inf M/s, Resolution: 1920x1080
Name: 深圳卫视, URL: http://php.jdshipin.com/TVOD/hnyd.php?id=200000001898/460000089800010068, IPv_Type: ipv6, Location: 美国, ISP: CloudFlare Inc., Date: None, Delay: 0.1 ms, Speed: inf M/s, Resolution: 1920x1080
Name: 深圳卫视, URL: http://iptv.huuc.edu.cn/hls/szhd.m3u8, IPv_Type: ipv6, Location: 中国, ISP: 教育网, Date: None, Delay: 0.1 ms, Speed: inf M/s, Resolution: 1920x1080
Name: 深圳卫视, URL: https://smart.pendy.dpdns.org/Smart.php?id=shenzhen, IPv_Type: ipv6, Location: 美国, ISP: CloudFlare Inc., Date: None, Delay: 0.1 ms, Speed: inf M/s, Resolution: 1920x1080
Name: 深圳卫视, URL: http://[2409:8087:1a0a:df::404b]/ottrrs.hl.chinamobile.com/TVOD/88888888/224/3221226313/index.m3u8, IPv_Type: ipv6, Location: 中国, ISP: 中国移动, Date: None, Delay: 0.1 ms, Speed: inf M/s, Resolution: 1920x1080
Name: 深圳卫视, URL: http://[2409:8087:1a01:df::4077]/ottrrs.hl.chinamobile.com/PLTV/88888888/8/3221226313/index.m3u8, IPv_Type: ipv6, Location: 中国, ISP: 中国移动, Date: None, Delay: 0.1 ms, Speed: inf M/s, Resolution: 1920x1080
Name: 深圳卫视, URL: http://[2409:8087:1a01:df::4077]/ottrrs.hl.chinamobile.com/PLTV/88888888/224/3221226313/index.m3u8, IPv_Type: ipv6, Location: 中国, ISP: 中国移动, Date: None, Delay: 0.1 ms, Speed: inf M/s, Resolution: 1920x1080
Name: 深圳卫视, URL: http://[2409:8087:1a01:df::4077]/ottrrs.hl.chinamobile.com/yinhe/88888888/224/3221226313/index.m3u8, IPv_Type: ipv6, Location: 中国, ISP: 中国移动, Date: None, Delay: 0.1 ms, Speed: inf M/s, Resolution: 1920x1080
Name: 深圳卫视, URL: http://[2409:8087:1a01:df::4077]:80/ottrrs.hl.chinamobile.com/PLTV/88888888/8/3221226313/index.m3u8, IPv_Type: ipv6, Location: 中国, ISP: 中国移动, Date: None, Delay: 0.1 ms, Speed: inf M/s, Resolution: 1920x1080
Name: 深圳卫视, URL: http://[2409:8087:8:21::18]:6610/otttv.bj.chinamobile.com/PLTV/88888888/224/3221226245/1.m3u8, IPv_Type: ipv6, Location: 中国, ISP: 中国移动, Date: None, Delay: 0.1 ms, Speed: inf M/s, Resolution: 1920x1080
Name: 深圳卫视, URL: http://[2409:8087:8:21::18]:6610/otttv.bj.chinamobile.com/PLTV/88888888/224/3221226495/1.m3u8, IPv_Type: ipv6, Location: 中国, ISP: 中国移动, Date: None, Delay: 0.1 ms, Speed: inf M/s, Resolution: 1920x1080
Name: 深圳卫视, URL: http://[2409:8087:8:21::18]:6610/otttv.bj.chinamobile.com/PLTV/88888888/224/3221226573/1.m3u8, IPv_Type: ipv6, Location: 中国, ISP: 中国移动, Date: None, Delay: 0.1 ms, Speed: inf M/s, Resolution: 1920x1080
Name: 深圳卫视, URL: http://[2409:8087:2001:20:2800:0:df6e:eb11]:80/ott.mobaibox.com/PLTV/4/224/3221227555/index.m3u8, IPv_Type: ipv6, Location: 中国, ISP: 中国移动, Date: None, Delay: 0.1 ms, Speed: inf M/s, Resolution: 1920x1080
Name: 深圳卫视, URL: http://yc.myds.me:35455/itv/5000000004000007410.m3u8?cdn=bestzb, IPv_Type: ipv6, Location: 中国, ISP: 中国电信, Date: None, Delay: 0.1 ms, Speed: inf M/s, Resolution: 1920x1080
Name: 深圳卫视, URL: http://yc.myds.me:35455/itv/6000000001000002116.m3u8?cdn=wasusyt, IPv_Type: ipv6, Location: 中国, ISP: 中国电信, Date: None, Delay: 0.1 ms, Speed: inf M/s, Resolution: 1920x1080
Name: 深圳卫视, URL: http://nas.suntao.online:35455/itv/5000000004000007410.m3u8?cdn=bestzb, IPv_Type: ipv6, Location: 中国, ISP: 中国联通, Date: None, Delay: 0.1 ms, Speed: inf M/s, Resolution: 1920x1080
Name: 深圳卫视, URL: http://dbiptv.sn.chinamobile.com/PLTV/88888888/224/3221225801/1.m3u8, IPv_Type: ipv6, Location: 中国, ISP: 中国移动, Date: None, Delay: 0.1 ms, Speed: inf M/s, Resolution: 1920x1080
Name: 深圳卫视, URL: http://hwrr.jx.chinamobile.com:8080/PLTV/88888888/224/3221225598/index.m3u8?fmt=ts2hls, IPv_Type: ipv6, Location: 中国, ISP: 中国移动, Date: None, Delay: 0.1 ms, Speed: inf M/s, Resolution: 1920x1080
Name: 深圳卫视, URL: http://[2409:8087:3428:20:500::100f]:6610/PLTV/88888888/224/3221225848/index.m3u8?servicetype=1&IASHttpSessionId=RR423820220409134714119178, IPv_Type: ipv6, Location: 中国, ISP: 中国移动, Date: None, Delay: 0.1 ms, Speed: inf M/s, Resolution: 1920x1080
Name: 深圳卫视, URL: http://[2409:8087:3428:20:500::1009]:6610/PLTV/88888888/224/3221225848/index.m3u8?servicetype=1&IASHttpSessionId=RR423820220409134714119178, IPv_Type: ipv6, Location: 中国, ISP: 中国移动, Date: None, Delay: 0.1 ms, Speed: inf M/s, Resolution: 1920x1080
Name: 深圳卫视, URL: http://[2409:8087:2001:20:2800:0:df6e:eb1a]:80/wh7f454c46tw207777730_-119365339/ott.mobaibox.com/PLTV/3/224/3221227624/index.m3u8?icpid=3&RTS=1674380323&from=40&popid=40&hms_devid=2116&prioritypopid=40&vqe=3, IPv_Type: ipv6, Location: 中国, ISP: 中国移动, Date: None, Delay: 0.1 ms, Speed: inf M/s, Resolution: 1920x1080
Name: 深圳卫视, URL: http://[2409:8087:2001:20:2800:0:df6e:eb0d]:80/wh7f454c46tw208051491_470444878/ott.mobaibox.com/PLTV/3/224/3221227677/index.m3u8?icpid=3&RTS=1674380323&from=40&popid=40&hms_devid=2040&prioritypopid=40&vqe=3, IPv_Type: ipv6, Location: 中国, ISP: 中国移动, Date: None, Delay: 0.1 ms, Speed: inf M/s, Resolution: 1920x1080
Name: 深圳卫视, URL: http://[2409:8087:2001:20:2800:0:df6e:eb02]:80/wh7f454c46tw208243183_695881801/ott.mobaibox.com/PLTV/3/224/3221227695/index.m3u8?icpid=3&RTS=1674380323&from=40&popid=40&hms_devid=2039&prioritypopid=40&vqe=3, IPv_Type: ipv6, Location: 中国, ISP: 中国移动, Date: None, Delay: 0.1 ms, Speed: inf M/s, Resolution: 1920x1080
Name: 深圳卫视, URL: http://[2409:8087:2001:20:2800:0:df6e:eb18]:80/wh7f454c46tw208466077_112536285/ott.mobaibox.com/PLTV/3/224/3221228236/index.m3u8?icpid=3&RTS=1674380323&from=40&popid=40&hms_devid=2113&prioritypopid=40&vqe=3, IPv_Type: ipv6, Location: 中国, ISP: 中国移动, Date: None, Delay: 0.1 ms, Speed: inf M/s, Resolution: 1920x1080
Name: 深圳卫视, URL: http://[2409:8087:2001:20:2800:0:df6e:eb10]:80/wh7f454c46tw209094840_889003019/ott.mobaibox.com/PLTV/3/224/3221227555/index.m3u8?icpid=3&RTS=1674380324&from=40&popid=40&hms_devid=2110&prioritypopid=40&vqe=3, IPv_Type: ipv6, Location: 中国, ISP: 中国移动, Date: None, Delay: 0.1 ms, Speed: inf M/s, Resolution: 1920x1080
Name: 深圳卫视, URL: http://[2409:8087:1e03:21::42]:6610/cms001/ch00000090990000001030/index.m3u8, IPv_Type: ipv6, Location: 中国, ISP: 中国移动, Date: None, Delay: 0.1 ms, Speed: inf M/s, Resolution: 1920x1080
Name: 深圳卫视, URL: http://[2409:8087:1a01:df::4077]:80/ottrrs.hl.chinamobile.com/PLTV/88888888/224/3221226313/index.m3u8, IPv_Type: ipv6, Location: 中国, ISP: 中国移动, Date: None, Delay: 0.1 ms, Speed: inf M/s, Resolution: 1920x1080
Name: 深圳卫视, URL: http://[2409:8087:1a01:df::4077]:80/ottrrs.hl.chinamobile.com/yinhe/88888888/224/3221226313/index.m3u8, IPv_Type: ipv6, Location: 中国, ISP: 中国移动, Date: None, Delay: 0.1 ms, Speed: inf M/s, Resolution: 1920x1080
Name: 深圳卫视, URL: http://lu.wqwqwq.sbs/itv/1000000005000265028.m3u8?cdn=ystenlive, IPv_Type: ipv6, Location: 美国, ISP: CloudFlare Inc., Date: None, Delay: 0.1 ms, Speed: inf M/s, Resolution: 1920x1080
Name: 深圳卫视, URL: http://dbiptv.sn.chinamobile.com/PLTV/88888890/224/3221226205/index.m3u8, IPv_Type: ipv6, Location: 中国, ISP: 中国移动, Date: None, Delay: 0.1 ms, Speed: inf M/s, Resolution: 1920x1080
Name: 深圳卫视, URL: http://[2409:8087:2001:20:2800:0:df6e:eb11]/wh7f454c46tw3025923625_628894334/ott.mobaibox.com/PLTV/3/224/3221227555/index.m3u8?icpid=3&RTS=1668597820&from=40&popid=40&hms_devid=2110&prioritypopid=40&vqe=3, IPv_Type: ipv6, Location: 中国, ISP: 中国移动, Date: None, Delay: 0.1 ms, Speed: inf M/s, Resolution: 1920x1080
Name: 深圳卫视, URL: http://[2409:8087:1e03:21::2]:6060/cms001/ch00000090990000001030/index.m3u8, IPv_Type: ipv6, Location: 中国, ISP: 中国移动, Date: None, Delay: 0.1 ms, Speed: inf M/s, Resolution: 1920x1080
Name: 深圳卫视, URL: http://[2409:8087:3428:20:500::100f]:6610/PLTV/88888888/224/3221227242/index.m3u8?servicetype=1&IASHttpSessionId=RR423820220409134714119178, IPv_Type: ipv6, Location: 中国, ISP: 中国移动, Date: None, Delay: 0.1 ms, Speed: inf M/s, Resolution: 1920x1080
Name: 深圳卫视, URL: http://[2409:8087:3428:20:500::1009]:6610/PLTV/88888888/224/3221227242/index.m3u8?servicetype=1&IASHttpSessionId=RR423820220409134714119178, IPv_Type: ipv6, Location: 中国, ISP: 中国移动, Date: None, Delay: 0.1 ms, Speed: inf M/s, Resolution: 1920x1080
Name: 深圳卫视, URL: http://[2409:8087:2001:20:2800:0:df6e:eb0a]:80/wh7f454c46tw2172834728_-2116765000/ott.mobaibox.com/PLTV/3/224/3221227307/index.m3u8?icpid=3&RTS=1674386583&from=40&popid=40&hms_devid=2038&prioritypopid=40&vqe=3, IPv_Type: ipv6, Location: 中国, ISP: 中国移动, Date: None, Delay: 0.1 ms, Speed: inf M/s, Resolution: 1920x1080
Name: 深圳卫视, URL: http://[2409:8087:2001:20:2800:0:df6e:eb0d]:80/wh7f454c46tw2172973032_-185211384/ott.mobaibox.com/PLTV/3/224/3221227442/index.m3u8?icpid=3&RTS=1674386583&from=40&popid=40&hms_devid=2040&prioritypopid=40&vqe=3, IPv_Type: ipv6, Location: 中国, ISP: 中国移动, Date: None, Delay: 0.1 ms, Speed: inf M/s, Resolution: 1920x1080
Name: 深圳卫视, URL: http://[2409:8087:2001:20:2800:0:df6e:eb07]:80/wh7f454c46tw208659612_-112921820/ott.mobaibox.com/PLTV/3/224/3221227217/index.m3u8?icpid=3&RTS=1674380324&from=40&popid=40&hms_devid=2036&prioritypopid=40&vqe=3, IPv_Type: ipv6, Location: 中国, ISP: 中国移动, Date: None, Delay: 0.1 ms, Speed: inf M/s, Resolution: 1920x1080
Name: 深圳卫视, URL: http://[2409:8087:74f0:22::5]:6410/270000001128/9900000529/index.m3u8, IPv_Type: ipv6, Location: 中国, ISP: 中国移动, Date: None, Delay: 0.1 ms, Speed: inf M/s, Resolution: 1920x1080
Name: 深圳卫视, URL: http://[2409:8087:1a01:df::7005]/ottrrs.hl.chinamobile.com/PLTV/88888888/224/3221226313/index.m3u8, IPv_Type: ipv6, Location: 中国, ISP: 中国移动, Date: None, Delay: 0.1 ms, Speed: inf M/s, Resolution: 1920x1080
Name: 深圳卫视, URL: http://[2409:8087:1a01:df::7005]:80/ottrrs.hl.chinamobile.com/PLTV/88888888/224/3221226313/index.m3u8, IPv_Type: ipv6, Location: 中国, ISP: 中国移动, Date: None, Delay: 0.1 ms, Speed: inf M/s, Resolution: 1920x1080
Name: 深圳卫视, URL: http://[2409:8087:5e00:24::1e]:6060/200000001898/460000089800010068/1.m3u8, IPv_Type: ipv6, Location: 中国, ISP: 中国移动, Date: None, Delay: 0.1 ms, Speed: inf M/s, Resolution: 1920x1080
Name: 深圳卫视, URL: http://[2409:8087:3869:8021:1001::e5]:6610/PLTV/88888888/224/3221225741/2/index.m3u8, IPv_Type: ipv6, Location: 中国, ISP: 中国移动, Date: None, Delay: -1 ms, Speed: 0.00 M/s, Resolution: None
Name: 深圳卫视, URL: http://[2409:8087:8:21::18]:6610/otttv.bj.chinamobile.com/PLTV/88888888/224/3221226959/1.m3u8?GuardEncType=2&accountinfo=%7E%7EV2.0%7EGrVNEZREjuNVKiTJo2mtwg%7EtP4-l0lmSfjwLWEfK_el1vH_mv-s1zo4AQJwdedaVwG9xkuFTDg8J26cwOrNJzn20BErrHdLhuZ9EzLUCD3PMW-OMx4MGteHV2vLeW6BqoY%2CEND, IPv_Type: ipv6, Location: 中国, ISP: 中国移动, Date: None, Delay: -1 ms, Speed: 0.00 M/s, Resolution: None
Name: 深圳卫视, URL: http://[2409:8087:3869:8021:1001::e5]:6610/PLTV/88888888/224/3221225700/2/index.m3u8, IPv_Type: ipv6, Location: 中国, ISP: 中国移动, Date: None, Delay: -1 ms, Speed: 0.00 M/s, Resolution: None
Name: 深圳卫视, URL: http://[2409:8087:3869:8021:1001::e5]:6610/PLTV/88888888/224/3221225598/2/index.m3u8, IPv_Type: ipv6, Location: 中国, ISP: 中国移动, Date: None, Delay: -1 ms, Speed: 0.00 M/s, Resolution: None
Name: 深圳卫视, URL: http://rrs01.hw.gmcc.net:8088/PLTV/81/224/3221226688/1.m3u8, IPv_Type: ipv6, Location: 中国, ISP: 中国移动, Date: None, Delay: -1 ms, Speed: 0.00 M/s, Resolution: None
Name: 深圳卫视, URL: https://cc06.tv12.xyz/108.m3u8, IPv_Type: ipv6, Location: 美国, ISP: CloudFlare Inc., Date: None, Delay: -1 ms, Speed: 0.00 M/s, Resolution: None
Name: 浙江钱江, URL: https://ali-m-l.cztv.com/channels/lantian/channel002/1080p.m3u8, IPv_Type: ipv6, Location: 中国-广西-防城港, ISP: 电信, Date: None, Delay: 0.1 ms, Speed: inf M/s, Resolution: 1920x1080
Name: 浙江钱江, URL: http://l.cztvcloud.com/channels/lantian/SXyuyao2/720p.m3u8, IPv_Type: ipv6, Location: 中国-江苏-常州, ISP: 电信, Date: None, Delay: 0.1 ms, Speed: inf M/s, Resolution: 1920x1080
Name: 浙江钱江, URL: http://zhfivel02.cztv.com/channel02/1080p.m3u8?auth_key=2524708799-0-0-2f7bb420bfd1d218b9c7b07c0ac1ba2f, IPv_Type: ipv6, Location: 中国-广东-东莞, ISP: 电信, Date: None, Delay: 0.1 ms, Speed: inf M/s, Resolution: 1920x1080
Name: 浙江钱江, URL: http://ali-m-l.cztv.com/channels/lantian/channel002/720p.m3u8, IPv_Type: ipv6, Location: 中国-广西-防城港, ISP: 电信, Date: None, Delay: 0.1 ms, Speed: inf M/s, Resolution: 1920x1080
Name: 浙江钱江, URL: http://ali-m-l.cztv.com/channels/lantian/channel002/1080p.m3u8?zzhed, IPv_Type: ipv6, Location: 中国-广西-防城港, ISP: 电信, Date: None, Delay: 0.1 ms, Speed: inf M/s, Resolution: 1920x1080
Name: 浙江钱江, URL: https://ali-m-l.cztv.com/channels/lantian/channel002/1080p.m3u8\r\n, IPv_Type: ipv6, Location: 中国-广西-防城港, ISP: 电信, Date: None, Delay: 0.1 ms, Speed: inf M/s, Resolution: 1920x1080
Name: 浙江钱江, URL: http://ali-m-l.cztv.com/channels/lantian/channel002/1080p.m3u8, IPv_Type: ipv6, Location: 中国-广西-防城港, ISP: 电信, Date: None, Delay: 0.1 ms, Speed: inf M/s, Resolution: 1920x1080
Name: 浙江钱江都市, URL: http://zhfivel02.cztv.com/channel02/1080p.m3u8?auth_key=2524708799-0-0-2f7bb420bfd1d218b9c7b07c0ac1ba2f, IPv_Type: ipv6, Location: 中国-广东-东莞, ISP: 电信, Date: None, Delay: 0.1 ms, Speed: inf M/s, Resolution: 1920x1080
Name: 浙江钱江都市, URL: https://ali-m-l.cztv.com/channels/lantian/channel002/1080p.m3u8, IPv_Type: ipv6, Location: 中国-广西-防城港, ISP: 电信, Date: None, Delay: 0.1 ms, Speed: inf M/s, Resolution: 1920x1080
Name: 浙江钱江台, URL: https://ali-m-l.cztv.com/channels/lantian/channel002/1080p.m3u8, IPv_Type: ipv6, Location: 中国-广西-防城港, ISP: 电信, Date: None, Delay: 0.1 ms, Speed: inf M/s, Resolution: 1920x1080
Name: 浙江钱江台, URL: http://l.cztvcloud.com/channels/lantian/SXyuyao2/720p.m3u8, IPv_Type: ipv6, Location: 中国-江苏-常州, ISP: 电信, Date: None, Delay: 0.1 ms, Speed: inf M/s, Resolution: 1920x1080
Name: 浙江生活, URL: https://ali-m-l.cztv.com/channels/lantian/channel003/1080p.m3u8, IPv_Type: ipv6, Location: 中国-广西-防城港, ISP: 电信, Date: None, Delay: 0.1 ms, Speed: inf M/s, Resolution: 1920x1080
Name: 浙江生活, URL: https://ali-m-l.cztv.com/channels/lantian/channel003/1080p.m3u8\r\n, IPv_Type: ipv6, Location: 中国-广西-防城港, ISP: 电信, Date: None, Delay: 0.1 ms, Speed: inf M/s, Resolution: 1920x1080
Name: 浙江生活, URL: http://ls.qingting.fm/live/1099.m3u8, IPv_Type: ipv6, Location: 中国-广东-东莞, ISP: 电信, Date: None, Delay: 0.1 ms, Speed: inf M/s, Resolution: 1920x1080
Name: 浙江生活, URL: http://ali-m-l.cztv.com/channels/lantian/channel003/720p.m3u8, IPv_Type: ipv6, Location: 中国-广西-防城港, ISP: 电信, Date: None, Delay: 0.1 ms, Speed: inf M/s, Resolution: 1920x1080
Name: 浙江生活, URL: http://ali-vl.cztv.com/channels/lantian/channel003/360p.m3u8, IPv_Type: ipv6, Location: 中国, ISP: 中国电信, Date: None, Delay: 0.1 ms, Speed: inf M/s, Resolution: 1920x1080
Name: 浙江生活, URL: http://zhfivel02.cztv.com/channel03/1080p.m3u8?auth_key=2524708799-0-0-76c0751e0f656453baf39803124fc08a, IPv_Type: ipv6, Location: 中国-广东-东莞, ISP: 电信, Date: None, Delay: 0.1 ms, Speed: inf M/s, Resolution: 1920x1080
Name: 浙江生活, URL: http://l.cztvcloud.com/channels/lantian/SXxiaoshan2/720p.m3u8, IPv_Type: ipv6, Location: 中国-上海-上海, ISP: 电信, Date: None, Delay: -1 ms, Speed: 0.00 M/s, Resolution: None
Name: 浙江经济生活, URL: http://zhfivel02.cztv.com/channel03/1080p.m3u8?auth_key=2524708799-0-0-76c0751e0f656453baf39803124fc08a, IPv_Type: ipv6, Location: 中国-广东-东莞, ISP: 电信, Date: None, Delay: 0.1 ms, Speed: inf M/s, Resolution: 1920x1080
Name: 浙江经济生活, URL: https://ali-m-l.cztv.com/channels/lantian/channel003/1080p.m3u8, IPv_Type: ipv6, Location: 中国-广西-防城港, ISP: 电信, Date: None, Delay: 0.1 ms, Speed: inf M/s, Resolution: 1920x1080
Name: 浙江经济生活, URL: http://l.cztvcloud.com/channels/lantian/SXxiaoshan2/720p.m3u8, IPv_Type: ipv6, Location: 中国-江苏-常州, ISP: 电信, Date: None, Delay: 0.1 ms, Speed: inf M/s, Resolution: 1920x1080
Name: 浙江经济生活, URL: http://ali-vl.cztv.com/channels/lantian/channel003/360p.m3u8, IPv_Type: ipv6, Location: 中国, ISP: 中国电信, Date: None, Delay: 0.1 ms, Speed: inf M/s, Resolution: 1920x1080
Name: 浙江经济生活, URL: http://ls.qingting.fm/live/1099.m3u8, IPv_Type: ipv6, Location: 中国-广东-东莞, ISP: 电信, Date: None, Delay: 0.1 ms, Speed: inf M/s, Resolution: 1920x1080
Name: 浙江教育, URL: http://ali-m-l.cztv.com/channels/lantian/channel04/720p.m3u8, IPv_Type: ipv6, Location: 中国-广西-防城港, ISP: 电信, Date: None, Delay: 0.1 ms, Speed: inf M/s, Resolution: 1920x1080
Name: 浙江教育, URL: https://ali-m-l.cztv.com/channels/lantian/channel004/1080p.m3u8, IPv_Type: ipv6, Location: 中国-广西-防城港, ISP: 电信, Date: None, Delay: 0.1 ms, Speed: inf M/s, Resolution: 1920x1080
Name: 浙江教育, URL: http://ali-vl.cztv.com/channels/lantian/channel004/360p.m3u8, IPv_Type: ipv6, Location: 中国, ISP: 中国电信, Date: None, Delay: 0.1 ms, Speed: inf M/s, Resolution: 1920x1080
Name: 浙江民生, URL: https://ali-m-l.cztv.com/channels/lantian/channel006/1080p.m3u8, IPv_Type: ipv6, Location: 中国-广西-防城港, ISP: 电信, Date: None, Delay: 0.1 ms, Speed: inf M/s, Resolution: 1920x1080
Name: 浙江新闻, URL: http://zhfivel02.cztv.com/channel07/1080p.m3u8?auth_key=2524708799-0-0-4af48ba83e791a300595dd0b2bb30e6e, IPv_Type: ipv6, Location: 中国-广东-东莞, ISP: 电信, Date: None, Delay: 0.1 ms, Speed: inf M/s, Resolution: 1920x1080
Name: 浙江新闻, URL: http://ali-vl.cztv.com/channels/lantian/channel007/360p.m3u8, IPv_Type: ipv6, Location: 中国, ISP: 中国电信, Date: None, Delay: 0.1 ms, Speed: inf M/s, Resolution: 1920x1080
Name: 浙江新闻, URL: http://ali-m-l.cztv.com/channels/lantian/channel07/720p.m3u8, IPv_Type: ipv6, Location: 中国-广西-防城港, ISP: 电信, Date: None, Delay: 0.1 ms, Speed: inf M/s, Resolution: 1920x1080
Name: 浙江新闻, URL: http://ali-m-l.cztv.com/channels/lantian/channel007/720p.m3u8, IPv_Type: ipv6, Location: 中国-广西-防城港, ISP: 电信, Date: None, Delay: 0.1 ms, Speed: inf M/s, Resolution: 1920x1080
Name: 浙江新闻, URL: https://ali-m-l.cztv.com/channels/lantian/channel07/720p.m3u8, IPv_Type: ipv6, Location: 中国-广西-防城港, ISP: 电信, Date: None, Delay: 0.1 ms, Speed: inf M/s, Resolution: 1920x1080
Name: 浙江新闻, URL: https://ali-m-l.cztv.com/channels/lantian/channel07/1080p.m3u8, IPv_Type: ipv6, Location: 中国-广西-防城港, ISP: 电信, Date: None, Delay: 0.1 ms, Speed: inf M/s, Resolution: 1920x1080
Name: 浙江少儿, URL: https://qiniup-m-l.cztv.com/channels/lantian/channel008/1080p.m3u8, IPv_Type: ipv6, Location: 中国-广东-佛山, ISP: 电信, Date: None, Delay: 0.1 ms, Speed: inf M/s, Resolution: 1920x1080
Name: 浙江少儿, URL: https://ct-m-l.cztv.com/channels/lantian/channel008/1080p.m3u8, IPv_Type: ipv6, Location: 中国-广东-广州, ISP: 电信, Date: None, Delay: 0.1 ms, Speed: inf M/s, Resolution: 1920x1080
Name: 浙江少儿, URL: https://ali-m-l.cztv.com/channels/lantian/channel008/1080p.m3u8, IPv_Type: ipv6, Location: 中国-广西-防城港, ISP: 电信, Date: None, Delay: 0.1 ms, Speed: inf M/s, Resolution: 1920x1080
Name: 浙江少儿, URL: http://ali-m-l.cztv.com/channels/lantian/channel008/1080p.m3u8, IPv_Type: ipv6, Location: 中国-广西-防城港, ISP: 电信, Date: None, Delay: 0.1 ms, Speed: inf M/s, Resolution: 1920x1080
Name: 浙江少儿, URL: http://ali-vl.cztv.com/channels/lantian/channel008/360p.m3u8, IPv_Type: ipv6, Location: 中国, ISP: 中国电信, Date: None, Delay: 0.1 ms, Speed: inf M/s, Resolution: 1920x1080
Name: 浙江少儿, URL: http://ali-m-l.cztv.com/channels/lantian/channel008/1080p.m3u8?fbl=, IPv_Type: ipv6, Location: 中国-广西-防城港, ISP: 电信, Date: None, Delay: 0.1 ms, Speed: inf M/s, Resolution: 1920x1080
Name: 浙江教科, URL: http://ali-m-l.cztv.com/channels/lantian/channel004/1080p.m3u8, IPv_Type: ipv6, Location: 中国-广西-防城港, ISP: 电信, Date: None, Delay: 0.1 ms, Speed: inf M/s, Resolution: 1920x1080
Name: 浙江教科, URL: https://ali-m-l.cztv.com/channels/lantian/channel004/1080p.m3u8, IPv_Type: ipv6, Location: 中国-广西-防城港, ISP: 电信, Date: None, Delay: 0.1 ms, Speed: inf M/s, Resolution: 1920x1080
Name: 浙江经济, URL: https://ali-m-l.cztv.com/channels/lantian/channel003/1080p.m3u8, IPv_Type: ipv6, Location: 中国-广西-防城港, ISP: 电信, Date: None, Delay: 0.1 ms, Speed: inf M/s, Resolution: 1920x1080
Name: 之江纪录, URL: http://ali-m-l.cztv.com/channels/lantian/channel12/1080p.m3u8, IPv_Type: ipv6, Location: 中国-广西-防城港, ISP: 电信, Date: None, Delay: 0.1 ms, Speed: inf M/s, Resolution: 1920x1080
Name: 之江纪录, URL: https://ali-m-l.cztv.com/channels/lantian/channel12/720p.m3u8, IPv_Type: ipv6, Location: 中国-广西-防城港, ISP: 电信, Date: None, Delay: 0.1 ms, Speed: inf M/s, Resolution: 1920x1080
Name: 浙江国际, URL: http://zhfivel02.cztv.com/channel10/1080p.m3u8?auth_key=2524708799-0-0-646cad31c1d94b002a325cd75475d30f, IPv_Type: ipv6, Location: 中国-广东-东莞, ISP: 电信, Date: None, Delay: 0.1 ms, Speed: inf M/s, Resolution: 1920x1080
Name: 浙江国际, URL: https://ct-m-l.cztv.com/channels/lantian/channel010/1080p.m3u8, IPv_Type: ipv6, Location: 中国-广东-广州, ISP: 电信, Date: None, Delay: 0.1 ms, Speed: inf M/s, Resolution: 1920x1080
Name: 浙江国际, URL: https://qiniup-m-l.cztv.com/channels/lantian/channel010/1080p.m3u8, IPv_Type: ipv6, Location: 中国-广东-佛山, ISP: 电信, Date: None, Delay: 0.1 ms, Speed: inf M/s, Resolution: 1920x1080
Name: 浙江国际, URL: https://ali-m-l.cztv.com/channels/lantian/channel010/1080p.m3u8, IPv_Type: ipv6, Location: 中国-广西-防城港, ISP: 电信, Date: None, Delay: 0.1 ms, Speed: inf M/s, Resolution: 1920x1080
Name: 浙江国际, URL: http://ali-vl.cztv.com/channels/lantian/channel010/360p.m3u8, IPv_Type: ipv6, Location: 中国, ISP: 中国电信, Date: None, Delay: 0.1 ms, Speed: inf M/s, Resolution: 1920x1080
Name: 浙江国际, URL: http://ali-m-l.cztv.com/channels/lantian/channel010/720p.m3u8, IPv_Type: ipv6, Location: 中国-广西-防城港, ISP: 电信, Date: None, Delay: 0.1 ms, Speed: inf M/s, Resolution: 1920x1080
Name: 嘉兴新闻综合, URL: http://live.zohi.tv/video/s10001-fztv-1/index.m3u8, IPv_Type: ipv6, Location: 中国, ISP: 中国电信, Date: None, Delay: 0.1 ms, Speed: inf M/s, Resolution: 1920x1080
Name: 嘉兴新闻综合, URL: https://live-auth.51kandianshi.com/szgd/csztv1.m3u8, IPv_Type: ipv4, Location: 中国-江苏-常州, ISP: 电信, Date: None, Delay: 947 ms, Speed: 0.90 M/s, Resolution: 1920x1080
Name: 湖州新闻综合, URL: http://hzcm-live.media.hugd.com/3f5fa7d64c7c46a38c6bd8ad35e836cc/65128273761b4731ae53729ea6dcf932.m3u8?auth_key=2277598215-9d21c15111244bea8d298c361d31a72e-0-d031198f58d44b0e91ba2e3f3b188865, IPv_Type: ipv4, Location: 中国-上海-上海, ISP: 电信, Date: None, Delay: 812 ms, Speed: 0.18 M/s, Resolution: 1280x720
Name: 湖州新闻综合, URL: http://hzcm-live.media.hugd.com/3f5fa7d64c7c46a38c6bd8ad35e836cc/65128273761b4731ae53729ea6dcf932.m3u8?auth_key=2277598215-9d21c15111244bea8d298c361d31a72e-0-d031198f58d44b0e91ba2e3f3b188865&amp;amp;fbl=, IPv_Type: ipv4, Location: 中国-上海-上海, ISP: 电信, Date: None, Delay: 881 ms, Speed: 0.18 M/s, Resolution: 1280x720
Name: 湖州新闻综合, URL: http://hzcm-live.media.hugd.com/3f5fa7d64c7c46a38c6bd8ad35e836cc/65128273761b4731ae53729ea6dcf932.m3u8?auth_key=2277598215-9d21c15111244bea8d298c361d31a72e-0-d031198f58d44b0e91ba2e3f3b188865&amp;fbl=, IPv_Type: ipv4, Location: 中国-上海-上海, ISP: 电信, Date: None, Delay: 1005 ms, Speed: 0.17 M/s, Resolution: 1280x720
Name: 湖州新闻综合, URL: http://hzcm-live.media.hugd.com/3f5fa7d64c7c46a38c6bd8ad35e836cc/65128273761b4731ae53729ea6dcf932.m3u8?auth_key=2277598215-9d21c15111244bea8d298c361d31a72e-0-d031198f58d44b0e91ba2e3f3b188865&fbl=, IPv_Type: ipv4, Location: 中国-上海-上海, ISP: 电信, Date: None, Delay: 882 ms, Speed: 0.17 M/s, Resolution: 1280x720
Name: 湖州新闻综合, URL: http://hzcm-live.media.hugd.com/3f5fa7d64c7c46a38c6bd8ad35e836cc/65128273761b4731ae53729ea6dcf932.m3u8?auth_key=2277598215-9d21c15111244bea8d298c361d31a72e-0-d031198f58d44b0e91ba2e3f3b188865&amp;amp;amp;fbl=, IPv_Type: ipv4, Location: 中国-上海-上海, ISP: 电信, Date: None, Delay: 1394 ms, Speed: 0.15 M/s, Resolution: 1280x720
Name: 湖州新闻综合, URL: https://hzcm-live.media.hugd.com/3f5fa7d64c7c46a38c6bd8ad35e836cc/65128273761b4731ae53729ea6dcf932.m3u8?auth_key=2277598215-9d21c15111244bea8d298c361d31a72e-0-d031198f58d44b0e91ba2e3f3b188865, IPv_Type: ipv4, Location: 中国-上海-上海, ISP: 电信, Date: None, Delay: 1331 ms, Speed: 0.12 M/s, Resolution: 1280x720
Name: 湖州文化娱乐, URL: http://hzcm-live.media.hugd.com/613c47f0ab0d4eaa98b21378d0db6ded/0051d31c9dd543a7825eea4e49675b2a.m3u8?auth_key=2277598059-0a5ebfa1c0dc4671b42a60810fc37039-0-fa625b7d1feab612062453c12e3c8887&fbl=, IPv_Type: ipv4, Location: 中国-上海-上海, ISP: 电信, Date: None, Delay: 927 ms, Speed: 0.22 M/s, Resolution: 1280x720
Name: 湖州文化娱乐, URL: http://hzcm-live.media.hugd.com/613c47f0ab0d4eaa98b21378d0db6ded/0051d31c9dd543a7825eea4e49675b2a.m3u8?auth_key=2277598059-0a5ebfa1c0dc4671b42a60810fc37039-0-fa625b7d1feab612062453c12e3c8887&amp;fbl=, IPv_Type: ipv4, Location: 中国-上海-上海, ISP: 电信, Date: None, Delay: 947 ms, Speed: 0.22 M/s, Resolution: 1280x720
Name: 湖州文化娱乐, URL: http://hzcm-live.media.hugd.com/613c47f0ab0d4eaa98b21378d0db6ded/0051d31c9dd543a7825eea4e49675b2a.m3u8?auth_key=2277598059-0a5ebfa1c0dc4671b42a60810fc37039-0-fa625b7d1feab612062453c12e3c8887&amp;amp;fbl=, IPv_Type: ipv4, Location: 中国-上海-上海, ISP: 电信, Date: None, Delay: 1173 ms, Speed: 0.21 M/s, Resolution: 1280x720
Name: 湖州文化娱乐, URL: http://hzcm-live.media.hugd.com/613c47f0ab0d4eaa98b21378d0db6ded/0051d31c9dd543a7825eea4e49675b2a.m3u8?auth_key=2277598059-0a5ebfa1c0dc4671b42a60810fc37039-0-fa625b7d1feab612062453c12e3c8887, IPv_Type: ipv4, Location: 中国-上海-上海, ISP: 电信, Date: None, Delay: 972 ms, Speed: 0.21 M/s, Resolution: 1280x720
Name: 湖州文化娱乐, URL: https://hzcm-live.media.hugd.com/613c47f0ab0d4eaa98b21378d0db6ded/0051d31c9dd543a7825eea4e49675b2a.m3u8?auth_key=2277598059-0a5ebfa1c0dc4671b42a60810fc37039-0-fa625b7d1feab612062453c12e3c8887, IPv_Type: ipv4, Location: 中国-上海-上海, ISP: 电信, Date: None, Delay: 1351 ms, Speed: 0.16 M/s, Resolution: 1280x720
Name: 浙江经视, URL: http://ali-m-l.cztv.com/channels/lantian/channel003/720p.m3u8, IPv_Type: ipv6, Location: 中国-广西-防城港, ISP: 电信, Date: None, Delay: 0.1 ms, Speed: inf M/s, Resolution: 1920x1080
Name: 浙江经视, URL: https://ali-m-l.cztv.com/channels/lantian/channel003/1080p.m3u8, IPv_Type: ipv6, Location: 中国-广西-防城港, ISP: 电信, Date: None, Delay: 0.1 ms, Speed: inf M/s, Resolution: 1920x1080
Name: 浙江留学, URL: http://ali-vl.cztv.com/channels/lantian/channel009/360p.m3u8, IPv_Type: ipv6, Location: 中国, ISP: 中国电信, Date: None, Delay: 0.1 ms, Speed: inf M/s, Resolution: 1920x1080
Name: 浙江留学, URL: https://ali-m-l.cztv.com/channels/lantian/channel009/1080p.m3u8, IPv_Type: ipv6, Location: 中国-广西-防城港, ISP: 电信, Date: None, Delay: 0.1 ms, Speed: inf M/s, Resolution: 1920x1080
Name: 浙江民生休闲, URL: http://zhfivel02.cztv.com/channel06/1080p.m3u8?auth_key=2524708799-0-0-59c4fe94512c59a90316fbf17ae2fbef, IPv_Type: ipv6, Location: 中国-广东-东莞, ISP: 电信, Date: None, Delay: 0.1 ms, Speed: inf M/s, Resolution: 1920x1080
Name: 浙江民生休闲, URL: https://ali-m-l.cztv.com/channels/lantian/channel006/1080p.m3u8, IPv_Type: ipv6, Location: 中国-广西-防城港, ISP: 电信, Date: None, Delay: 0.1 ms, Speed: inf M/s, Resolution: 1920x1080
Name: 浙江民生休闲, URL: http://ali-vl.cztv.com/channels/lantian/channel006/360p.m3u8, IPv_Type: ipv6, Location: 中国, ISP: 中国电信, Date: None, Delay: 0.1 ms, Speed: inf M/s, Resolution: 1920x1080
Name: 浙江数码时代, URL: http://ali-m-l.cztv.com/channels/lantian/channel12/720p.m3u8?zzhed, IPv_Type: ipv6, Location: 中国-广西-防城港, ISP: 电信, Date: None, Delay: 0.1 ms, Speed: inf M/s, Resolution: 1920x1080
Name: 浙江数码时代, URL: https://ali-m-l.cztv.com/channels/lantian/channel012/1080p.m3u8\r\n, IPv_Type: ipv6, Location: 中国-广西-防城港, ISP: 电信, Date: None, Delay: 0.1 ms, Speed: inf M/s, Resolution: 1920x1080
Name: 浙江教科影院, URL: http://ali-m-l.cztv.com/channels/lantian/channel004/1080p.m3u8, IPv_Type: ipv6, Location: 中国-广西-防城港, ISP: 电信, Date: None, Delay: 0.1 ms, Speed: inf M/s, Resolution: 1920x1080
Name: 浙江教科影视, URL: http://zhfivel02.cztv.com/channel04/1080p.m3u8?auth_key=2524708799-0-0-514823d0816d4af94a9f32bd7614ed67, IPv_Type: ipv6, Location: 中国-广东-东莞, ISP: 电信, Date: None, Delay: 0.1 ms, Speed: inf M/s, Resolution: 1920x1080
Name: 浙江教科影视, URL: http://ali-m-l.cztv.com/channels/lantian/channel04/1080p.m3u8, IPv_Type: ipv6, Location: 中国-广西-防城港, ISP: 电信, Date: None, Delay: 0.1 ms, Speed: inf M/s, Resolution: 1920x1080
Name: 浙江教科影视, URL: https://ali-m-l.cztv.com/channels/lantian/channel004/1080p.m3u8, IPv_Type: ipv6, Location: 中国-广西-防城港, ISP: 电信, Date: None, Delay: 0.1 ms, Speed: inf M/s, Resolution: 1920x1080
Name: 浙江教科影视, URL: http://ali-vl.cztv.com/channels/lantian/channel004/360p.m3u8, IPv_Type: ipv6, Location: 中国, ISP: 中国电信, Date: None, Delay: -1 ms, Speed: 0.00 M/s, Resolution: None
Name: 浙江公共新闻, URL: http://ali-m-l.cztv.com/channels/lantian/channel07/1080p.m3u8, IPv_Type: ipv6, Location: 中国-广西-防城港, ISP: 电信, Date: None, Delay: 0.1 ms, Speed: inf M/s, Resolution: 1920x1080
Name: 浙江休闲台, URL: http://ali-m-l.cztv.com/channels/lantian/channel006/720p.m3u8, IPv_Type: ipv6, Location: 中国-广西-防城港, ISP: 电信, Date: None, Delay: 0.1 ms, Speed: inf M/s, Resolution: 1920x1080
Name: 浙江遂昌, URL: http://l.cztvcloud.com/channels/lantian/SXsuichang1/720p.m3u8, IPv_Type: ipv6, Location: 中国-江苏-常州, ISP: 电信, Date: None, Delay: 0.1 ms, Speed: inf M/s, Resolution: 1920x1080
Name: 浙江遂昌, URL: http://l.cztvcloud.com/channels/lantian/SXsuichang1/720p.m3u8?%E5%85%B3%E6%B3%A8%E5%BE%AE%E4%BF%A1%E5%85%AC%E4%BC%97%E5%8F%B7[%E6%99%B4%E5%9B%AD], IPv_Type: ipv6, Location: 中国-江苏-常州, ISP: 电信, Date: None, Delay: 0.1 ms, Speed: inf M/s, Resolution: 1920x1080
Name: 诸暨新闻综合, URL: https://l.cztvcloud.com/channels/lantian/SXzhuji3/720p.m3u8, IPv_Type: ipv6, Location: 中国-江苏-常州, ISP: 电信, Date: None, Delay: 0.1 ms, Speed: inf M/s, Resolution: 1920x1080
Name: 诸暨新闻综合, URL: http://l.cztvcloud.com/channels/lantian/SXzhuji3/720p.m3u8?zzhed, IPv_Type: ipv6, Location: 中国-江苏-常州, ISP: 电信, Date: None, Delay: 0.1 ms, Speed: inf M/s, Resolution: 1920x1080
Name: 龙游生活娱乐, URL: https://l.cztvcloud.com/channels/lantian/SXlongyou2/720p.m3u8, IPv_Type: ipv6, Location: 中国-江苏-常州, ISP: 电信, Date: None, Delay: 0.1 ms, Speed: inf M/s, Resolution: 1920x1080
Name: 龙游生活娱乐, URL: http://l.cztvcloud.com/channels/lantian/SXlongyou2/720p.m3u8, IPv_Type: ipv6, Location: 中国-江苏-常州, ISP: 电信, Date: None, Delay: 0.1 ms, Speed: inf M/s, Resolution: 1920x1080
Name: 龙游新闻综合, URL: https://l.cztvcloud.com/channels/lantian/SXlongyou1/720p.m3u8, IPv_Type: ipv6, Location: 中国-江苏-常州, ISP: 电信, Date: None, Delay: 0.1 ms, Speed: inf M/s, Resolution: 1920x1080
Name: 龙游新闻综合, URL: http://l.cztvcloud.com/channels/lantian/SXlongyou1/720p.m3u8?zzhed, IPv_Type: ipv6, Location: 中国-江苏-常州, ISP: 电信, Date: None, Delay: 0.1 ms, Speed: inf M/s, Resolution: 1920x1080
Name: 龙泉新闻综合, URL: http://l.cztvcloud.com/channels/lantian/SXlongquan1/720p.m3u8, IPv_Type: ipv6, Location: 中国-江苏-常州, ISP: 电信, Date: None, Delay: 0.1 ms, Speed: inf M/s, Resolution: 1920x1080
Name: 龙泉新闻综合, URL: http://l.cztvcloud.com/channels/lantian/SXlongquan1/720p.m3u8?zzhed&quot;, IPv_Type: ipv6, Location: 中国-江苏-常州, ISP: 电信, Date: None, Delay: 0.1 ms, Speed: inf M/s, Resolution: 1920x1080
Name: 遂昌综合, URL: http://l.cztvcloud.com/channels/lantian/SXsuichang1/720p.m3u8?zzhed, IPv_Type: ipv6, Location: 中国-江苏-常州, ISP: 电信, Date: None, Delay: 0.1 ms, Speed: inf M/s, Resolution: 1920x1080
Name: 遂昌新闻综合, URL: http://l.cztvcloud.com/channels/lantian/SXsuichang1/720p.m3u8, IPv_Type: ipv6, Location: 中国-江苏-常州, ISP: 电信, Date: None, Delay: 0.1 ms, Speed: inf M/s, Resolution: 1920x1080
Name: 衢江新闻综合, URL: http://l.cztvcloud.com/channels/lantian/SXqujiang1/720p.m3u8?zzhed, IPv_Type: ipv6, Location: 中国-江苏-常州, ISP: 电信, Date: None, Delay: 0.1 ms, Speed: inf M/s, Resolution: 1920x1080
Name: 萧山生活, URL: https://l.cztvcloud.com/channels/lantian/SXxiaoshan2/720p.m3u8, IPv_Type: ipv6, Location: 中国-江苏-常州, ISP: 电信, Date: None, Delay: 0.1 ms, Speed: inf M/s, Resolution: 1920x1080
Name: 萧山生活, URL: http://l.cztvcloud.com/channels/lantian/SXxiaoshan2/720p.m3u8, IPv_Type: ipv6, Location: 中国, ISP: 中国电信, Date: None, Delay: -1 ms, Speed: 0.00 M/s, Resolution: None
Name: 萧山生活, URL: http://l.cztvcloud.com/channels/lantian/SXxiaoshan2/720p.m3u8?zzhed, IPv_Type: ipv4, Location: 中国-江苏-苏州, ISP: 电信, Date: None, Delay: 1959 ms, Speed: 1.24 M/s, Resolution: 1280x720
Name: 萧山新闻综合, URL: https://l.cztvcloud.com/channels/lantian/SXxiaoshan1/720p.m3u8, IPv_Type: ipv6, Location: 中国-江苏-常州, ISP: 电信, Date: None, Delay: 0.1 ms, Speed: inf M/s, Resolution: 1920x1080
Name: 萧山新闻综合, URL: http://l.cztvcloud.com/channels/lantian/SXxiaoshan1/720p.m3u8?zzhed, IPv_Type: ipv6, Location: 中国-江苏-常州, ISP: 电信, Date: None, Delay: 0.1 ms, Speed: inf M/s, Resolution: 1920x1080
Name: 苍南新闻综合, URL: https://l.cztvcloud.com/channels/lantian/SXcangnan1/720p.m3u8, IPv_Type: ipv6, Location: 中国-江苏-常州, ISP: 电信, Date: None, Delay: 0.1 ms, Speed: inf M/s, Resolution: 1920x1080
Name: 苍南新闻综合, URL: http://l.cztvcloud.com/channels/lantian/SXcangnan1/720p.m3u8?zzhed, IPv_Type: ipv6, Location: 中国-江苏-常州, ISP: 电信, Date: None, Delay: 0.1 ms, Speed: inf M/s, Resolution: 1920x1080
Name: 缙云综合, URL: http://l.cztvcloud.com/channels/lantian/SXjinyun1/720p.m3u8?zzhed, IPv_Type: ipv6, Location: 中国-江苏-常州, ISP: 电信, Date: None, Delay: 0.1 ms, Speed: inf M/s, Resolution: 1920x1080
Name: 缙云综合, URL: http://l.cztvcloud.com/channels/lantian/SXjinyun1/720p.m3u8?zzhed&quot;, IPv_Type: ipv6, Location: 中国-江苏-常州, ISP: 电信, Date: None, Delay: 0.1 ms, Speed: inf M/s, Resolution: 1920x1080
Name: 缙云新闻综合, URL: http://l.cztvcloud.com/channels/lantian/SXjinyun1/720p.m3u8, IPv_Type: ipv6, Location: 中国-江苏-常州, ISP: 电信, Date: None, Delay: 0.1 ms, Speed: inf M/s, Resolution: 1920x1080
Name: 绍兴电视台公共, URL: http://live.shaoxing.com.cn/video/s10001-sxtv2/index.m3u8, IPv_Type: ipv4, Location: 中国-浙江-绍兴, ISP: 电信, Date: None, Delay: 4065 ms, Speed: 0.22 M/s, Resolution: 1280x720
Name: 绍兴电视台公共, URL: http://live.shaoxing.com.cn/video/s10001-sxtv2/index.m3u8?%E5%85%B3%E6%B3%A8%E5%BE%AE%E4%BF%A1%E5%85%AC%E4%BC%97%E5%8F%B7[%E6%99%B4%E5%9B%AD], IPv_Type: ipv4, Location: 中国-浙江-绍兴, ISP: 电信, Date: None, Delay: 4550 ms, Speed: 0.19 M/s, Resolution: 1280x720
Name: 湖州公共民生, URL: http://hzcm-live.media.hugd.com/1e6b554b9ab74513958c0e1ffe664d22/9acaa7634309494cb29a85eb12136607.m3u8?auth_key=2272900830-9a2389b8bf4e49d580d4ad807423d326-0-ea78a5c7a678c436263582d368f5009e, IPv_Type: ipv4, Location: 中国-上海-上海, ISP: 电信, Date: None, Delay: 912 ms, Speed: 0.17 M/s, Resolution: 1280x720
Name: 海宁新闻综合, URL: https://p2hs.vzan.com/slowlive/317913155078575177/live.m3u8?zbid=293304&tpid=1708007815, IPv_Type: ipv4, Location: 中国-广东-东莞, ISP: 鹏博士BGP, Date: None, Delay: 359 ms, Speed: 0.49 M/s, Resolution: 1280x720
Name: 海宁新闻综合, URL: https://p2hs.vzan.com/slowlive/317913155078575177/live.m3u8?zbid=293304&amp;tpid=1708007815, IPv_Type: ipv4, Location: 中国-广东-东莞, ISP: 鹏博士BGP, Date: None, Delay: 913 ms, Speed: 0.29 M/s, Resolution: 1280x720
Name: 海宁新闻综合, URL: http://p2hs.vzan.com/slowlive/317913155078575177/live.m3u8, IPv_Type: ipv4, Location: 中国-广东-东莞, ISP: 鹏博士BGP, Date: None, Delay: 683 ms, Speed: 0.24 M/s, Resolution: 1280x720
Name: 海宁新闻综合, URL: https://p2hs.vzan.com/slowlive/317913155078575177/live.m3u8?zbid=293304&amp;amp;tpid=1708007815, IPv_Type: ipv4, Location: 中国-广东-东莞, ISP: 鹏博士BGP, Date: None, Delay: 700 ms, Speed: 0.20 M/s, Resolution: 1280x720
Name: 海宁新闻综合, URL: https://p2hs.vzan.com/slowlive/317913155078575177/live.m3u8, IPv_Type: ipv4, Location: 中国-广东-东莞, ISP: 鹏博士BGP, Date: None, Delay: 1348 ms, Speed: 0.09 M/s, Resolution: 1280x720
Name: 洞头综合, URL: http://l.cztvcloud.com/channels/lantian/SXdongtou1/720p.m3u8, IPv_Type: ipv6, Location: 中国-江苏-常州, ISP: 电信, Date: None, Delay: 0.1 ms, Speed: inf M/s, Resolution: 1920x1080
Name: 永嘉新闻综合, URL: http://l.cztvcloud.com/channels/lantian/SXyongjia1/720p.m3u8, IPv_Type: ipv6, Location: 中国-江苏-常州, ISP: 电信, Date: None, Delay: 0.1 ms, Speed: inf M/s, Resolution: 1920x1080
Name: 永嘉新闻综合, URL: http://l.cztvcloud.com/channels/lantian/SXyongjia1/720p.m3u8?zzhed&quot;, IPv_Type: ipv6, Location: 中国-江苏-常州, ISP: 电信, Date: None, Delay: 0.1 ms, Speed: inf M/s, Resolution: 1920x1080
Name: 永嘉新闻综合, URL: http://l.cztvcloud.com/channels/lantian/SXyongjia1/720p.m3u8?zzhed, IPv_Type: ipv6, Location: 中国-江苏-常州, ISP: 电信, Date: None, Delay: 0.1 ms, Speed: inf M/s, Resolution: 1920x1080
Name: 武义新闻综合, URL: http://l.cztvcloud.com/channels/lantian/SXwuyi1/720p.m3u8, IPv_Type: ipv6, Location: 中国-江苏-常州, ISP: 电信, Date: None, Delay: 0.1 ms, Speed: inf M/s, Resolution: 1920x1080
Name: 武义新闻综合, URL: http://l.cztvcloud.com/channels/lantian/SXwuyi1/720p.m3u8?zzhed, IPv_Type: ipv6, Location: 中国-江苏-常州, ISP: 电信, Date: None, Delay: 0.1 ms, Speed: inf M/s, Resolution: 1920x1080
Name: 松阳综合, URL: http://l.cztvcloud.com/channels/lantian/SXsongyang1/720p.m3u8, IPv_Type: ipv6, Location: 中国-江苏-常州, ISP: 电信, Date: None, Delay: 0.1 ms, Speed: inf M/s, Resolution: 1920x1080
Name: 普陀电视台, URL: http://l.cztvcloud.com/channels/lantian/SXputuo1/720p.m3u8?zzhed#http://l.cztvcloud.com/channels/lantian/SXputuo1/720p.m3u8, IPv_Type: ipv6, Location: 中国-江苏-常州, ISP: 电信, Date: None, Delay: 0.1 ms, Speed: inf M/s, Resolution: 1920x1080
Name: 普陀电视台, URL: https://l.cztvcloud.com/channels/lantian/SXputuo1/720p.m3u8, IPv_Type: ipv6, Location: 中国-江苏-常州, ISP: 电信, Date: None, Delay: 0.1 ms, Speed: inf M/s, Resolution: 1920x1080
Name: 普陀新闻综合, URL: http://l.cztvcloud.com/channels/lantian/SXputuo1/720p.m3u8, IPv_Type: ipv6, Location: 中国-江苏-常州, ISP: 电信, Date: None, Delay: 0.1 ms, Speed: inf M/s, Resolution: 1920x1080
Name: 普陀新闻综合, URL: http://l.cztvcloud.com/channels/lantian/SXputuo1/720p.m3u8?zzhed, IPv_Type: ipv6, Location: 中国-江苏-常州, ISP: 电信, Date: None, Delay: 0.1 ms, Speed: inf M/s, Resolution: 1920x1080
Name: 新昌生活, URL: http://l.cztvcloud.com/channels/lantian/SXxinchang2/720p.m3u8, IPv_Type: ipv6, Location: 中国-江苏-常州, ISP: 电信, Date: None, Delay: 0.1 ms, Speed: inf M/s, Resolution: 1920x1080
Name: 新昌新闻综合, URL: https://l.cztvcloud.com/channels/lantian/SXxinchang1/720p.m3u8, IPv_Type: ipv6, Location: 中国-江苏-常州, ISP: 电信, Date: None, Delay: 0.1 ms, Speed: inf M/s, Resolution: 1920x1080
Name: 新昌新闻综合, URL: http://l.cztvcloud.com/channels/lantian/SXxinchang1/720p.m3u8, IPv_Type: ipv6, Location: 中国-江苏-常州, ISP: 电信, Date: None, Delay: 0.1 ms, Speed: inf M/s, Resolution: 1920x1080
Name: 文成综合, URL: http://l.cztvcloud.com/channels/lantian/SXwencheng1/720p.m3u8, IPv_Type: ipv6, Location: 中国-江苏-常州, ISP: 电信, Date: None, Delay: 0.1 ms, Speed: inf M/s, Resolution: 1920x1080
Name: 文成综合, URL: http://l.cztvcloud.com/channels/lantian/SXwencheng1/720p.m3u8?zzhed, IPv_Type: ipv6, Location: 中国-江苏-常州, ISP: 电信, Date: None, Delay: 0.1 ms, Speed: inf M/s, Resolution: 1920x1080
Name: 文成新闻综合, URL: http://l.cztvcloud.com/channels/lantian/SXwencheng1/720p.m3u8, IPv_Type: ipv6, Location: 中国-江苏-常州, ISP: 电信, Date: None, Delay: 0.1 ms, Speed: inf M/s, Resolution: 1920x1080
Name: 数码时代, URL: http://ali-m-l.cztv.com/channels/lantian/channel12/720p.m3u8?zzhed, IPv_Type: ipv6, Location: 中国-广西-防城港, ISP: 电信, Date: None, Delay: 0.1 ms, Speed: inf M/s, Resolution: 1920x1080
Name: 开化新闻综合, URL: http://l.cztvcloud.com/channels/lantian/SXkaihua1/720p.m3u8?zzhed, IPv_Type: ipv6, Location: 中国-江苏-常州, ISP: 电信, Date: None, Delay: 0.1 ms, Speed: inf M/s, Resolution: 1920x1080
Name: 开化国家公园, URL: http://l.cztvcloud.com/channels/lantian/SXkaihua2/720p.m3u8?zzhed#http://l.cztvcloud.com/channels/lantian/SXkaihua2/720p.m3u8zzhed#http://l.cztvcloud.com/channels/lantian/SXkaihua2/720p.m3u8, IPv_Type: ipv6, Location: 中国, ISP: 中国电信, Date: None, Delay: -1 ms, Speed: 0.00 M/s, Resolution: None
Name: 庆元综合, URL: http://l.cztvcloud.com/channels/lantian/SXqingyuan1/720p.m3u8, IPv_Type: ipv6, Location: 中国-江苏-常州, ISP: 电信, Date: None, Delay: 0.1 ms, Speed: inf M/s, Resolution: 1920x1080
Name: 庆元综合, URL: http://l.cztvcloud.com/channels/lantian/SXqingyuan1/720p.m3u8?zzhed, IPv_Type: ipv6, Location: 中国-江苏-常州, ISP: 电信, Date: None, Delay: 0.1 ms, Speed: inf M/s, Resolution: 1920x1080
Name: 庆元综合, URL: http://l.cztvcloud.com/channels/lantian/SXqingyuan1/720p.m3u8?fbl=, IPv_Type: ipv6, Location: 中国-江苏-常州, ISP: 电信, Date: None, Delay: 0.1 ms, Speed: inf M/s, Resolution: 1920x1080
Name: 庆元综合, URL: http://l.cztvcloud.com/channels/lantian/SXqingyuan1/720p.m3u8?%E5%85%B3%E6%B3%A8%E5%BE%AE%E4%BF%A1%E5%85%AC%E4%BC%97%E5%8F%B7[%E6%99%B4%E5%9B%AD], IPv_Type: ipv6, Location: 中国-江苏-常州, ISP: 电信, Date: None, Delay: 0.1 ms, Speed: inf M/s, Resolution: 1920x1080
Name: 庆元新闻综合, URL: http://l.cztvcloud.com/channels/lantian/SXqingyuan1/720p.m3u8?fbl=, IPv_Type: ipv6, Location: 中国-江苏-常州, ISP: 电信, Date: None, Delay: 0.1 ms, Speed: inf M/s, Resolution: 1920x1080
Name: 平湖民生休闲, URL: http://l.cztvcloud.com/channels/lantian/SXpinghu2/720p.m3u8?zzhed, IPv_Type: ipv6, Location: 中国, ISP: 中国电信, Date: None, Delay: -1 ms, Speed: 0.00 M/s, Resolution: None
Name: 嵊泗综合, URL: http://l.cztvcloud.com/channels/lantian/SXshengsi1/720p.m3u8, IPv_Type: ipv6, Location: 中国-江苏-常州, ISP: 电信, Date: None, Delay: 0.1 ms, Speed: inf M/s, Resolution: 1920x1080
Name: 嵊泗新闻综合, URL: http://l.cztvcloud.com/channels/lantian/SXshengsi1/720p.m3u8, IPv_Type: ipv6, Location: 中国-江苏-常州, ISP: 电信, Date: None, Delay: 0.1 ms, Speed: inf M/s, Resolution: 1920x1080
Name: 兰溪新闻综合, URL: http://l.cztvcloud.com/channels/lantian/SXlanxi1/720p.m3u8, IPv_Type: ipv6, Location: 中国-江苏-常州, ISP: 电信, Date: None, Delay: 0.1 ms, Speed: inf M/s, Resolution: 1920x1080
Name: 兰溪新闻综合, URL: http://l.cztvcloud.com/channels/lantian/SXlanxi1/720p.m3u8?zzhed, IPv_Type: ipv6, Location: 中国-江苏-常州, ISP: 电信, Date: None, Delay: 0.1 ms, Speed: inf M/s, Resolution: 1920x1080
Name: 余杭综合, URL: http://l.cztvcloud.com/channels/lantian/SXyuhang1/720p.m3u8, IPv_Type: ipv6, Location: 中国-江苏-常州, ISP: 电信, Date: None, Delay: 0.1 ms, Speed: inf M/s, Resolution: 1920x1080
Name: 余杭未来E, URL: http://l.cztvcloud.com/channels/lantian/SXyuhang3/720p.m3u8, IPv_Type: ipv6, Location: 中国-江苏-常州, ISP: 电信, Date: None, Delay: 0.1 ms, Speed: inf M/s, Resolution: 1920x1080
Name: 余姚综合, URL: http://l.cztvcloud.com/channels/lantian/SXyuyao1/720p.m3u8, IPv_Type: ipv6, Location: 中国-江苏-常州, ISP: 电信, Date: None, Delay: 0.1 ms, Speed: inf M/s, Resolution: 1920x1080
Name: 余姚综合, URL: https://l.cztvcloud.com/channels/lantian/SXyuyao1/720p.m3u8, IPv_Type: ipv6, Location: 中国-江苏-常州, ISP: 电信, Date: None, Delay: 0.1 ms, Speed: inf M/s, Resolution: 1920x1080
Name: 余姚综合, URL: http://l.cztvcloud.com/channels/lantian/SXyuyao1/720p.m3u8?cWlkPSZzPTg3OWMwYmMyZDMzYTFhZGY3NDQxMjgyYTg1MmUzNTY0JmVzPTE3MDY2Nzc4NzMmdXVpZD0yMjdiY2MzNGNiNGY0MThlYjRiY2IxYzcwNmZjODNkMS02NzQ3NDY2NyZ2PTImYXM9MCZjZG5leF9pZD10eF9waG9uZV9saXZl, IPv_Type: ipv6, Location: 中国-江苏-常州, ISP: 电信, Date: None, Delay: 0.1 ms, Speed: inf M/s, Resolution: 1920x1080
Name: 余姚综合, URL: http://l.cztvcloud.com/channels/lantian/SXyuyao1/720p.m3u8?%E5%85%B3%E6%B3%A8%E5%BE%AE%E4%BF%A1%E5%85%AC%E4%BC%97%E5%8F%B7[%E6%99%B4%E5%9B%AD], IPv_Type: ipv6, Location: 中国-江苏-常州, ISP: 电信, Date: None, Delay: 0.1 ms, Speed: inf M/s, Resolution: 1920x1080
Name: 余姚新闻综合, URL: https://l.cztvcloud.com/channels/lantian/SXyuyao1/720p.m3u8, IPv_Type: ipv6, Location: 中国-江苏-常州, ISP: 电信, Date: None, Delay: 0.1 ms, Speed: inf M/s, Resolution: 1920x1080
Name: 余姚新闻综合, URL: http://l.cztvcloud.com/channels/lantian/SXyuyao1/720p.m3u8?cWlkPSZzPTg3OWMwYmMyZDMzYTFhZGY3NDQxMjgyYTg1MmUzNTY0JmVzPTE3MDY2Nzc4NzMmdXVpZD0yMjdiY2MzNGNiNGY0MThlYjRiY2IxYzcwNmZjODNkMS02NzQ3NDY2NyZ2PTImYXM9MCZjZG5leF9pZD10eF9waG9uZV9saXZl, IPv_Type: ipv6, Location: 中国, ISP: 中国电信, Date: None, Delay: -1 ms, Speed: 0.00 M/s, Resolution: None
Name: 余姚新闻综合, URL: http://l.cztvcloud.com/channels/lantian/SXyuyao1/720p.m3u8, IPv_Type: ipv6, Location: 中国, ISP: 中国电信, Date: None, Delay: -1 ms, Speed: 0.00 M/s, Resolution: None
Name: 余姚姚江文化, URL: https://l.cztvcloud.com/channels/lantian/SXyuyao3/720p.m3u8, IPv_Type: ipv6, Location: 中国-江苏-常州, ISP: 电信, Date: None, Delay: 0.1 ms, Speed: inf M/s, Resolution: 1920x1080
Name: 余姚姚江文化, URL: http://l.cztvcloud.com/channels/lantian/SXyuyao3/720p.m3u8, IPv_Type: ipv6, Location: 中国-江苏-常州, ISP: 电信, Date: None, Delay: 0.1 ms, Speed: inf M/s, Resolution: 1920x1080
Name: 余姚姚江文化, URL: https://l.cztvcloud.com/channels/lantian/SXyuyao2/720p.m3u8, IPv_Type: ipv6, Location: 中国-江苏-常州, ISP: 电信, Date: None, Delay: 0.1 ms, Speed: inf M/s, Resolution: 1920x1080
Name: 余姚姚江文化, URL: http://l.cztvcloud.com/channels/lantian/SXyuyao3/720p.m3u8?zzhed, IPv_Type: ipv6, Location: 中国-江苏-常州, ISP: 电信, Date: None, Delay: 0.1 ms, Speed: inf M/s, Resolution: 1920x1080
Name: 余姚姚江文化, URL: http://l.cztvcloud.com/channels/lantian/SXyuyao3/720p.m3u8zzhed, IPv_Type: ipv6, Location: 中国-江苏-常州, ISP: 电信, Date: None, Delay: 0.1 ms, Speed: inf M/s, Resolution: 1920x1080
Name: 云和新闻综合, URL: http://l.cztvcloud.com/channels/lantian/SXyunhe1/720p.m3u8, IPv_Type: ipv6, Location: 中国-江苏-常州, ISP: 电信, Date: None, Delay: 0.1 ms, Speed: inf M/s, Resolution: 1920x1080
Name: 义乌新闻综合, URL: https://44911.hlsplay.aodianyun.com/tv_radio_44911/tv_channel_1796.m3u8?auth_key=4830573978-0-0-92824c2c03f95906a3c49a4aa28f1709&extra_key=Yc1XsmxOKy2UBoPM4Wy5vCPsEYqnj06taCR2SRB2Xrg2w28NPilH03KdIbbM5wgSql-VBohSnoO9AOKl94q2t2DWMftz-XB-2qUX-UjXcS80StcSZahBFjrKLivXaRjiY5r2NOMKWMKFbv-S0Bz2G6iEXgCK8yGjtrFHDcPfAQEE0pvXq0Bwy34b7We8zARN&ali_ffmpeg_version=mpengine, IPv_Type: ipv4, Location: 中国-上海-上海, ISP: 电信, Date: None, Delay: 1005 ms, Speed: 0.03 M/s, Resolution: 960x540
Name: 中国蓝新闻, URL: http://ali-m-l.cztv.com/channels/lantian/channel009/1080p.m3u8, IPv_Type: ipv6, Location: 中国-广西-防城港, ISP: 电信, Date: None, Delay: 0.1 ms, Speed: inf M/s, Resolution: 1920x1080
Name: 中国蓝新闻, URL: https://ali-m-l.cztv.com/channels/lantian/channel009/1080p.m3u8, IPv_Type: ipv6, Location: 中国-广西-防城港, ISP: 电信, Date: None, Delay: 0.1 ms, Speed: inf M/s, Resolution: 1920x1080
Name: 东阳影视生活, URL: http://l.cztvcloud.com/channels/lantian/SXdongyang1/720p.m3u8, IPv_Type: ipv6, Location: 中国-江苏-常州, ISP: 电信, Date: None, Delay: 0.1 ms, Speed: inf M/s, Resolution: 1920x1080
Name: 上虞新闻综合, URL: http://l.cztvcloud.com/channels/lantian/SXshangyu1/720p.m3u8?zzhed, IPv_Type: ipv6, Location: 中国-江苏-常州, ISP: 电信, Date: None, Delay: 0.1 ms, Speed: inf M/s, Resolution: 1920x1080
Name: 上虞新商都, URL: http://l.cztvcloud.com/channels/lantian/SXshangyu3/720p.m3u8, IPv_Type: ipv6, Location: 中国-江苏-常州, ISP: 电信, Date: None, Delay: 0.1 ms, Speed: inf M/s, Resolution: 1920x1080
Name: 上虞文化影院, URL: http://l.cztvcloud.com/channels/lantian/SXshangyu2/720p.m3u8, IPv_Type: ipv6, Location: 中国-江苏-常州, ISP: 电信, Date: None, Delay: 0.1 ms, Speed: inf M/s, Resolution: 1920x1080
Name: 上虞文化影视, URL: http://l.cztvcloud.com/channels/lantian/SXshangyu2/720p.m3u8, IPv_Type: ipv6, Location: 中国-江苏-常州, ISP: 电信, Date: None, Delay: 0.1 ms, Speed: inf M/s, Resolution: 1920x1080
Name: 北京卡酷少儿, URL: https://migu.188766.xyz/?migutoken=1023983db6b5249e61d4950c1654cd84&id=%E5%8C%97%E4%BA%AC%E5%8D%A1%E9%85%B7%E5%B0%91%E5%84%BF&type=yy, IPv_Type: ipv6, Location: 美国, ISP: CloudFlare Inc., Date: None, Delay: -1 ms, Speed: 0.00 M/s, Resolution: None
Name: 北京新闻, URL: https://ls.qingting.fm/live/339/64k.m3u8, IPv_Type: ipv6, Location: 中国-广东-东莞, ISP: 电信, Date: None, Delay: 0.1 ms, Speed: inf M/s, Resolution: 1920x1080
Name: 北京新闻, URL: http://[2409:8087:1:20:20::2a]/otttv.bj.chinamobile.com/PLTV/88888888/224/3221226437/1.m3u8?GuardEncType=2&accountinfo=%7E%7EV2.0%7EncK5uEAdYwWMsf8WJWI1mQ%7E_eNUbgU9sJGUcVVduOMKhafLvQUgE_zlz_7pvDimJNO_LSIQh_h2P54Cz-MqgJqC%2CEND, IPv_Type: ipv6, Location: 中国, ISP: 中国移动, Date: None, Delay: 0.1 ms, Speed: inf M/s, Resolution: 1920x1080
Name: 北京新闻, URL: http://[2409:8087:8:21::18]:6610/otttv.bj.chinamobile.com/PLTV/88888888/224/3221226437/1.m3u8, IPv_Type: ipv6, Location: 中国, ISP: 中国移动, Date: None, Delay: 0.1 ms, Speed: inf M/s, Resolution: 1920x1080
Name: 北京新闻, URL: http://[2409:8087:8:21::18]:6610/otttv.bj.chinamobile.com/PLTV/88888888/224/3221226512/1.m3u8, IPv_Type: ipv6, Location: 中国, ISP: 中国移动, Date: None, Delay: 0.1 ms, Speed: inf M/s, Resolution: 1920x1080
Name: 北京新闻, URL: http://iptv.huuc.edu.cn/hls/btv9hd.m3u8, IPv_Type: ipv6, Location: 中国, ISP: 教育网, Date: None, Delay: 0.1 ms, Speed: inf M/s, Resolution: 1920x1080
Name: 北京新闻, URL: http://nas.suntao.online:35455/bptv/10000100000000050000000003870780.m3u8, IPv_Type: ipv6, Location: 中国, ISP: 中国联通, Date: None, Delay: 0.1 ms, Speed: inf M/s, Resolution: 1920x1080
Name: 北京新闻, URL: http://yc.myds.me:35455/bptv/10000100000000050000000003870780.m3u8, IPv_Type: ipv6, Location: 中国, ISP: 中国电信, Date: None, Delay: 0.1 ms, Speed: inf M/s, Resolution: 1920x1080
Name: 北京新闻, URL: https://brtv-radiolive.rbc.cn/alive/fm945.m3u8, IPv_Type: ipv6, Location: 中国-广东-广州, ISP: 电信, Date: None, Delay: 0.1 ms, Speed: inf M/s, Resolution: 1920x1080
Name: 北京生活, URL: http://[2409:8087:1:20:20::2a]/otttv.bj.chinamobile.com/PLTV/88888888/224/3221226514/1.m3u8?GuardEncType=2&accountinfo=%7E%7EV2.0%7Es-PVNcPJsjr_oBdcXGT40g%7E_eNUbgU9sJGUcVVduOMKhafLvQUgE_zlz_7pvDimJNMWvZ0r6eMXcXJOGrCpJiq1%2CEND, IPv_Type: ipv6, Location: 中国, ISP: 中国移动, Date: None, Delay: 0.1 ms, Speed: inf M/s, Resolution: 1920x1080
Name: 北京生活, URL: http://[2409:8087:8:21::18]:6610/otttv.bj.chinamobile.com/PLTV/88888888/224/3221226514/1.m3u8, IPv_Type: ipv6, Location: 中国, ISP: 中国移动, Date: None, Delay: 0.1 ms, Speed: inf M/s, Resolution: 1920x1080
Name: 北京生活, URL: http://[2409:8087:8:21::18]:6610/otttv.bj.chinamobile.com/PLTV/88888888/224/3221226561/1.m3u8, IPv_Type: ipv6, Location: 中国, ISP: 中国移动, Date: None, Delay: 0.1 ms, Speed: inf M/s, Resolution: 1920x1080
Name: 北京生活, URL: https://migu.188766.xyz/?migutoken=9c327678a97ae2bebdc3343ce8d1b076&id=%E5%8C%97%E4%BA%ACi%E7%94%9F%E6%B4%BB&type=yy, IPv_Type: ipv6, Location: 美国, ISP: CloudFlare Inc., Date: None, Delay: -1 ms, Speed: 0.00 M/s, Resolution: None
Name: 北京生活, URL: https://migu.188766.xyz/?migutoken=5352c66f3445e6f6a6674e780db1be96&id=%E5%8C%97%E4%BA%ACi%E7%94%9F%E6%B4%BB&type=yy, IPv_Type: ipv6, Location: 美国, ISP: CloudFlare Inc., Date: None, Delay: -1 ms, Speed: 0.00 M/s, Resolution: None
Name: 北京科教, URL: http://player.cntv.cn/standard/live_HLSDRM20180606.swf?ChannelID=btv3&P2PChannelID=pd://cctv_p2p_hdbtv3, IPv_Type: ipv4, Location: 美国-伊利诺伊州-库克, ISP: 网宿CDN节点, Date: None, Delay: 31 ms, Speed: 4.01 M/s, Resolution: 19x24
Name: 北京财经, URL: http://[2409:8087:1:20:20::2a]/otttv.bj.chinamobile.com/PLTV/88888888/224/3221226516/1.m3u8?GuardEncType=2&accountinfo=%7E%7EV2.0%7Eh9_SEkmWeMdS1TMnIILZgg%7E_eNUbgU9sJGUcVVduOMKhafLvQUgE_zlz_7pvDimJNPIiicEW7OIvk1s-X-PXHqO%2CEND, IPv_Type: ipv6, Location: 中国, ISP: 中国移动, Date: None, Delay: 0.1 ms, Speed: inf M/s, Resolution: 1920x1080
Name: 北京财经, URL: http://[2409:8087:8:21::18]:6610/otttv.bj.chinamobile.com/PLTV/88888888/224/3221226516/1.m3u8, IPv_Type: ipv6, Location: 中国, ISP: 中国移动, Date: None, Delay: 0.1 ms, Speed: inf M/s, Resolution: 1920x1080
Name: 北京财经, URL: http://[2409:8087:8:21::18]:6610/otttv.bj.chinamobile.com/PLTV/88888888/224/3221226560/1.m3u8, IPv_Type: ipv6, Location: 中国, ISP: 中国移动, Date: None, Delay: 0.1 ms, Speed: inf M/s, Resolution: 1920x1080
Name: 北京财经, URL: https://migu.188766.xyz/?migutoken=7c30e1ae174f101bab516bfa43840925&id=%E5%8C%97%E4%BA%AC%E8%B4%A2%E7%BB%8F&type=yy, IPv_Type: ipv6, Location: 美国, ISP: CloudFlare Inc., Date: None, Delay: -1 ms, Speed: 0.00 M/s, Resolution: None
Name: 北京财经, URL: https://migu.188766.xyz/?migutoken=debab7233813a268c34754a611c9f1fb&id=%E5%8C%97%E4%BA%AC%E8%B4%A2%E7%BB%8F&type=yy, IPv_Type: ipv6, Location: 美国, ISP: CloudFlare Inc., Date: None, Delay: -1 ms, Speed: 0.00 M/s, Resolution: None
Name: 北京财经, URL: https://wstvcpudali.v.myalicdn.com/wstvcpud/udrmbtv5_1/index.m3u8?adapt=0&BR=audio, IPv_Type: ipv4, Location: 中国-上海-上海, ISP: 电信, Date: None, Delay: 1185 ms, Speed: 0.08 M/s, Resolution: None
Name: 北京青年, URL: http://player.cntv.cn/standard/live_HLSDRM20180919.swf?v=180.171.5.8.9.6.3.9&ChannelID=btv8&videoTVChannel=btv8&P2PChannelID=pd://cctv_p2p_hdbtv8&tai=btv8&VideoName=btv8&channelID=btv8, IPv_Type: ipv4, Location: 美国-伊利诺伊州-库克, ISP: 网宿CDN节点, Date: None, Delay: 11 ms, Speed: 11.30 M/s, Resolution: 19x24
Name: 七彩戏剧, URL: http://php.jdshipin.com/itv6s.php?cid=bestzb&id=5000000011000031116, IPv_Type: ipv6, Location: 美国, ISP: CloudFlare Inc., Date: None, Delay: 0.1 ms, Speed: inf M/s, Resolution: 1920x1080
Name: 上海外语, URL: http://[2409:8087:5e00:24::029]:6610/000000001000/2000000002000000001/index.m3u8?stbId=3&livemode=1&HlsProfileId=&channel-id=hnbblive&Contentid=2000000002000000001&IASHttpSessionId=OTT19019320240419154124000281, IPv_Type: ipv6, Location: 中国, ISP: 中国移动, Date: None, Delay: 0.1 ms, Speed: inf M/s, Resolution: 1920x1080
Name: 上海外语, URL: https://live.lalifeier.eu.org/kankanews/shics.m3u8?t=1746307365&key=5923d8473fb7e7c254f421fd5c26ed51, IPv_Type: ipv6, Location: 美国, ISP: CloudFlare Inc., Date: None, Delay: 0.1 ms, Speed: inf M/s, Resolution: 1920x1080
Name: 上海新闻综合, URL: https://mursor.ottiptv.cc/migu/651632657.m3u8?migutoken=2c1df649aa4a05375c169ba80b0e1237948ea4ca1f76374295c3a13814b384753f3baf0671b15276cc4e08d3b8cc736174d9e248cc91974b4a90971bb67c1980a21d82ed456a9630f45e87f4b0, IPv_Type: ipv6, Location: 美国-新泽西州-巴赛克, ISP: DigitalOcean, Date: None, Delay: -1 ms, Speed: 0.00 M/s, Resolution: None
Name: 上海新闻综合, URL: https://migu.188766.xyz/?migutoken=ab52e6b62ed5785f357e5b5f07f64dda&id=xwzh&type=sz, IPv_Type: ipv6, Location: 美国, ISP: CloudFlare Inc., Date: None, Delay: -1 ms, Speed: 0.00 M/s, Resolution: None
Name: 上海新闻综合, URL: https://mgtv.ottiptv.cc/migu/651632657.m3u8?migutoken=3d07ca6dd63fe88d489828ac56bd02581e576f20c460c32bec943a86a2d159b51a177f4186aa91045ee1c3b1b14ede5accc85b0c58c01a8201e6e8277e222da8b0cd553a74a01b9b3bb56893f8, IPv_Type: ipv6, Location: 美国, ISP: Oracle Corporation, Date: None, Delay: -1 ms, Speed: 0.00 M/s, Resolution: None
Name: 上海新闻综合, URL: https://migu.188766.xyz/?migutoken=2db2e2ddce3431f6bb0042dc4d843909&id=xwzh&type=sz, IPv_Type: ipv6, Location: 美国, ISP: CloudFlare Inc., Date: None, Delay: -1 ms, Speed: 0.00 M/s, Resolution: None
Name: 上海新闻综合, URL: https://mgtv.ottiptv.cc/migu/651632657.m3u8?migutoken=348c9164063c2b1df215dd2fa7cd92cb119d8a335ae0edfb5d615a6c714e71b669eee2f5ff1730afa92af7ca41d0aa96e3a280d7e5f2069eb8a3b852f3ebc270147489d7c8bfb08a7c4b9c4d80, IPv_Type: ipv6, Location: 美国, ISP: Oracle Corporation, Date: None, Delay: -1 ms, Speed: 0.00 M/s, Resolution: None
Name: 上海新闻综合, URL: https://mgtv.ottiptv.cc/mg/651632657.m3u8?sign=baf4677a556e411a7e3639bda66eca0f&tm=1757355490&token=a88466c8c0d3788d333987df991cb29c1bbdcede9924a8d3026202c22940b447704ff2c9123c66b2c48ec34b9f837524f69b99aff7581076d033af2d938587885b364200fd4b1194f2dea477e1, IPv_Type: ipv6, Location: 美国, ISP: Oracle Corporation, Date: None, Delay: -1 ms, Speed: 0.00 M/s, Resolution: None
Name: 上海新闻综合, URL: http://gslbmgsplive.miguvideo.com/wd_r4/dfl/xinwenzonghehd/1200/index.m3u8?msisdn=20250919080134d0a4f61e680b4d1b8d2460b858ff1fec&mdspid=&spid=699212&netType=0&sid=5500002275&pid=2028597139&timestamp=20250919080134&Channel_ID=0116_2600000900-99000-201600010010027&ProgramID=651632657&ParentNodeID=-99&assertID=5500002275&client_ip=106.13.250.88&SecurityKey=20250919080134&promotionId=&mvid=5100001716&mcid=500020&playurlVersion=WX-A1-8.9.1-RELEASE&userid=&jmhm=&videocodec=h264&bean=mgspad&tid=android&conFee=0&puData=c6e37e6787e81aeb250c874ff8533137&ddCalcu=7c36e1e13313705e86f7f8477e88c10a5e2b, IPv_Type: ipv6, Location: 中国, ISP: 中国移动, Date: None, Delay: -1 ms, Speed: 0.00 M/s, Resolution: None
Name: 上海新闻综合, URL: http://gslbmgsplive.miguvideo.com/wd_r4/dfl/xinwenzonghehd/1200/index.m3u8?msisdn=20251023080141ea171d5993054ddd94612bf653be3cfa&mdspid=&spid=699212&netType=0&sid=5500002275&pid=2028597139&timestamp=20251023080141&Channel_ID=0116_2600000900-99000-201600010010027&ProgramID=651632657&ParentNodeID=-99&assertID=5500002275&client_ip=106.13.250.83&SecurityKey=20251023080141&promotionId=&mvid=5100001716&mcid=500020&playurlVersion=WX-A1-8.9.2-RELEASE&userid=&jmhm=&videocodec=h264&bean=mgspad&tid=android&conFee=0&puData=4757c0d2f0cd0feb69bcfc7ea14ddd49&ddCalcu=9447ed52d71dc0401da2ef70ccfdc0bf9e6b, IPv_Type: ipv6, Location: 中国, ISP: 中国移动, Date: None, Delay: -1 ms, Speed: 0.00 M/s, Resolution: None
Name: 上海新闻综合, URL: http://gslbmgsplive.miguvideo.com/wd_r4/dfl/xinwenzonghehd/1200/index.m3u8?msisdn=202510240800572be58ced346548aab92c7ebfbc90d088&mdspid=&spid=699212&netType=0&sid=5500002275&pid=2028597139&timestamp=20251024080057&Channel_ID=0116_2600000900-99000-201600010010027&ProgramID=651632657&ParentNodeID=-99&assertID=5500002275&client_ip=106.13.250.88&SecurityKey=20251024080057&promotionId=&mvid=5100001716&mcid=500020&playurlVersion=WX-A1-8.9.2-RELEASE&userid=&jmhm=&videocodec=h264&bean=mgspad&tid=android&conFee=0&puData=05479a300e9aa0cbfb7bbc5ca9733a84&ddCalcu=4085ea423713907a93a0c05ec9baba70bcfb, IPv_Type: ipv6, Location: 中国, ISP: 中国移动, Date: None, Delay: -1 ms, Speed: 0.00 M/s, Resolution: None
Name: 上海新闻综合, URL: http://gslbmgsplive.miguvideo.com/wd_r4/dfl/xinwenzonghehd/1200/index.m3u8?msisdn=20251025080100b35a6c3882a949ae802da68a5f06fef8&mdspid=&spid=699212&netType=0&sid=5500002275&pid=2028597139&timestamp=20251025080100&Channel_ID=0116_2600000900-99000-201600010010027&ProgramID=651632657&ParentNodeID=-99&assertID=5500002275&client_ip=106.13.250.90&SecurityKey=20251025080100&promotionId=&mvid=5100001716&mcid=500020&playurlVersion=WX-A1-8.9.2-RELEASE&userid=&jmhm=&videocodec=h264&bean=mgspad&tid=android&conFee=0&puData=6f8be77ecb1155de0e5d3baaed9f8e01&ddCalcu=160fee828b1fe097d7eeacabb131d555ed0e, IPv_Type: ipv6, Location: 中国, ISP: 中国移动, Date: None, Delay: -1 ms, Speed: 0.00 M/s, Resolution: None
Name: 上海新闻综合, URL: http://bp-livetytv.bestv.cn/ch/bestvxwzh.m3u8, IPv_Type: ipv6, Location: 中国, ISP: 中国电信, Date: None, Delay: -1 ms, Speed: 0.00 M/s, Resolution: None
Name: 上海新闻综合, URL: http://gslbmgsplive.miguvideo.com/wd_r4/dfl/xinwenzonghehd/1200/index.m3u8?msisdn=202510260800571a80ecc296e048748f25ce64f259efe6&mdspid=&spid=699212&netType=0&sid=5500002275&pid=2028597139&timestamp=20251026080057&Channel_ID=0116_2600000900-99000-201600010010027&ProgramID=651632657&ParentNodeID=-99&assertID=5500002275&client_ip=106.13.250.83&SecurityKey=20251026080057&promotionId=&mvid=5100001716&mcid=500020&playurlVersion=WX-A1-8.9.2-RELEASE&userid=&jmhm=&videocodec=h264&bean=mgspad&tid=android&conFee=0&puData=9434bf593d72839a9157b57bc07f3a86&ddCalcu=6984ea32341fb07f05c9b37d57b27853199a, IPv_Type: ipv6, Location: 中国, ISP: 中国移动, Date: None, Delay: -1 ms, Speed: 0.00 M/s, Resolution: None
Name: 上海第一财经, URL: https://mursor.ottiptv.cc/migu/608780988.m3u8?migutoken=7c61765857deba36348b33b70960be142ad01112a576887cba46c30e7069797b60d888f8f8dde583e0fd4fc58620a1fe2e530a64d73661591405b25881e40fcc2c1fe608d3cc0e259c8c00d297, IPv_Type: ipv6, Location: 美国-新泽西州-巴赛克, ISP: DigitalOcean, Date: None, Delay: -1 ms, Speed: 0.00 M/s, Resolution: None
Name: 上海第一财经, URL: https://mgtv.ottiptv.cc/migu/608780988.m3u8?migutoken=dfed5da7e29e8b57e2aed3975fb3c0bfe41b53caed5efc9396edfc75fec33a9eeb357652ef34a96b8623b38e12b71bee632bf6f127e9c17861e5ca6e52898d0d770965f4de553ee23aeea5ce2c, IPv_Type: ipv6, Location: 美国, ISP: Oracle Corporation, Date: None, Delay: -1 ms, Speed: 0.00 M/s, Resolution: None
Name: 上海第一财经, URL: https://mgtv.ottiptv.cc/migu/608780988.m3u8?migutoken=0c7df30d952e5d120406d3eb259cd5e26ec6aa86037008719de147cc6fbc34e877c3e3d7b9617267f35521bdddc4c5995e6fc0583816a5df1bfe19814868525e736733676761a4b2d4db618e84, IPv_Type: ipv6, Location: 美国, ISP: Oracle Corporation, Date: None, Delay: -1 ms, Speed: 0.00 M/s, Resolution: None
Name: 上海第一财经, URL: https://mgtv.ottiptv.cc/mg/608780988.m3u8?sign=ca5073dfefabd07a3a44b30ca200c375&tm=1757355490&token=e12a9094e382415fed09673baf28a61946fd64f2b5cde215006fe2de44af0039ea71d14ca59989349864375e065f2f92bd0051dc7a3ec5ac60049cc02e57ce94eabe732283369ac89b87cbb618, IPv_Type: ipv6, Location: 美国, ISP: Oracle Corporation, Date: None, Delay: -1 ms, Speed: 0.00 M/s, Resolution: None
Name: 上海第一财经, URL: https://mgtv.ottiptv.cc/mg/608780988.m3u8?sign=52bcb293840525afc20f183fd4fec6f8&tm=1757436314&token=263012168c20e0fac33cc4380cfa5b8992ddd3f7e35b501980c01f58761b83a99b5992d8bbf89304fe832666b6284f43866179b28fbf43cefb52eb75e99cecf462cf4687e182ca2658389024ef, IPv_Type: ipv6, Location: 美国-新泽西州-巴赛克, ISP: DigitalOcean, Date: None, Delay: -1 ms, Speed: 0.00 M/s, Resolution: None
Name: 上海第一财经, URL: http://gslbmgsplive.miguvideo.com/wd_r1/2018/bestv/dycj/1000/index.m3u8?msisdn=2025091908013429b62173a5e24f8ea1f310d5ed32e792&mdspid=&spid=699212&netType=0&sid=2201008312&pid=2028597139&timestamp=20250919080134&Channel_ID=0116_2600000900-99000-201600010010027&ProgramID=608780988&ParentNodeID=-99&assertID=2201008312&client_ip=106.13.250.88&SecurityKey=20250919080134&promotionId=&mvid=2201008312&mcid=500020&playurlVersion=WX-A1-8.9.1-RELEASE&userid=&jmhm=&videocodec=h264&bean=mgspad&tid=android&conFee=0&puData=6c828d22c926cc843970f3f1c7455bea&ddCalcu=a6eceb815285804d72c21cf932f60c7c9834, IPv_Type: ipv6, Location: 中国, ISP: 中国移动, Date: None, Delay: -1 ms, Speed: 0.00 M/s, Resolution: None
Name: 上海第一财经, URL: http://bp-livetytv.bestv.cn/ch/bestvdycj.m3u8, IPv_Type: ipv6, Location: 中国, ISP: 中国电信, Date: None, Delay: -1 ms, Speed: 0.00 M/s, Resolution: None
Name: 上海纪实, URL: http://php.jdshipin.com/TVOD/hnyd.php?id=200000001898/460000089800010067, IPv_Type: ipv6, Location: 美国, ISP: CloudFlare Inc., Date: None, Delay: 0.1 ms, Speed: inf M/s, Resolution: 1920x1080
Name: 上海纪实, URL: http://iptv.huuc.edu.cn/hls/docuchina.m3u8, IPv_Type: ipv6, Location: 中国, ISP: 教育网, Date: None, Delay: 0.1 ms, Speed: inf M/s, Resolution: 1920x1080
Name: 上海纪实, URL: http://[2409:8087:3869:8021:1001::e5]:6610/PLTV/88888910/224/3221225655/index.m3u8, IPv_Type: ipv6, Location: 中国, ISP: 中国移动, Date: None, Delay: -1 ms, Speed: 0.00 M/s, Resolution: None
Name: 上海都市, URL: http://yc.myds.me:35455/itv/5000000010000018926.m3u8?cdn=bestzb, IPv_Type: ipv6, Location: 中国, ISP: 中国电信, Date: None, Delay: 0.1 ms, Speed: inf M/s, Resolution: 1920x1080
Name: 上海都市, URL: https://live.lalifeier.eu.org/kankanews/shds.m3u8?t=1746292937&key=3725d08baa89daf1e05599a00bdac978, IPv_Type: ipv6, Location: 美国, ISP: CloudFlare Inc., Date: None, Delay: 0.1 ms, Speed: inf M/s, Resolution: 1920x1080
Name: 上海都市, URL: https://live.lalifeier.eu.org/kankanews/shds.m3u8?t=1746307365&key=635dd803224a560866c81f72aae510a0, IPv_Type: ipv6, Location: 美国, ISP: CloudFlare Inc., Date: None, Delay: 0.1 ms, Speed: inf M/s, Resolution: 1920x1080
Name: 上海都市, URL: https://migu.188766.xyz/?migutoken=25fca555af4be46a9744edda1dbd024d&id=ds&type=sz, IPv_Type: ipv6, Location: 美国, ISP: CloudFlare Inc., Date: None, Delay: -1 ms, Speed: 0.00 M/s, Resolution: None
Name: 上海都市, URL: https://migu.188766.xyz/?migutoken=2f874035df0c1212db90a024f4670dce&id=ds&type=sz, IPv_Type: ipv6, Location: 美国, ISP: CloudFlare Inc., Date: None, Delay: -1 ms, Speed: 0.00 M/s, Resolution: None
Name: 上海都市, URL: http://bp-livetytv.bestv.cn/ch/bestvdspd.m3u8, IPv_Type: ipv6, Location: 中国, ISP: 中国电信, Date: None, Delay: -1 ms, Speed: 0.00 M/s, Resolution: None
Name: 东方影视, URL: http://php.jdshipin.com:8880/itv6.php?cid=bestzb&id=5000000010000032212, IPv_Type: ipv6, Location: 美国, ISP: CloudFlare Inc., Date: None, Delay: 0.1 ms, Speed: inf M/s, Resolution: 1920x1080
Name: 东方影视, URL: https://migu.188766.xyz/?migutoken=bc0e05d32878b28e54d3735d235f61c0&id=%E4%B8%8A%E8%A7%86%E4%B8%9C%E6%96%B9%E5%BD%B1%E8%A7%86&type=yy, IPv_Type: ipv6, Location: 美国, ISP: CloudFlare Inc., Date: None, Delay: -1 ms, Speed: 0.00 M/s, Resolution: None
Name: 东方财经, URL: http://[2409:8087:5e00:24::2d]:6610/000000001000/1/5000000007000010003/index.m3u8?channel-id=bestzb&Contentid=5000000007000010003&livemode=1&stbId=3, IPv_Type: ipv6, Location: 中国, ISP: 中国移动, Date: None, Delay: 0.1 ms, Speed: inf M/s, Resolution: 1920x1080
Name: 东方财经, URL: http://yc.myds.me:35455/itv/5000000007000010003.m3u8?cdn=bestzb, IPv_Type: ipv6, Location: 中国, ISP: 中国电信, Date: None, Delay: 0.1 ms, Speed: inf M/s, Resolution: 1920x1080
Name: 全纪实, URL: http://183.215.134.239:19901/tsfile/live/1003_1.m3u8?key=txiptv&playlive=1&authid=0, IPv_Type: ipv4, Location: 中国-湖南-长沙, ISP: 移动, Date: None, Delay: 5644 ms, Speed: 0.45 M/s, Resolution: 1920x1080
Name: 动漫秀场, URL: http://php.jdshipin.com/itv6.php?cid=bestzb&id=5000000011000031113, IPv_Type: ipv6, Location: 美国, ISP: CloudFlare Inc., Date: None, Delay: 0.1 ms, Speed: inf M/s, Resolution: 1920x1080
Name: 动漫秀场, URL: http://[2409:8087:74d9:21::6]/000000001000PLTV/88888888/224/3221226197/index.m3u8, IPv_Type: ipv6, Location: 中国, ISP: 中国移动, Date: None, Delay: 0.1 ms, Speed: inf M/s, Resolution: 1920x1080
Name: 动漫秀场, URL: https://live.v1.mk/api/bestv.php?id=dmxc8m/8000000, IPv_Type: ipv6, Location: 美国, ISP: CloudFlare Inc., Date: None, Delay: 0.1 ms, Speed: inf M/s, Resolution: 1920x1080
Name: 动漫秀场, URL: http://iptv.cdn.ha.chinamobile.com/PLTV/88888888/224/3221226608/index.m3u8, IPv_Type: ipv6, Location: 中国, ISP: 中国移动, Date: None, Delay: 0.1 ms, Speed: inf M/s, Resolution: 1920x1080
Name: 哈哈炫动, URL: http://php.jdshipin.com/TVOD/hnyd.php?id=200000001898/460000089800010117, IPv_Type: ipv6, Location: 美国, ISP: CloudFlare Inc., Date: None, Delay: 0.1 ms, Speed: inf M/s, Resolution: 1920x1080
Name: 哈哈炫动, URL: http://[2409:8087:1a01:df::7005]/ottrrs.hl.chinamobile.com/PLTV/2/224/3221225657/2.m3u8, IPv_Type: ipv6, Location: 中国, ISP: 中国移动, Date: None, Delay: 0.1 ms, Speed: inf M/s, Resolution: 1920x1080
Name: 哈哈炫动, URL: http://[2409:8087:74d9:21::6]/000000001000PLTV/88888888/224/3221226618/index.m3u8, IPv_Type: ipv6, Location: 中国, ISP: 中国移动, Date: None, Delay: 0.1 ms, Speed: inf M/s, Resolution: 1920x1080
Name: 哈哈炫动, URL: https://live.lalifeier.eu.org/kankanews/hhxd.m3u8?t=1746292937&key=b5431ae4fa8b2429332dae8604165c95, IPv_Type: ipv6, Location: 美国, ISP: CloudFlare Inc., Date: None, Delay: 0.1 ms, Speed: inf M/s, Resolution: 1920x1080
Name: 哈哈炫动, URL: https://live.lalifeier.eu.org/kankanews/hhxd.m3u8?t=1746307365&key=611cf4efea7a3dd2fe1b6a28541bed06, IPv_Type: ipv6, Location: 美国, ISP: CloudFlare Inc., Date: None, Delay: 0.1 ms, Speed: inf M/s, Resolution: 1920x1080
Name: 哈哈炫动, URL: http://[2409:8087:8:21::18]:6610/otttv.bj.chinamobile.com/PLTV/88888888/224/3221226931/1.m3u8, IPv_Type: ipv6, Location: 中国, ISP: 中国移动, Date: None, Delay: 0.1 ms, Speed: inf M/s, Resolution: 1920x1080
Name: 哈哈炫动, URL: https://live.lalifeier.eu.org/kankanews/hhxd.m3u8?t=1746289777&key=8a5903ab15b5ec87c5d646a8c31cc6e4, IPv_Type: ipv6, Location: 美国, ISP: CloudFlare Inc., Date: None, Delay: 0.1 ms, Speed: inf M/s, Resolution: 1920x1080
Name: 哈哈炫动, URL: https://live.lalifeier.eu.org/kankanews/hhxd.m3u8?t=1745767522&key=0e2159368dbef6eaf5090c138463e435, IPv_Type: ipv6, Location: 美国, ISP: CloudFlare Inc., Date: None, Delay: 0.1 ms, Speed: inf M/s, Resolution: 1920x1080
Name: 哈哈炫动, URL: http://[2409:8087:1a0b:df::4001]:80/ottrrs.hl.chinamobile.com/PLTV/88888888/224/3221225657/index.m3u8, IPv_Type: ipv6, Location: 中国, ISP: 中国移动, Date: None, Delay: 0.1 ms, Speed: inf M/s, Resolution: 1920x1080
Name: 哈哈炫动, URL: http://rrs01.hw.gmcc.net:8088/PLTV/81/224/3221226703/1.m3u8, IPv_Type: ipv6, Location: 中国, ISP: 中国移动, Date: None, Delay: -1 ms, Speed: 0.00 M/s, Resolution: None
Name: 新闻综合, URL: https://live.lalifeier.eu.org/kankanews/shxwzh.m3u8?t=1746379256&key=0f50abfb27cedee7672bcf626d21f83b, IPv_Type: ipv6, Location: 美国, ISP: CloudFlare Inc., Date: None, Delay: 0.1 ms, Speed: inf M/s, Resolution: 1920x1080
Name: 新闻综合, URL: https://live.lalifeier.eu.org/kankanews/shxwzh.m3u8?t=1746393735&key=647ef0ee7c08241a915702c9b6f16960, IPv_Type: ipv6, Location: 美国, ISP: CloudFlare Inc., Date: None, Delay: 0.1 ms, Speed: inf M/s, Resolution: 1920x1080
Name: 新闻综合, URL: https://live.lalifeier.eu.org/kankanews/shxwzh.m3u8?t=1746292937&key=2c0730250b4adabbdab89ad23f78c053, IPv_Type: ipv6, Location: 美国, ISP: CloudFlare Inc., Date: None, Delay: 0.1 ms, Speed: inf M/s, Resolution: 1920x1080
Name: 新闻综合, URL: https://live.lalifeier.eu.org/kankanews/shxwzh.m3u8?t=1746307365&key=934041caefb0bfa77af7ffc44707320c, IPv_Type: ipv6, Location: 美国, ISP: CloudFlare Inc., Date: None, Delay: 0.1 ms, Speed: inf M/s, Resolution: 1920x1080
Name: 欢笑剧场, URL: http://[2409:8087:1e01:20::3]:80/PLTV/11/224/3221225771/1.m3u8, IPv_Type: ipv6, Location: 中国, ISP: 中国移动, Date: None, Delay: -1 ms, Speed: 0.00 M/s, Resolution: None
Name: 欢笑剧场, URL: https://shyd.695847.xyz/cms001/ch00000090990000001490/index.m3u8?IASHttpSessionId=RR4967720251014100028031761&ispcode=12, IPv_Type: ipv6, Location: 美国, ISP: CloudFlare Inc., Date: None, Delay: -1 ms, Speed: 0.00 M/s, Resolution: None
Name: 欢笑剧场, URL: https://shyd.695847.xyz/cms001/ch00000090990000001193/index.m3u8?IASHttpSessionId=RR4967720251014100028031761&ispcode=12, IPv_Type: ipv6, Location: 美国, ISP: CloudFlare Inc., Date: None, Delay: -1 ms, Speed: 0.00 M/s, Resolution: None
Name: 法治天地, URL: http://php.jdshipin.com/itv6.php?cid=bestzb&id=9001547084732463424, IPv_Type: ipv6, Location: 美国, ISP: CloudFlare Inc., Date: None, Delay: 0.1 ms, Speed: inf M/s, Resolution: 1920x1080
Name: 法治天地, URL: https://cc06.tv12.xyz/42.m3u8, IPv_Type: ipv6, Location: 美国, ISP: CloudFlare Inc., Date: None, Delay: -1 ms, Speed: 0.00 M/s, Resolution: None
Name: 法治天地, URL: http://[2409:8087:1e01:20::3]:80/PLTV/11/224/3221225994/1.m3u8, IPv_Type: ipv6, Location: 中国, ISP: 中国移动, Date: None, Delay: -1 ms, Speed: 0.00 M/s, Resolution: None
Name: 第一财经, URL: http://[2409:8087:5e00:24::2d]:6610/000000001000/1/5000000010000027146/index.m3u8?channel-id=bestzb&Contentid=5000000010000027146&livemode=1&stbId=3, IPv_Type: ipv6, Location: 中国, ISP: 中国移动, Date: None, Delay: 0.1 ms, Speed: inf M/s, Resolution: 1920x1080
Name: 第一财经, URL: http://ls.qingting.fm/live/276.m3u8, IPv_Type: ipv6, Location: 中国-广东-东莞, ISP: 电信, Date: None, Delay: 0.1 ms, Speed: inf M/s, Resolution: 1920x1080
Name: 第一财经, URL: http://yc.myds.me:35455/itv/5000000010000027146.m3u8?cdn=bestzb, IPv_Type: ipv6, Location: 中国, ISP: 中国电信, Date: None, Delay: 0.1 ms, Speed: inf M/s, Resolution: 1920x1080
Name: 第一财经, URL: https://live.lalifeier.eu.org/kankanews/dycj.m3u8?t=1746393735&key=7b164ddded8a7d9ea3ba4a8d86999077, IPv_Type: ipv6, Location: 美国, ISP: CloudFlare Inc., Date: None, Delay: 0.1 ms, Speed: inf M/s, Resolution: 1920x1080
Name: 第一财经, URL: https://live.lalifeier.eu.org/kankanews/dycj.m3u8?t=1746379256&key=e6deaa8fc1e0662447be8f3b7c649f70, IPv_Type: ipv6, Location: 美国, ISP: CloudFlare Inc., Date: None, Delay: 0.1 ms, Speed: inf M/s, Resolution: 1920x1080
Name: 第一财经, URL: https://live.lalifeier.eu.org/kankanews/dycj.m3u8?t=1746292937&key=8dbd6113ce0541e6b92e8f47782ef1f6, IPv_Type: ipv6, Location: 美国, ISP: CloudFlare Inc., Date: None, Delay: 0.1 ms, Speed: inf M/s, Resolution: 1920x1080
Name: 第一财经, URL: https://live.lalifeier.eu.org/kankanews/dycj.m3u8?t=1746307365&key=7477fec974c356ed2cf91be43a1dc893, IPv_Type: ipv6, Location: 美国, ISP: CloudFlare Inc., Date: None, Delay: 0.1 ms, Speed: inf M/s, Resolution: 1920x1080
Name: 第一财经, URL: http://a1live.livecdn.yicai.com/live/radio_tv.m3u8, IPv_Type: ipv4, Location: 中国-上海-上海, ISP: 电信, Date: None, Delay: 507 ms, Speed: 0.08 M/s, Resolution: None
Name: 都市剧场, URL: http://[2409:8087:1e01:20::3]:80/PLTV/11/224/3221225762/index.m3u8, IPv_Type: ipv6, Location: 中国, ISP: 中国移动, Date: None, Delay: -1 ms, Speed: 0.00 M/s, Resolution: None
Name: 都市剧场, URL: http://[2409:8087:1e01:20::3]:80/PLTV/11/224/3221226155/index.m3u8, IPv_Type: ipv6, Location: 中国, ISP: 中国移动, Date: None, Delay: -1 ms, Speed: 0.00 M/s, Resolution: None
Name: 都市剧场, URL: https://shyd.695847.xyz/cms001/ch00000090990000001203/index.m3u8?IASHttpSessionId=RR4967720251014100028031761&ispcode=12, IPv_Type: ipv6, Location: 美国, ISP: CloudFlare Inc., Date: None, Delay: -1 ms, Speed: 0.00 M/s, Resolution: None
Name: 都市剧场, URL: https://satellitepull.cnr.cn/live/wxcqxwgb/playlist.m3u8, IPv_Type: ipv4, Location: 美国-华盛顿州-金, ISP: 网宿CDN西雅图节点, Date: None, Delay: 94 ms, Speed: 1.14 M/s, Resolution: None
Name: 垫江综合, URL: rtmp://play-sh.quklive.com/live/1672366847646284, IPv_Type: ipv4, Location: 美国-科罗拉多州-布鲁姆菲尔德, ISP: Level3, Date: None, Delay: -1 ms, Speed: inf M/s, Resolution: 1920x1080
Name: 优漫卡通, URL: http://php.jdshipin.com/TVOD/hnyd.php?id=200000001898/460000089800010118, IPv_Type: ipv6, Location: 美国, ISP: CloudFlare Inc., Date: None, Delay: 0.1 ms, Speed: inf M/s, Resolution: 1920x1080
Name: 优漫卡通, URL: http://[2409:8087:1a01:df::7005]/ottrrs.hl.chinamobile.com/PLTV/2/224/3221225656/2.m3u8, IPv_Type: ipv6, Location: 中国, ISP: 中国移动, Date: None, Delay: 0.1 ms, Speed: inf M/s, Resolution: 1920x1080
Name: 优漫卡通, URL: https://live.lalifeier.eu.org/jstv/ymkt.m3u8?t=1745796321&key=a52fbb40a8c25dfa0feef5a1b4b5910d, IPv_Type: ipv6, Location: 美国, ISP: CloudFlare Inc., Date: None, Delay: 0.1 ms, Speed: inf M/s, Resolution: 1920x1080
Name: 优漫卡通, URL: https://live.lalifeier.eu.org/jstv/ymkt.m3u8?t=1746307365&key=c18c5077358ab692ad43005bbc7b32bd, IPv_Type: ipv6, Location: 美国, ISP: CloudFlare Inc., Date: None, Delay: 0.1 ms, Speed: inf M/s, Resolution: 1920x1080
Name: 优漫卡通, URL: http://[2409:8087:8:21::18]:6610/otttv.bj.chinamobile.com/PLTV/88888888/224/3221226932/1.m3u8, IPv_Type: ipv6, Location: 中国, ISP: 中国移动, Date: None, Delay: 0.1 ms, Speed: inf M/s, Resolution: 1920x1080
Name: 优漫卡通, URL: http://iptv.cdn.ha.chinamobile.com/PLTV/88888888/224/3221226406/index.m3u8, IPv_Type: ipv6, Location: 中国, ISP: 中国移动, Date: None, Delay: 0.1 ms, Speed: inf M/s, Resolution: 1920x1080
Name: 优漫卡通, URL: http://[2409:8087:1a0b:df::4005]:80/ottrrs.hl.chinamobile.com/PLTV/88888888/224/3221225656/index.m3u8, IPv_Type: ipv6, Location: 中国, ISP: 中国移动, Date: None, Delay: 0.1 ms, Speed: inf M/s, Resolution: 1920x1080
Name: 优漫卡通, URL: http://[2409:8087:8:21::18]:6610/otttv.bj.chinamobile.com/PLTV/88888888/224/3221226329/1.m3u8, IPv_Type: ipv6, Location: 中国, ISP: 中国移动, Date: None, Delay: -1 ms, Speed: 0.00 M/s, Resolution: None
Name: 南京信息, URL: http://live.nbs.cn/channels/njtv/xxpd/500k.m3u8?zjiangsd, IPv_Type: ipv6, Location: 中国-云南, ISP: 电信, Date: None, Delay: 0.1 ms, Speed: inf M/s, Resolution: 1920x1080
Name: 南京信息, URL: http://live.nbs.cn/channels/njtv/xxpd/m3u8:500k/live.m3u8, IPv_Type: ipv6, Location: 中国-云南, ISP: 电信, Date: None, Delay: 0.1 ms, Speed: inf M/s, Resolution: 1920x1080
Name: 南京十八, URL: http://live.nbs.cn/channels/njtv/sbpd/500k.m3u8, IPv_Type: ipv6, Location: 中国-云南, ISP: 电信, Date: None, Delay: 0.1 ms, Speed: inf M/s, Resolution: 1920x1080
Name: 南京十八, URL: http://live.nbs.cn/channels/njtv/sbpd/500k.m3u8?zjiangsd, IPv_Type: ipv6, Location: 中国-云南, ISP: 电信, Date: None, Delay: 0.1 ms, Speed: inf M/s, Resolution: 1920x1080
Name: 南京十八, URL: http://live.nbs.cn/channels/njtv/sbpd/m3u8:500k/live.m3u8, IPv_Type: ipv6, Location: 中国-云南, ISP: 电信, Date: None, Delay: 0.1 ms, Speed: inf M/s, Resolution: 1920x1080
Name: 南京十八, URL: https://live.nbs.cn/channels/njtv/sbpd/m3u8:500k/live.m3u8, IPv_Type: ipv6, Location: 中国-云南, ISP: 电信, Date: None, Delay: 0.1 ms, Speed: inf M/s, Resolution: 1920x1080
Name: 南京十八, URL: https://mursor.ottiptv.cc/migu/838151753.m3u8?migutoken=71f2d3c2ed881bd3f09c8b8ff0a21c6c25b10c8e1f523debcb58cb9212792cdfaa95632b2b8fdccfd7deb5ee9f2b4f71bb6d8d903d73327707e481c372345073d32bac152ad0eb00b164075b13, IPv_Type: ipv6, Location: 美国-新泽西州-巴赛克, ISP: DigitalOcean, Date: None, Delay: -1 ms, Speed: 0.00 M/s, Resolution: None
Name: 南京十八, URL: https://mgtv.ottiptv.cc/migu/838151753.m3u8?migutoken=285efd1cbde413f7a9cb74a6c72cc9a05f06c1aa1fdc63a4a86480630d86dc8cde0a03b5e64a10c3f0581160e2009cf37815170eabe9397300ec94d13e4c25493e524d46e0080281f929363918, IPv_Type: ipv6, Location: 美国, ISP: Oracle Corporation, Date: None, Delay: -1 ms, Speed: 0.00 M/s, Resolution: None
Name: 南京十八, URL: https://mgtv.ottiptv.cc/migu/838151753.m3u8?migutoken=e1c3c9e2e67541d90ea94c4c917f96ecf43c6c0ae7c616929d8676e7c14bc5587ba870ce22575333640bfff61b05d4d468f6564c6251023f1ad20957cfe3b2c12e71b4662f83dce5d920a86c29, IPv_Type: ipv6, Location: 美国, ISP: Oracle Corporation, Date: None, Delay: -1 ms, Speed: 0.00 M/s, Resolution: None
Name: 南京十八, URL: https://mgtv.ottiptv.cc/mg/838151753.m3u8?sign=9179b7c6c8a01264b7bee4ce5a7ee0e8&tm=1757355490&token=15fb97933b347a6ee6138ad17d97b9733da5d5927c2eb047f2516727d15b187cccf05ad5b7d3d7e84bd0db93e5cb125c5da7230ec48bd495ae49ada37e0a6f7ef25d1b6ffef27981f947df791e, IPv_Type: ipv6, Location: 美国, ISP: Oracle Corporation, Date: None, Delay: -1 ms, Speed: 0.00 M/s, Resolution: None
Name: 南京十八, URL: https://mgtv.ottiptv.cc/mg/838151753.m3u8?sign=60d2bde05fbdc46cbbfc4eb173f29753&tm=1757436314&token=9d7fb4e5d828da0ff7e14808a8ec3dd9fdd207acbe4389bfd35e680a320d8848d9fc7bcc2fbf554d7d20bfbbd6a70cde96067530493aadde3edfaba6d96ec832bf671777c1bb1037597c903d20, IPv_Type: ipv6, Location: 美国-新泽西州-巴赛克, ISP: DigitalOcean, Date: None, Delay: -1 ms, Speed: 0.00 M/s, Resolution: None
Name: 南京十八, URL: http://gslbmgsplive.miguvideo.com/migu/kailu/nanjingsb/50/20230719/index.m3u8?msisdn=202509190801349730ff2fd0254ae4ad096d68d3fc7f35&mdspid=&spid=699067&netType=0&sid=5910021864&pid=2028597139&timestamp=20250919080134&Channel_ID=0116_2600000900-99000-201600010010027&ProgramID=838151753&ParentNodeID=-99&assertID=5910021864&client_ip=106.13.250.88&SecurityKey=20250919080134&promotionId=&mvid=5900006207&mcid=500020&playurlVersion=WX-A1-8.9.1-RELEASE&userid=&jmhm=&videocodec=h264&bean=mgspad&tid=android&conFee=0&puData=b0d57eedc76b6ea1b6b460ea0a8ac2d3&ddCalcu=3bd0e2d1c58a708eae0dace7066b46be6ab1, IPv_Type: ipv6, Location: 中国, ISP: 中国移动, Date: None, Delay: -1 ms, Speed: 0.00 M/s, Resolution: None
Name: 南京十八, URL: http://gslbmgsplive.miguvideo.com/migu/kailu/nanjingsb/50/20230719/index.m3u8?msisdn=2025102308014162d44288f10c4a84b8b27a5f80ee99fd&mdspid=&spid=699067&netType=0&sid=5910021864&pid=2028597139&timestamp=20251023080141&Channel_ID=0116_2600000900-99000-201600010010027&ProgramID=838151753&ParentNodeID=-99&assertID=5910021864&client_ip=106.13.250.83&SecurityKey=20251023080141&promotionId=&mvid=5900006207&mcid=500020&playurlVersion=WX-A1-8.9.2-RELEASE&userid=&jmhm=&videocodec=h264&bean=mgspad&tid=android&conFee=0&puData=5a6e4ed4765e04fdb8e8bd37c3607a6c&ddCalcu=c56aea627e80406e3dc47736d5be80e48fbd, IPv_Type: ipv6, Location: 中国, ISP: 中国移动, Date: None, Delay: -1 ms, Speed: 0.00 M/s, Resolution: None
Name: 南京娱乐, URL: http://live.nbs.cn/channels/njtv/ylpd/500k.m3u8?zjiangsd, IPv_Type: ipv6, Location: 中国-云南, ISP: 电信, Date: None, Delay: 0.1 ms, Speed: inf M/s, Resolution: 1920x1080
Name: 南京娱乐, URL: http://live.nbs.cn/channels/njtv/ylpd/m3u8:500k/live.m3u8, IPv_Type: ipv6, Location: 中国-云南, ISP: 电信, Date: None, Delay: 0.1 ms, Speed: inf M/s, Resolution: 1920x1080
Name: 南京少儿, URL: http://live.nbs.cn/channels/njtv/sepd/nbs23.m3u8, IPv_Type: ipv6, Location: 中国-云南, ISP: 电信, Date: None, Delay: 0.1 ms, Speed: inf M/s, Resolution: 1920x1080
Name: 南京少儿, URL: https://live.nbs.cn/channels/njtv/sepd/nbs23.m3u8, IPv_Type: ipv6, Location: 中国-云南, ISP: 电信, Date: None, Delay: 0.1 ms, Speed: inf M/s, Resolution: 1920x1080
Name: 南京少儿, URL: http://live.nbs.cn/channels/njtv/sepd/m3u8:500k/live.m3u8, IPv_Type: ipv6, Location: 中国-云南, ISP: 电信, Date: None, Delay: 0.1 ms, Speed: inf M/s, Resolution: 1920x1080
Name: 南京少儿, URL: http://live.nbs.cn/channels/njtv/sepd/500k.m3u8?zjiangsd, IPv_Type: ipv6, Location: 中国-云南, ISP: 电信, Date: None, Delay: 0.1 ms, Speed: inf M/s, Resolution: 1920x1080
Name: 南京少儿, URL: http://nklive.nbs.cn/hls/e0981f3f-1a20-4a59-b8d1-17feb83a4610/index.m3u8, IPv_Type: ipv6, Location: 中国, ISP: , Date: None, Delay: -1 ms, Speed: 0.00 M/s, Resolution: None
Name: 南京教科, URL: http://live.nbs.cn/channels/njtv/jkpd/nbs06.m3u8, IPv_Type: ipv6, Location: 中国-云南, ISP: 电信, Date: None, Delay: 0.1 ms, Speed: inf M/s, Resolution: 1920x1080
Name: 南京教科, URL: https://live.nbs.cn/channels/njtv/jkpd/nbs06.m3u8, IPv_Type: ipv6, Location: 中国-云南, ISP: 电信, Date: None, Delay: 0.1 ms, Speed: inf M/s, Resolution: 1920x1080
Name: 南京教科, URL: https://mursor.ottiptv.cc/migu/838153729.m3u8?migutoken=98de282c32eafc9a4b5acb6a30e117df1024ef4fac48d0348aa808540419b9072643b9f63e1411783dd42b9978f99128ce02062868fedeb4af89c194b9aa6722196b357ace002aa267e696cb66, IPv_Type: ipv6, Location: 美国-新泽西州-巴赛克, ISP: DigitalOcean, Date: None, Delay: -1 ms, Speed: 0.00 M/s, Resolution: None
Name: 南京教科, URL: https://mgtv.ottiptv.cc/migu/838153729.m3u8?migutoken=b851166bbe8f714c265834f0f51ef63f8b4f0934fcc854981ce124c2bd934bc64d035b76abd2c8f9afe4ea7792e3e6751b9a8b31846bfebd57e26d870ee75d1cb3df352d20adbfa1e7c7e7daa2, IPv_Type: ipv6, Location: 美国, ISP: Oracle Corporation, Date: None, Delay: -1 ms, Speed: 0.00 M/s, Resolution: None
Name: 南京教科, URL: https://mgtv.ottiptv.cc/migu/838153729.m3u8?migutoken=0427a8c0867765b66984ce8ef774d494eeb52a2d6a7eefe17c4b03fa30923700917323b8951caa30617f3eecc1db2844cdff2f7470556533fbc072ad7a7cb0c6284344cc57983294a2b26f4303, IPv_Type: ipv6, Location: 美国, ISP: Oracle Corporation, Date: None, Delay: -1 ms, Speed: 0.00 M/s, Resolution: None
Name: 南京教科, URL: https://mgtv.ottiptv.cc/mg/838153729.m3u8?sign=f4f581ab3696a3096258d621cfdaf8d1&tm=1757355490&token=e8ce8b0b120570cc263fefbff3ff7d85c65a1f4216918616f164e22ae42e163671e50c1d72962529bfb62751a4171414f2b944474f72fb076a44fca5b8197d7a63eec0b555506cfa96a4ce1b15, IPv_Type: ipv6, Location: 美国, ISP: Oracle Corporation, Date: None, Delay: -1 ms, Speed: 0.00 M/s, Resolution: None
Name: 南京教科, URL: https://mgtv.ottiptv.cc/mg/838153729.m3u8?sign=7d08c42e48d7daa625fb64f93ff0e136&tm=1757436314&token=907edbdb44167cde275f2ec2c19d14bfb4fd420d52dbc5c41c812d5b0e6538ff61f327dc654f8aab889b203e699f3af379b27d7ef951c96b793728741591ee3f839caa2356feed7aee6043b611, IPv_Type: ipv6, Location: 美国-新泽西州-巴赛克, ISP: DigitalOcean, Date: None, Delay: -1 ms, Speed: 0.00 M/s, Resolution: None
Name: 南京教科, URL: https://migu.188766.xyz/?migutoken=86098e6420f5a0e910566b8ddc67d470&id=%E5%8D%97%E4%BA%AC%E6%95%99%E7%A7%91%E9%A2%91%E9%81%93&type=yy, IPv_Type: ipv6, Location: 美国, ISP: CloudFlare Inc., Date: None, Delay: -1 ms, Speed: 0.00 M/s, Resolution: None
Name: 南京教科, URL: http://gslbmgsplive.miguvideo.com/migu/kailu/nanjingkj/50/20230719/index.m3u8?msisdn=2025091908013422d2a0f4ed5e4511b896d3d3645248f2&mdspid=&spid=699067&netType=0&sid=5910021865&pid=2028597139&timestamp=20250919080134&Channel_ID=0116_2600000900-99000-201600010010027&ProgramID=838153729&ParentNodeID=-99&assertID=5910021865&client_ip=106.13.250.88&SecurityKey=20250919080134&promotionId=&mvid=5900006205&mcid=500020&playurlVersion=WX-A1-8.9.1-RELEASE&userid=&jmhm=&videocodec=h264&bean=mgspad&tid=android&conFee=0&puData=52692ec9c72414583509ce0cd575172e&ddCalcu=e522e7611985207e5cd9cc07e2c491045538, IPv_Type: ipv6, Location: 中国, ISP: 中国移动, Date: None, Delay: -1 ms, Speed: 0.00 M/s, Resolution: None
Name: 南京教科, URL: http://gslbmgsplive.miguvideo.com/migu/kailu/nanjingkj/50/20230719/index.m3u8?msisdn=20251023080141d50925a1117343ecb53b23bb6266f888&mdspid=&spid=699067&netType=0&sid=5910021865&pid=2028597139&timestamp=20251023080141&Channel_ID=0116_2600000900-99000-201600010010027&ProgramID=838153729&ParentNodeID=-99&assertID=5910021865&client_ip=106.13.250.83&SecurityKey=20251023080141&promotionId=&mvid=5900006205&mcid=500020&playurlVersion=WX-A1-8.9.2-RELEASE&userid=&jmhm=&videocodec=h264&bean=mgspad&tid=android&conFee=0&puData=b2b216d53c7175e66065d308271343c9&ddCalcu=9bc2e3b2428310167d25830c37d157650e66, IPv_Type: ipv6, Location: 中国, ISP: 中国移动, Date: None, Delay: -1 ms, Speed: 0.00 M/s, Resolution: None
Name: 南京教科, URL: http://nklive.nbs.cn/hls/75b3c462-b831-4de7-a34b-5d3221db2069/index.m3u8, IPv_Type: ipv6, Location: 中国, ISP: , Date: None, Delay: -1 ms, Speed: 0.00 M/s, Resolution: None
Name: 南京新闻综合, URL: http://live.nbs.cn/channels/njtv/xwzh/nbs06.m3u8, IPv_Type: ipv6, Location: 中国-云南, ISP: 电信, Date: None, Delay: 0.1 ms, Speed: inf M/s, Resolution: 1920x1080
Name: 南京新闻综合, URL: https://live.nbs.cn/channels/njtv/xwzh/nbs06.m3u8, IPv_Type: ipv6, Location: 中国-云南, ISP: 电信, Date: None, Delay: 0.1 ms, Speed: inf M/s, Resolution: 1920x1080
Name: 南京新闻综合, URL: https://mursor.ottiptv.cc/migu/838109047.m3u8?migutoken=fc1711b9c156db946a3c118fc27dae4c680e060dce4ac71e6daee3575118e0d40e394f66435e2a580495ab5e9c3d79668b5ed551ad777e18298343a466ce1308e398329241cfb78dcbdced39b1, IPv_Type: ipv6, Location: 美国-新泽西州-巴赛克, ISP: DigitalOcean, Date: None, Delay: -1 ms, Speed: 0.00 M/s, Resolution: None
Name: 南京新闻综合, URL: https://migu.188766.xyz/?migutoken=80b94ba5264825a20bf0c9fbdc92b394&id=%E5%8D%97%E4%BA%AC%E6%96%B0%E9%97%BB%E7%BB%BC%E5%90%88%E9%A2%91%E9%81%93&type=yy, IPv_Type: ipv6, Location: 美国, ISP: CloudFlare Inc., Date: None, Delay: -1 ms, Speed: 0.00 M/s, Resolution: None
Name: 南京新闻综合, URL: https://mgtv.ottiptv.cc/migu/838109047.m3u8?migutoken=4651e641585356dfef7f9682a415f4e85a79d38009634552023cf582d912932afc0c56cff77070938e0385de5394675f9a1d4220f6e7d48a88ca5fb2fe6371c1bc4597385fdd397d399ae8ef55, IPv_Type: ipv6, Location: 美国, ISP: Oracle Corporation, Date: None, Delay: -1 ms, Speed: 0.00 M/s, Resolution: None
Name: 南京新闻综合, URL: https://mgtv.ottiptv.cc/migu/838109047.m3u8?migutoken=d3d943815e6d6e9e9493a9b4b1d5a1d360bb5f3c04230f6d4d71f7f7c9f30771d321f1c262008c92ffde17fef4a62d1e1c58d5a9454573fb1489994d9be29f4e1cc7786813b671581eda4b9439, IPv_Type: ipv6, Location: 美国, ISP: Oracle Corporation, Date: None, Delay: -1 ms, Speed: 0.00 M/s, Resolution: None
Name: 南京新闻综合, URL: https://mgtv.ottiptv.cc/mg/838109047.m3u8?sign=541effb8602d86913a73f0b4a7a7067f&tm=1757355490&token=24cf70acea343944f00cc0ec03503f0a932224f092905da6579cfc1c914824b89bb23ffcdba51ae531a7e60488450a5b60dd8139ca80d3d315ed0387c51bd0d60c04f71b804722871c435da01e, IPv_Type: ipv6, Location: 美国, ISP: Oracle Corporation, Date: None, Delay: -1 ms, Speed: 0.00 M/s, Resolution: None
Name: 南京新闻综合, URL: https://mgtv.ottiptv.cc/mg/838109047.m3u8?sign=4c83e1ca976c4e5fb18cf2ce4808752d&tm=1757436314&token=f4101de98bb0d96e7b1980c3ca034f1a670dfd37878f2f08ad2c12d2926ca286c8a1b63db66c052418272747fa9d6863989b9577fd52786dd237ffa91913e65a9e79162ea5c4639f46e2359394, IPv_Type: ipv6, Location: 美国-新泽西州-巴赛克, ISP: DigitalOcean, Date: None, Delay: -1 ms, Speed: 0.00 M/s, Resolution: None
Name: 南京新闻综合, URL: https://migu.188766.xyz/?migutoken=dded42c9656aee80f87270572030de96&id=%E5%8D%97%E4%BA%AC%E6%96%B0%E9%97%BB%E7%BB%BC%E5%90%88%E9%A2%91%E9%81%93&type=yy, IPv_Type: ipv6, Location: 美国, ISP: CloudFlare Inc., Date: None, Delay: -1 ms, Speed: 0.00 M/s, Resolution: None
Name: 南京新闻综合, URL: http://gslbmgsplive.miguvideo.com/migu/kailu/nanjingxwzh/50/20230719/index.m3u8?msisdn=202509190801346040f34e796a43e3821e1db9273c556a&mdspid=&spid=699067&netType=0&sid=5910021863&pid=2028597139&timestamp=20250919080134&Channel_ID=0116_2600000900-99000-201600010010027&ProgramID=838109047&ParentNodeID=-99&assertID=5910021863&client_ip=106.13.250.88&SecurityKey=20250919080134&promotionId=&mvid=5900006203&mcid=500020&playurlVersion=WX-A1-8.9.1-RELEASE&userid=&jmhm=&videocodec=h264&bean=mgspad&tid=android&conFee=0&puData=de89fe41d47757280f2c68af5d15033a&ddCalcu=ad3ee3810985f01ed451fda48767c527f208, IPv_Type: ipv6, Location: 中国, ISP: 中国移动, Date: None, Delay: -1 ms, Speed: 0.00 M/s, Resolution: None
Name: 南京新闻综合, URL: http://gslbmgsplive.miguvideo.com/migu/kailu/nanjingxwzh/50/20230719/index.m3u8?msisdn=20251023080141b90781bc871243ca9ccefdd19990364a&mdspid=&spid=699067&netType=0&sid=5910021863&pid=2028597139&timestamp=20251023080141&Channel_ID=0116_2600000900-99000-201600010010027&ProgramID=838109047&ParentNodeID=-99&assertID=5910021863&client_ip=106.13.250.83&SecurityKey=20251023080141&promotionId=&mvid=5900006203&mcid=500020&playurlVersion=WX-A1-8.9.2-RELEASE&userid=&jmhm=&videocodec=h264&bean=mgspad&tid=android&conFee=0&puData=147e2c56380633b791b7bb2fc8bdccc9&ddCalcu=91c4ec72ce8d20bc85c6f328b0b673b31b97, IPv_Type: ipv6, Location: 中国, ISP: 中国移动, Date: None, Delay: -1 ms, Speed: 0.00 M/s, Resolution: None
Name: 南京新闻综合, URL: http://nklive.nbs.cn/hls/d511bc9d-a694-4453-b3a2-4fc842cc97a1/index.m3u8, IPv_Type: ipv6, Location: 中国, ISP: , Date: None, Delay: -1 ms, Speed: 0.00 M/s, Resolution: None
Name: 南京生活, URL: https://live.nbs.cn/channels/njtv/shpd/m3u8:500k/live.m3u8, IPv_Type: ipv6, Location: 中国-云南, ISP: 电信, Date: None, Delay: 0.1 ms, Speed: inf M/s, Resolution: 1920x1080
Name: 南通新闻综合, URL: https://mursor.ottiptv.cc/migu/955227985.m3u8?migutoken=be267bde65321b03020def1e8efad6d03353e251d524566f48e873e9dd9d55f8c97e4ed4b30ee9079e46ad70c47b5fd76ddb351b8c4a1d3425dc45a91518f7dfe8f2ca008c97ab08852dbe49c3, IPv_Type: ipv6, Location: 美国-新泽西州-巴赛克, ISP: DigitalOcean, Date: None, Delay: -1 ms, Speed: 0.00 M/s, Resolution: None
Name: 南通新闻综合, URL: https://mgtv.ottiptv.cc/migu/955227985.m3u8?migutoken=ee98b6677d4ae15ad8e3bd9bf4d810d65be1a5ed91f029a9da7648c10abec0ad4d9461555268693f2e1627aeb037fd39d60175731d37507782e60db7fb7aa1cb33549a67bedfffac3251f607bc, IPv_Type: ipv6, Location: 美国, ISP: Oracle Corporation, Date: None, Delay: -1 ms, Speed: 0.00 M/s, Resolution: None
Name: 南通新闻综合, URL: https://mgtv.ottiptv.cc/migu/955227985.m3u8?migutoken=03e9c85f19b5ac291f5863436507873a8f47ec3c677c7857c89bda5778edc8e38fc38b4270aa374c49eee39b39ffaf80a20b750130c27760df766c0cf7b5d437be8dc60c1ced9117d98f6c9b3e, IPv_Type: ipv6, Location: 美国, ISP: Oracle Corporation, Date: None, Delay: -1 ms, Speed: 0.00 M/s, Resolution: None
Name: 南通新闻综合, URL: https://mgtv.ottiptv.cc/mg/955227985.m3u8?sign=ef61a871329c7364604324fdd589538a&tm=1757355490&token=e326d9c0e4e1f994ce2ea735b1332b69d8aed2175d43015033cd90021be33135b99e5f9ecc0e01c1f38c3f70f5ed32957b22740e6556f838f0a39042ca2a966565f6ddbc588a423b0d32be6574, IPv_Type: ipv6, Location: 美国, ISP: Oracle Corporation, Date: None, Delay: -1 ms, Speed: 0.00 M/s, Resolution: None
Name: 南通新闻综合, URL: https://mgtv.ottiptv.cc/mg/955227985.m3u8?sign=717c9fd1ed4455928907ff545736d8cd&tm=1757436314&token=d8aab1a937846a0bf5d6a988761c6870a7a1992d277455f8e579f28d23548cd224d0d6a3222c219825ee779a73b63a33ff10bb1ff5c40eb2d30f3dc3a178019b4f8480cbbc389a4dd9dcab55a1, IPv_Type: ipv6, Location: 美国-新泽西州-巴赛克, ISP: DigitalOcean, Date: None, Delay: -1 ms, Speed: 0.00 M/s, Resolution: None
Name: 南通新闻综合, URL: http://gslbmgsplive.miguvideo.com/migu/kailu/ntxwzh/51/20250604/index.m3u8?msisdn=202509190801352ef9ff3bad3f4a65b064683f87e439c3&mdspid=&spid=699067&netType=0&sid=5910022178&pid=2028597139&timestamp=20250919080135&Channel_ID=0116_2600000900-99000-201600010010027&ProgramID=955227985&ParentNodeID=-99&assertID=5910022178&client_ip=106.13.250.88&SecurityKey=20250919080135&promotionId=&mvid=5900006706&mcid=500020&playurlVersion=WX-A1-8.9.1-RELEASE&userid=&jmhm=&videocodec=h264&bean=mgspad&tid=android&conFee=0&puData=98aea868da861defcb53a7c9f1ba5a81&ddCalcu=1988eaa15e5aa0b816f89dca78a6315dbecf, IPv_Type: ipv6, Location: 中国, ISP: 中国移动, Date: None, Delay: -1 ms, Speed: 0.00 M/s, Resolution: None
Name: 南通新闻综合, URL: http://gslbmgsplive.miguvideo.com/migu/kailu/ntxwzh/51/20250604/index.m3u8?msisdn=202510230801432bba200bfb354535b9886f031208cce3&mdspid=&spid=699067&netType=0&sid=5910022178&pid=2028597139&timestamp=20251023080143&Channel_ID=0116_2600000900-99000-201600010010027&ProgramID=955227985&ParentNodeID=-99&assertID=5910022178&client_ip=106.13.250.83&SecurityKey=20251023080143&promotionId=&mvid=5900006706&mcid=500020&playurlVersion=WX-A1-8.9.2-RELEASE&userid=&jmhm=&videocodec=h264&bean=mgspad&tid=android&conFee=0&puData=2e507c0ae7d1d63de0a405794c6b1217&ddCalcu=721ee252105b706cc04a9e775d014da603ed, IPv_Type: ipv6, Location: 中国, ISP: 中国移动, Date: None, Delay: -1 ms, Speed: 0.00 M/s, Resolution: None
Name: 南通新闻综合, URL: http://gslbmgsplive.miguvideo.com/migu/kailu/ntxwzh/51/20250604/index.m3u8?msisdn=202510240800592b66efbec2f342349068cf9b89987f0e&mdspid=&spid=699067&netType=0&sid=5910022178&pid=2028597139&timestamp=20251024080059&Channel_ID=0116_2600000900-99000-201600010010027&ProgramID=955227985&ParentNodeID=-99&assertID=5910022178&client_ip=106.13.250.88&SecurityKey=20251024080059&promotionId=&mvid=5900006706&mcid=500020&playurlVersion=WX-A1-8.9.2-RELEASE&userid=&jmhm=&videocodec=h264&bean=mgspad&tid=android&conFee=0&puData=c30e235addfb289fd6b4a087caa89b23&ddCalcu=3c23eb029e5820a3a5ca7d8d0fab42b869df, IPv_Type: ipv6, Location: 中国, ISP: 中国移动, Date: None, Delay: -1 ms, Speed: 0.00 M/s, Resolution: None
Name: 南通新闻综合, URL: http://gslbmgsplive.miguvideo.com/migu/kailu/ntxwzh/51/20250604/index.m3u8?msisdn=20251025080102df5bfd8079f1495a93b5db8970ebcd80&mdspid=&spid=699067&netType=0&sid=5910022178&pid=2028597139&timestamp=20251025080102&Channel_ID=0116_2600000900-99000-201600010010027&ProgramID=955227985&ParentNodeID=-99&assertID=5910022178&client_ip=106.13.250.90&SecurityKey=20251025080102&promotionId=&mvid=5900006706&mcid=500020&playurlVersion=WX-A1-8.9.2-RELEASE&userid=&jmhm=&videocodec=h264&bean=mgspad&tid=android&conFee=0&puData=bce85213974cffcdcc52779b9d090656&ddCalcu=6b5ce6e208595002d193b997747c2f5fcccd, IPv_Type: ipv6, Location: 中国, ISP: 中国移动, Date: None, Delay: -1 ms, Speed: 0.00 M/s, Resolution: None
Name: 句容党建, URL: http://jrlive.jrntv.com/live/_definst_/dangjians/playlist.m3u8?%E5%85%B3%E6%B3%A8%E5%BE%AE%E4%BF%A1%E5%85%AC%E4%BC%97%E5%8F%B7[%E6%99%B4%E5%9B%AD], IPv_Type: ipv4, Location: 中国-广西, ISP: 电信, Date: None, Delay: 1143 ms, Speed: 0.27 M/s, Resolution: None
Name: 句容党建, URL: http://jrlive.jrntv.com:80/live/dangjian/playlist.m3u8, IPv_Type: ipv4, Location: 中国-湖北-武汉, ISP: 电信, Date: None, Delay: 1462 ms, Speed: 0.26 M/s, Resolution: 1280x720
Name: 句容影院, URL: http://jrlive.jrntv.com/live/_definst_/yingshis/chunklist_w1994429382.m3u8?zjiangsd, IPv_Type: ipv4, Location: 中国-广西, ISP: 电信, Date: None, Delay: 1185 ms, Speed: 0.31 M/s, Resolution: 720x576
Name: 句容新闻综合, URL: http://jrlive.jrntv.com/live/_definst_/jrxwzhs/playlist.m3u8, IPv_Type: ipv4, Location: 中国-广西, ISP: 电信, Date: None, Delay: 1083 ms, Speed: 0.36 M/s, Resolution: 720x576
Name: 句容新闻综合, URL: http://jrlive.jrntv.com/live/_definst_/jrxwzhs/playlist.m3u8?zjiangsd, IPv_Type: ipv4, Location: 中国-广西, ISP: 电信, Date: None, Delay: 1104 ms, Speed: 0.36 M/s, Resolution: 720x576
Name: 句容生活, URL: http://jrlive.jrntv.com/live/_definst_/shenghuos/playlist.m3u8, IPv_Type: ipv4, Location: 中国-湖北-武汉, ISP: 电信, Date: None, Delay: 1267 ms, Speed: 0.33 M/s, Resolution: 720x576
Name: 句容生活, URL: http://jrlive.jrntv.com/live/_definst_/shenghuos/playlist.m3u8?%E5%85%B3%E6%B3%A8%E5%BE%AE%E4%BF%A1%E5%85%AC%E4%BC%97%E5%8F%B7[%E6%99%B4%E5%9B%AD], IPv_Type: ipv4, Location: 中国-广西, ISP: 电信, Date: None, Delay: 1240 ms, Speed: 0.33 M/s, Resolution: None
Name: 如东新闻综合, URL: http://rudong-tv-hls.cm.jstv.com/rudong-tv/rdxwzh.m3u8?zjiangsd#http://rudong-tv-hls.cm.jstv.com/rudong-tv/rdxwzh.m3u8, IPv_Type: ipv6, Location: 中国, ISP: 中国联通, Date: None, Delay: -1 ms, Speed: 0.00 M/s, Resolution: None
Name: 宜兴新闻, URL: http://yixing-tv-ori-hls.jstv.com/yixing-tv-ori/yixing_xw.m3u8, IPv_Type: ipv4, Location: 日本-东京都, ISP: NTT, Date: None, Delay: 222 ms, Speed: 1.22 M/s, Resolution: 1280x720
Name: 宜兴新闻, URL: https://yixing-tv-ori-hls.jstv.com/yixing-tv-ori/yixing_xw.m3u8, IPv_Type: ipv4, Location: 中国-香港, ISP: OWS, Date: None, Delay: 229 ms, Speed: 1.18 M/s, Resolution: 1280x720
Name: 宜兴紫砂, URL: rtmp://yixing-tv-ori-hls.jstv.com/yixing-tv-ori/yixing_zs, IPv_Type: ipv4, Location: 中国-香港, ISP: OWS, Date: None, Delay: -1 ms, Speed: inf M/s, Resolution: 1280x720
Name: 常熟民生, URL: rtmp://cstvplay.21cs.cn/cstv2/cstv2, IPv_Type: ipv4, Location: 中国-上海-上海, ISP: 电信, Date: None, Delay: -1 ms, Speed: inf M/s, Resolution: 1280x720
Name: 新沂新闻, URL: http://live.xysrmt.cn/xwzh/sd/live.m3u8?zjiangsd", IPv_Type: ipv6, Location: 中国, ISP: 中国电信, Date: None, Delay: 0.1 ms, Speed: inf M/s, Resolution: 1920x1080
Name: 新沂生活, URL: http://live.xysrmt.cn/shpd/sd/live.m3u8?zjiangsd, IPv_Type: ipv6, Location: 中国, ISP: 中国电信, Date: None, Delay: 0.1 ms, Speed: inf M/s, Resolution: 1920x1080
Name: 无锡娱乐, URL: https://stream.thmz.com/wxtv2/playlist.m3u8, IPv_Type: ipv6, Location: 中国, ISP: 中国电信, Date: None, Delay: 0.1 ms, Speed: inf M/s, Resolution: 1920x1080
Name: 无锡娱乐, URL: http://stream.thmz.com/wxtv2/playlist.m3u8?_upt=5ff4061f1706166872, IPv_Type: ipv6, Location: 中国, ISP: 中国电信, Date: None, Delay: 0.1 ms, Speed: inf M/s, Resolution: 1920x1080
Name: 无锡娱乐, URL: http://stream.thmz.com/wxtv2/sd/live.m3u8, IPv_Type: ipv6, Location: 中国, ISP: 中国电信, Date: None, Delay: 0.1 ms, Speed: inf M/s, Resolution: 1920x1080
Name: 无锡娱乐, URL: http://stream.thmz.com/wxtv2/sd/live.m3u8?_upt=978cd8731706199708, IPv_Type: ipv6, Location: 中国, ISP: 中国电信, Date: None, Delay: 0.1 ms, Speed: inf M/s, Resolution: 1920x1080
Name: 无锡娱乐, URL: http://stream.thmz.com/wxtv2/sd/live.m3u8?_upt=acffe97a1704940314, IPv_Type: ipv6, Location: 中国, ISP: 中国电信, Date: None, Delay: 0.1 ms, Speed: inf M/s, Resolution: 1920x1080
Name: 无锡新闻综合, URL: http://stream.thmz.com/wxtv1/sd/live.m3u8?zjiangsd#http://stream.thmz.com/wxtv1/playlist.m3u8?_upt=156143371706166361#http://stream.thmz.com/wxtv1/sd/live.m3u8?_upt=4ba3ab191698644028#http://stream.thmz.com/wxtv1/playlist.m3u8, IPv_Type: ipv6, Location: 中国, ISP: 中国电信, Date: None, Delay: 0.1 ms, Speed: inf M/s, Resolution: 1920x1080
Name: 无锡新闻综合, URL: http://m.m3u8.wifiwx.com/live/wifiwx-239.m3u8?zjiangsd, IPv_Type: ipv6, Location: 中国-广西-南宁, ISP: 电信, Date: None, Delay: 0.1 ms, Speed: inf M/s, Resolution: 1920x1080
Name: 无锡新闻综合, URL: http://stream.thmz.com/wxtv1/playlist.m3u8, IPv_Type: ipv6, Location: 中国, ISP: 中国电信, Date: None, Delay: -1 ms, Speed: 0.00 M/s, Resolution: None
Name: 无锡新闻综合, URL: http://stream.thmz.com/wxtv1/playlist.m3u8?_upt=156143371706166361, IPv_Type: ipv6, Location: 中国, ISP: 中国电信, Date: None, Delay: -1 ms, Speed: 0.00 M/s, Resolution: None
Name: 无锡新闻综合, URL: http://stream.thmz.com/wxtv1/sd/live.m3u8, IPv_Type: ipv6, Location: 中国, ISP: 中国电信, Date: None, Delay: 0.1 ms, Speed: inf M/s, Resolution: 1920x1080
Name: 无锡新闻综合, URL: http://stream.thmz.com/wxtv1/sd/live.m3u8?_upt=4ba3ab191698644028, IPv_Type: ipv6, Location: 中国, ISP: 中国电信, Date: None, Delay: 0.1 ms, Speed: inf M/s, Resolution: 1920x1080
Name: 无锡生活, URL: https://stream.thmz.com/wxtv4/playlist.m3u8, IPv_Type: ipv6, Location: 中国, ISP: 中国电信, Date: None, Delay: 0.1 ms, Speed: inf M/s, Resolution: 1920x1080
Name: 无锡生活, URL: http://stream.thmz.com/wxtv4/playlist.m3u8?_upt=8c51357c1707362770, IPv_Type: ipv6, Location: 中国, ISP: 中国电信, Date: None, Delay: 0.1 ms, Speed: inf M/s, Resolution: 1920x1080
Name: 无锡生活, URL: http://m.m3u8.wifiwx.com/live/wifiwx-244.m3u8?zjiangsd, IPv_Type: ipv6, Location: 中国-广西-南宁, ISP: 电信, Date: None, Delay: 0.1 ms, Speed: inf M/s, Resolution: 1920x1080
Name: 无锡生活, URL: http://stream.thmz.com/wxtv4/sd/live.m3u8, IPv_Type: ipv6, Location: 中国, ISP: 中国电信, Date: None, Delay: 0.1 ms, Speed: inf M/s, Resolution: 1920x1080
Name: 无锡生活, URL: http://stream.thmz.com/wxtv4/sd/live.m3u8?_upt=978cd8731706199708, IPv_Type: ipv6, Location: 中国, ISP: 中国电信, Date: None, Delay: 0.1 ms, Speed: inf M/s, Resolution: 1920x1080
Name: 无锡经济, URL: https://stream.thmz.com/wxtv5/playlist.m3u8, IPv_Type: ipv6, Location: 中国, ISP: 中国电信, Date: None, Delay: 0.1 ms, Speed: inf M/s, Resolution: 1920x1080
Name: 无锡经济, URL: http://stream.thmz.com/wxtv5/playlist.m3u8, IPv_Type: ipv6, Location: 中国, ISP: 中国电信, Date: None, Delay: -1 ms, Speed: 0.00 M/s, Resolution: None
Name: 无锡经济, URL: http://stream.thmz.com/wxtv5/sd/live.m3u8?zjiangsd, IPv_Type: ipv6, Location: 中国, ISP: 中国电信, Date: None, Delay: -1 ms, Speed: 0.00 M/s, Resolution: None
Name: 无锡经济, URL: http://stream.thmz.com/wxtv5/playlist.m3u8?_upt=10155d141706166867, IPv_Type: ipv6, Location: 中国, ISP: 中国电信, Date: None, Delay: -1 ms, Speed: 0.00 M/s, Resolution: None
Name: 无锡经济, URL: http://stream.thmz.com/wxtv5/sd/live.m3u8?_upt=cfacd5221704890772, IPv_Type: ipv6, Location: 中国, ISP: 中国电信, Date: None, Delay: -1 ms, Speed: 0.00 M/s, Resolution: None
Name: 无锡经济, URL: http://stream.thmz.com/wxtv5/sd/live.m3u8, IPv_Type: ipv6, Location: 中国, ISP: 中国电信, Date: None, Delay: -1 ms, Speed: 0.00 M/s, Resolution: None
Name: 无锡都市资讯, URL: http://stream.thmz.com/wxtv3/sd/live.m3u8?zjiangsd#http://stream.thmz.com/wxtv3/sd/live.m3u8?_upt=978cd8731706199708#http://stream.thmz.com/wxtv3/playlist.m3u8#http://stream.thmz.com/wxtv3/playlist.m3u8?_upt=1758133b1706166861, IPv_Type: ipv6, Location: 中国, ISP: 中国电信, Date: None, Delay: 0.1 ms, Speed: inf M/s, Resolution: 1920x1080
Name: 无锡都市资讯, URL: http://stream.thmz.com/wxtv3/playlist.m3u8, IPv_Type: ipv6, Location: 中国, ISP: 中国电信, Date: None, Delay: -1 ms, Speed: 0.00 M/s, Resolution: None
Name: 无锡都市资讯, URL: http://stream.thmz.com/wxtv3/playlist.m3u8?_upt=1758133b1706166861, IPv_Type: ipv6, Location: 中国, ISP: 中国电信, Date: None, Delay: -1 ms, Speed: 0.00 M/s, Resolution: None
Name: 无锡都市资讯, URL: http://stream.thmz.com/wxtv3/sd/live.m3u8, IPv_Type: ipv6, Location: 中国, ISP: 中国电信, Date: None, Delay: 0.1 ms, Speed: inf M/s, Resolution: 1920x1080
Name: 无锡都市资讯, URL: http://stream.thmz.com/wxtv3/sd/live.m3u8?_upt=978cd8731706199708, IPv_Type: ipv6, Location: 中国, ISP: 中国电信, Date: None, Delay: 0.1 ms, Speed: inf M/s, Resolution: 1920x1080
Name: 武进新闻, URL: http://live.wjyanghu.com/live/CH1.m3u8?%E5%85%B3%E6%B3%A8%E5%BE%AE%E4%BF%A1%E5%85%AC%E4%BC%97%E5%8F%B7[%E6%99%B4%E5%9B%AD], IPv_Type: ipv4, Location: 中国-上海-上海, ISP: 阿里云, Date: None, Delay: 1668 ms, Speed: 0.05 M/s, Resolution: 720x576
Name: 武进新闻, URL: https://live.wjyanghu.com/live/CH1.m3u8, IPv_Type: ipv4, Location: 中国-上海-上海, ISP: 阿里云, Date: None, Delay: 1824 ms, Speed: 0.05 M/s, Resolution: 720x576
Name: 武进生活, URL: http://live.wjyanghu.com/live/CH2.m3u8, IPv_Type: ipv4, Location: 中国-上海-上海, ISP: 阿里云, Date: None, Delay: 5476 ms, Speed: 0.13 M/s, Resolution: 720x576
Name: 武进生活, URL: https://live.wjyanghu.com/live/CH2.m3u8, IPv_Type: ipv4, Location: 中国-上海-上海, ISP: 阿里云, Date: None, Delay: 5503 ms, Speed: 0.13 M/s, Resolution: 720x576
Name: 江宁新闻, URL: https://migu.188766.xyz/?migutoken=77969fb082a75b798578427f3570edd2&id=%E4%BD%93%E8%82%B2%E4%BC%91%E9%97%B2%E9%A2%91%E9%81%93&type=yy, IPv_Type: ipv6, Location: 美国, ISP: CloudFlare Inc., Date: None, Delay: -1 ms, Speed: 0.00 M/s, Resolution: None
Name: 江苏城市, URL: https://mursor.ottiptv.cc/migu/626064714.m3u8?migutoken=b92ada516923349cef01531d5bff5992a22ba9122a3e7c2696e7edd09a971fa6e2a2e1a2209c9ab3c9a404643dce743a2de2a97c7793ae60e3b2614d285ec1c42bcb6619c30a8bb2923adbbb68, IPv_Type: ipv6, Location: 美国-新泽西州-巴赛克, ISP: DigitalOcean, Date: None, Delay: -1 ms, Speed: 0.00 M/s, Resolution: None
Name: 江苏城市, URL: http://gslbmgsplive.miguvideo.com/wd_r2/jstv/jschengshi/600/index.m3u8?msisdn=202509030900312c5ad926e30449e5b9405f27a3fde9a6&mdspid=&spid=699067&netType=0&sid=5500260508&pid=2028597139&timestamp=20250903090031&Channel_ID=0116_2600037000-99000-200300220100002&ProgramID=626064714&ParentNodeID=-99&assertID=5500260508&client_ip=106.13.250.83&SecurityKey=20250903090031&promotionId=&mvid=5100186409&mcid=500020&playurlVersion=WX-A1-8.8.1-RELEASE&userid=&jmhm=&videocodec=h264&bean=mgspad&tid=android&conFee=0&puData=3712225a575d903704881b6443f50a06&ddCalcu=6307va1a02x52af2354a4567b51d89804307&sv=10004&ct=android, IPv_Type: ipv6, Location: 中国, ISP: 中国移动, Date: None, Delay: -1 ms, Speed: 0.00 M/s, Resolution: None
Name: 江苏城市, URL: https://mgtv.ottiptv.cc/migu/626064714.m3u8?migutoken=02cafbc9d94c9e5e26c383c50287313c55f7e68abea08e811428e9b13cd8e46f93919d1a0859b1c76d8e4e78e1f7b8a6f89d71daf38a8275ac7633b59bcdb7cbf189e3152afb4fa80fadf4b134, IPv_Type: ipv6, Location: 美国, ISP: Oracle Corporation, Date: None, Delay: -1 ms, Speed: 0.00 M/s, Resolution: None
Name: 江苏城市, URL: https://mgtv.ottiptv.cc/mg/626064714.m3u8?sign=8f0c5e0ccba2844508b566696e999fd8&tm=1757355490&token=0264364ddb67a4c531e08706aa31ddadb99a2d44838aff9615079499cc4b018947faa3341ee423d6c3d1b0d4bb564febb101c04c798b121b42e56bae7f02e206eb31c9b961c926b5c62d98f54e, IPv_Type: ipv6, Location: 美国, ISP: Oracle Corporation, Date: None, Delay: -1 ms, Speed: 0.00 M/s, Resolution: None
Name: 江苏城市, URL: https://mgtv.ottiptv.cc/mg/626064714.m3u8?sign=2a7143eac390eea8d1f77a99a24bf654&tm=1757436314&token=fdbc4a0c6baf2961413827c44efd7a95fe0df3d595301bf249e801c84b859108b6d8372cabf49034931584d05c674f2605ef50a47a3982d4f783920f2c60c3b220d1f048b0968fd6df135afec6, IPv_Type: ipv6, Location: 美国-新泽西州-巴赛克, ISP: DigitalOcean, Date: None, Delay: -1 ms, Speed: 0.00 M/s, Resolution: None
Name: 江苏城市, URL: http://gslbmgsplive.miguvideo.com/wd_r2/jstv/jschengshi/600/index.m3u8?msisdn=2025102308014130dd0a5e627f42499c11a2ab2361d34e&mdspid=&spid=699067&netType=0&sid=5500260508&pid=2028597139&timestamp=20251023080141&Channel_ID=0116_2600000900-99000-201600010010027&ProgramID=626064714&ParentNodeID=-99&assertID=5500260508&client_ip=106.13.250.83&SecurityKey=20251023080141&promotionId=&mvid=5100186409&mcid=500020&playurlVersion=WX-A1-8.9.2-RELEASE&userid=&jmhm=&videocodec=h264&bean=mgspad&tid=android&conFee=0&puData=5d7ae839a5e5f0b92b0a6b3471204437&ddCalcu=753de4724a60e02813794a35be65af00bb29, IPv_Type: ipv6, Location: 中国, ISP: 中国移动, Date: None, Delay: -1 ms, Speed: 0.00 M/s, Resolution: None
Name: 江苏城市, URL: http://gslbmgsplive.miguvideo.com/wd_r2/jstv/jschengshi/600/index.m3u8?msisdn=202510240800588fc3b82544a14452832128fa5d5a06e0&mdspid=&spid=699067&netType=0&sid=5500260508&pid=2028597139&timestamp=20251024080058&Channel_ID=0116_2600000900-99000-201600010010027&ProgramID=626064714&ParentNodeID=-99&assertID=5500260508&client_ip=106.13.250.88&SecurityKey=20251024080058&promotionId=&mvid=5100186409&mcid=500020&playurlVersion=WX-A1-8.9.2-RELEASE&userid=&jmhm=&videocodec=h264&bean=mgspad&tid=android&conFee=0&puData=8926243c6d96bc2b45ee86fbcb2451f1&ddCalcu=18f9e12256642024b3ccb6fd6986ebec524b, IPv_Type: ipv6, Location: 中国, ISP: 中国移动, Date: None, Delay: -1 ms, Speed: 0.00 M/s, Resolution: None
Name: 江苏城市, URL: http://gslbmgsplive.miguvideo.com/wd_r2/jstv/jschengshi/600/index.m3u8?msisdn=20251025080101ab69bd3b555244cebecc8604efb5a5a2&mdspid=&spid=699067&netType=0&sid=5500260508&pid=2028597139&timestamp=20251025080101&Channel_ID=0116_2600000900-99000-201600010010027&ProgramID=626064714&ParentNodeID=-99&assertID=5500260508&client_ip=106.13.250.90&SecurityKey=20251025080101&promotionId=&mvid=5100186409&mcid=500020&playurlVersion=WX-A1-8.9.2-RELEASE&userid=&jmhm=&videocodec=h264&bean=mgspad&tid=android&conFee=0&puData=683e0ed68a2d415532c228c24c8c2767&ddCalcu=7668e7322e6c008ecd4628ca822d24c12535, IPv_Type: ipv6, Location: 中国, ISP: 中国移动, Date: None, Delay: -1 ms, Speed: 0.00 M/s, Resolution: None
Name: 江苏城市, URL: http://gslbmgsplive.miguvideo.com/wd_r2/jstv/jschengshi/600/index.m3u8?msisdn=202510260800570341656ce9a34a0299391875145072ee&mdspid=&spid=699067&netType=0&sid=5500260508&pid=2028597139&timestamp=20251026080057&Channel_ID=0116_2600000900-99000-201600010010027&ProgramID=626064714&ParentNodeID=-99&assertID=5500260508&client_ip=106.13.250.83&SecurityKey=20251026080057&promotionId=&mvid=5100186409&mcid=500020&playurlVersion=WX-A1-8.9.2-RELEASE&userid=&jmhm=&videocodec=h264&bean=mgspad&tid=android&conFee=0&puData=9dcd3c19797e0c00a88aca0c9a5b4642&ddCalcu=294de6c24d6b305ca199c709a7cea08c80a0, IPv_Type: ipv6, Location: 中国, ISP: 中国移动, Date: None, Delay: -1 ms, Speed: 0.00 M/s, Resolution: None
Name: 江苏影视, URL: https://migu.188766.xyz/?migutoken=91756b74eb13850e4c87b15c25817e42&id=%E6%B1%9F%E8%8B%8F%E5%BD%B1%E8%A7%86%E9%A2%91%E9%81%93&type=yy, IPv_Type: ipv6, Location: 美国, ISP: CloudFlare Inc., Date: None, Delay: -1 ms, Speed: 0.00 M/s, Resolution: None
Name: 江苏影视, URL: https://mursor.ottiptv.cc/migu/626064697.m3u8?migutoken=b73f8d78cfb5fb25d1b0e54e8b651db35d48ff071c6fe1f7826fcc4e6212a20ba7c8991185d03743da42bafdff874a4a03b5df60e7c2aa293ad3b34997faa082e300149433e3b1c2694909770b, IPv_Type: ipv6, Location: 美国-新泽西州-巴赛克, ISP: DigitalOcean, Date: None, Delay: -1 ms, Speed: 0.00 M/s, Resolution: None
Name: 江苏影视, URL: https://mgtv.ottiptv.cc/migu/626064697.m3u8?migutoken=6508bc5fae9f621ed6ec72d39eb7f60ab52c4b412a5ee7f5b612640ecccbde1f9584f0a97aebc090cb58f73e9e079ced87b059526a6614b5a9ad5a23ff4863d36adcc1ed699583e058fac3330e, IPv_Type: ipv6, Location: 美国, ISP: Oracle Corporation, Date: None, Delay: -1 ms, Speed: 0.00 M/s, Resolution: None
Name: 江苏影视, URL: https://mgtv.ottiptv.cc/mg/626064697.m3u8?sign=4546b837394627bdf0555d08004f07f1&tm=1757355490&token=045c49e78730e06afac5328327158be096e0cc0923fa83b1c384eed1a953e619ed0f0482942cafb47ba55677ec3811cba19956a9d9888ccb6f7651162308fa397e73c8102f16fece809ed10309, IPv_Type: ipv6, Location: 美国, ISP: Oracle Corporation, Date: None, Delay: -1 ms, Speed: 0.00 M/s, Resolution: None
Name: 江苏影视, URL: https://mgtv.ottiptv.cc/mg/626064697.m3u8?sign=21dd7b9bf9f7aa360b3cdc96e751e02e&tm=1757436314&token=19cce11484e7bf307e8ddf346a35ad3b1f5c88338207a6d991cd218d99e5155134af4490b11888837c9c403814814a787a2d534109af221acad3c3bd06d1e8a9229c880cac0bd4ac65f009d851, IPv_Type: ipv6, Location: 美国-新泽西州-巴赛克, ISP: DigitalOcean, Date: None, Delay: -1 ms, Speed: 0.00 M/s, Resolution: None
Name: 江苏影视, URL: http://gslbmgsplive.miguvideo.com/wd_r2/jstv/jsyingshi/600/index.m3u8?msisdn=20251023080142772bf60e882f42cebdb0f8be760fd6b7&mdspid=&spid=699067&netType=0&sid=5500260517&pid=2028597139&timestamp=20251023080142&Channel_ID=0116_2600000900-99000-201600010010027&ProgramID=626064697&ParentNodeID=-99&assertID=5500260517&client_ip=106.13.250.83&SecurityKey=20251023080142&promotionId=&mvid=5100186424&mcid=500020&playurlVersion=WX-A1-8.9.2-RELEASE&userid=&jmhm=&videocodec=h264&bean=mgspad&tid=android&conFee=0&puData=08704ae8cfefd451664dee9c23c79ed1&ddCalcu=10d8ee72906740ca3e28cc9feeefdd446561, IPv_Type: ipv6, Location: 中国, ISP: 中国移动, Date: None, Delay: -1 ms, Speed: 0.00 M/s, Resolution: None
Name: 江苏影视, URL: http://gslbmgsplive.miguvideo.com/wd_r2/jstv/jsyingshi/600/index.m3u8?msisdn=202510240800581f7cec0b4b0d4f85a55224d468cbc56d&mdspid=&spid=699067&netType=0&sid=5500260517&pid=2028597139&timestamp=20251024080058&Channel_ID=0116_2600000900-99000-201600010010027&ProgramID=626064697&ParentNodeID=-99&assertID=5500260517&client_ip=106.13.250.88&SecurityKey=20251024080058&promotionId=&mvid=5100186424&mcid=500020&playurlVersion=WX-A1-8.9.2-RELEASE&userid=&jmhm=&videocodec=h264&bean=mgspad&tid=android&conFee=0&puData=8a89abe289ca2d05b7f942cd6dbe231d&ddCalcu=d81ae382296ea0bbde62d8c92c4a92fd70b5, IPv_Type: ipv6, Location: 中国, ISP: 中国移动, Date: None, Delay: -1 ms, Speed: 0.00 M/s, Resolution: None
Name: 江苏教育, URL: https://migu.188766.xyz/?migutoken=bfd96895aa8e3e9aa47561510518c058&id=%E6%B1%9F%E8%8B%8F%E6%95%99%E8%82%B2&type=yy, IPv_Type: ipv6, Location: 美国, ISP: CloudFlare Inc., Date: None, Delay: -1 ms, Speed: 0.00 M/s, Resolution: None
Name: 江苏教育, URL: https://mursor.ottiptv.cc/migu/628008321.m3u8?migutoken=f23d4bcff80819f435db9a666e24d1bb6cb7daed4d5f480936906885f3d62861b56b769a71332c450d31bc8d287919f595d3e6345a45469a801811eaae8da0bc75fecc6ad6284507ffd4495d3d, IPv_Type: ipv6, Location: 美国-新泽西州-巴赛克, ISP: DigitalOcean, Date: None, Delay: -1 ms, Speed: 0.00 M/s, Resolution: None
Name: 江苏教育, URL: http://gslbmgsplive.miguvideo.com/wd_r2/jstv/jsjiaoyu/600/index.m3u8?msisdn=20250903090031d7e536b9e78c4a42b0841922e44a4a36&mdspid=&spid=699067&netType=0&sid=5500287493&pid=2028597139&timestamp=20250903090031&Channel_ID=0116_2600037000-99000-200300220100002&ProgramID=628008321&ParentNodeID=-99&assertID=5500287493&client_ip=106.13.250.83&SecurityKey=20250903090031&promotionId=&mvid=5101012819&mcid=500020&playurlVersion=WX-A1-8.8.1-RELEASE&userid=&jmhm=&videocodec=h264&bean=mgspad&tid=android&conFee=0&puData=d3e3bd992ebf554d360ba9b83b9b179d&ddCalcu=dd93v7ea13bbba9db93982be9bafb505643d&sv=10004&ct=android, IPv_Type: ipv6, Location: 中国, ISP: 中国移动, Date: None, Delay: -1 ms, Speed: 0.00 M/s, Resolution: None
Name: 江苏教育, URL: https://mgtv.ottiptv.cc/migu/628008321.m3u8?migutoken=2a14b3aabc488208548ee93104e880b74d4a395bfa44d7066aecd401da116ee25176f823087e3b4982d4720bd660d81bfff58ed9193c1df26c94a3e4f7a6c10952e5d975a5e4f6244fd9dcc62d, IPv_Type: ipv6, Location: 美国, ISP: Oracle Corporation, Date: None, Delay: -1 ms, Speed: 0.00 M/s, Resolution: None
Name: 江苏教育, URL: https://mgtv.ottiptv.cc/mg/628008321.m3u8?sign=42fbc7d5ecee3d7514da7487637571af&tm=1757355490&token=dbdd3a0a60ec694eddb90b6d3f1045c5330978b2ea28dcd0611a446e87a312654c1e665465a4496920424533b8bf6be7740ab68e5f926c8639319cc319527a74c3a4b49ff0cd24c8669fc83609, IPv_Type: ipv6, Location: 美国, ISP: Oracle Corporation, Date: None, Delay: -1 ms, Speed: 0.00 M/s, Resolution: None
Name: 江苏教育, URL: https://mgtv.ottiptv.cc/mg/628008321.m3u8?sign=d6329405a847b5eafd4e8b805f7427a4&tm=1757436314&token=b67a4590b9f31c250bbe480994ed31a91e54506f63a6b83458c6a2ead907086dcf4276db6425e194a87d297b73690bb8c0d57c3211fb6f3041bbb8af3ef93d7d53af881643dedd80f7c21658ad, IPv_Type: ipv6, Location: 美国-新泽西州-巴赛克, ISP: DigitalOcean, Date: None, Delay: -1 ms, Speed: 0.00 M/s, Resolution: None
Name: 江苏教育, URL: http://gslbmgsplive.miguvideo.com/wd_r2/jstv/jsjiaoyu/600/index.m3u8?msisdn=202510230801429e18fd6e59b3463fbb4cb21323871fcd&mdspid=&spid=699067&netType=0&sid=5500287493&pid=2028597139&timestamp=20251023080142&Channel_ID=0116_2600000900-99000-201600010010027&ProgramID=628008321&ParentNodeID=-99&assertID=5500287493&client_ip=106.13.250.83&SecurityKey=20251023080142&promotionId=&mvid=5101012819&mcid=500020&playurlVersion=WX-A1-8.9.2-RELEASE&userid=&jmhm=&videocodec=h264&bean=mgspad&tid=android&conFee=0&puData=34594832361df23b864151102172f277&ddCalcu=7374e252f982407813220316115d1f42638b, IPv_Type: ipv6, Location: 中国, ISP: 中国移动, Date: None, Delay: -1 ms, Speed: 0.00 M/s, Resolution: None
Name: 泗洪新闻综合, URL: http://live1.habctv.com/ggpdsl/sd/live.m3u8?zjiangsd#http://live1.habctv.com/ggpdsl/sd/live.m3u8, IPv_Type: ipv6, Location: 中国, ISP: 中国电信, Date: None, Delay: -1 ms, Speed: 0.00 M/s, Resolution: None
Name: 涟水电视台综合, URL: http://live1.habctv.com/ggpdsl/sd/live.m3u8, IPv_Type: ipv6, Location: 中国, ISP: 中国电信, Date: None, Delay: -1 ms, Speed: 0.00 M/s, Resolution: None
Name: 涟水电视台综合, URL: http://live1.habctv.com/ggpdsl/sd/live.m3u8?zjiangsd, IPv_Type: ipv6, Location: 中国, ISP: 中国电信, Date: None, Delay: -1 ms, Speed: 0.00 M/s, Resolution: None
Name: 涟水电视台综合, URL: http://lianshui-tv-hls.cm.jstv.com/lianshui-tv/lsxw.m3u8?zjiangsd, IPv_Type: ipv6, Location: 中国, ISP: 中国联通, Date: None, Delay: -1 ms, Speed: 0.00 M/s, Resolution: None
Name: 淮安公共, URL: http://live1.habctv.com/ggpdsl/sd/live.m3u8?zjiangsd#http://live1.habctv.com/ggpdsl/sd/live.m3u8, IPv_Type: ipv6, Location: 中国, ISP: 中国电信, Date: None, Delay: 0.1 ms, Speed: inf M/s, Resolution: 1920x1080
Name: 淮安影院娱乐, URL: http://live1.habctv.com/ysylsl/sd/live.m3u8?zjiangsd, IPv_Type: ipv6, Location: 中国, ISP: 中国电信, Date: None, Delay: 0.1 ms, Speed: inf M/s, Resolution: 1920x1080
Name: 淮安影院娱乐, URL: http://live1.habctv.com/ysylsl/sd/live.m3u8, IPv_Type: ipv6, Location: 中国, ISP: 中国电信, Date: None, Delay: 0.1 ms, Speed: inf M/s, Resolution: 1920x1080
Name: 淮安新闻综合, URL: http://live1.habctv.com/zhpdsl/sd/live.m3u8, IPv_Type: ipv6, Location: 中国, ISP: 中国电信, Date: None, Delay: 0.1 ms, Speed: inf M/s, Resolution: 1920x1080
Name: 淮安新闻综合, URL: http://live1.habctv.com/zhpdsl/sd/live.m3u8?zjiangsd, IPv_Type: ipv6, Location: 中国, ISP: 中国电信, Date: None, Delay: 0.1 ms, Speed: inf M/s, Resolution: 1920x1080
Name: 淮安新闻综合, URL: https://mursor.ottiptv.cc/migu/639731826.m3u8?migutoken=d72922ed14054c4c03ebda8a2d636518ee54cc6e0dda4714c6fbe68badcf28869a5d5e29c07901926d6a0923a7fab32112868b1e1ce7042073c1715e1e6e0c4af6ae0af39485d249f73b9d8f11, IPv_Type: ipv6, Location: 美国-新泽西州-巴赛克, ISP: DigitalOcean, Date: None, Delay: -1 ms, Speed: 0.00 M/s, Resolution: None
Name: 淮安新闻综合, URL: https://mgtv.ottiptv.cc/migu/639731826.m3u8?migutoken=89801032decec35cded1fe460c65b70719e7f7ccca796b79a6d15743ff1e1b6027c64b5a219df5a669815a964bb20b14d20dcdbf11174da7bf6d923797925fb5111edcc7d3edc1954eb9b620e6, IPv_Type: ipv6, Location: 美国, ISP: Oracle Corporation, Date: None, Delay: -1 ms, Speed: 0.00 M/s, Resolution: None
Name: 淮安新闻综合, URL: https://mgtv.ottiptv.cc/migu/639731826.m3u8?migutoken=383a4690d772fe16ccec98f2da2e7e0c3b362ae2d9a0fa219e9a7bb76bb96d4ca6392f861efb0a61154552c563897f4660867745735f85e310ec9fb52d7fc55cd30da8d55169f8c415c5a69a15, IPv_Type: ipv6, Location: 美国, ISP: Oracle Corporation, Date: None, Delay: -1 ms, Speed: 0.00 M/s, Resolution: None
Name: 淮安新闻综合, URL: https://mgtv.ottiptv.cc/mg/639731826.m3u8?sign=1b22e63bc2ee35d8112c203cab03ea7e&tm=1757355490&token=502d14dd6b602ddd6dde83694d2e017a0dfbdef8d8a11bd9ba35e2c6f42fbdf027e64e53b5db42d7bf624f00e340323bad33de894dccd4f527faa4d661d1a5134b5ded01b816667427a729b9b2, IPv_Type: ipv6, Location: 美国, ISP: Oracle Corporation, Date: None, Delay: -1 ms, Speed: 0.00 M/s, Resolution: None
Name: 淮安新闻综合, URL: https://mgtv.ottiptv.cc/mg/639731826.m3u8?sign=c48bc7a8f23189004a9e8833b63b0513&tm=1757436314&token=e0a403b0d4ef04ab569a5e9e22becbdeda6ffc9d6da2355cf868afbcca420d5f52b2b2f0c0ca73cc1c3054da32467b41ec9b1545cd3a55377c687b3520b78e56892225b012e6d8636f1faeba0d, IPv_Type: ipv6, Location: 美国-新泽西州-巴赛克, ISP: DigitalOcean, Date: None, Delay: -1 ms, Speed: 0.00 M/s, Resolution: None
Name: 淮安新闻综合, URL: http://gslbmgsplive.miguvideo.com/wd_r2/jstv/haxinwenzonghe/600/index.m3u8?msisdn=2025091908013583ce7f12af754a16ba29f7c2626810f0&mdspid=&spid=699067&netType=0&sid=5500469363&pid=2028597139&timestamp=20250919080135&Channel_ID=0116_2600000900-99000-201600010010027&ProgramID=639731826&ParentNodeID=-99&assertID=5500469363&client_ip=106.13.250.88&SecurityKey=20250919080135&promotionId=&mvid=5102012618&mcid=500020&playurlVersion=WX-A1-8.9.1-RELEASE&userid=&jmhm=&videocodec=h264&bean=mgspad&tid=android&conFee=0&puData=8f83667dfa073a4952557e51d015d22c&ddCalcu=c82fe281d395601607dd1f5ae077535a2459, IPv_Type: ipv6, Location: 中国, ISP: 中国移动, Date: None, Delay: -1 ms, Speed: 0.00 M/s, Resolution: None
Name: 淮安新闻综合, URL: http://gslbmgsplive.miguvideo.com/wd_r2/jstv/haxinwenzonghe/600/index.m3u8?msisdn=20251023080142941c175264e346bdb28fc24a4c0fff92&mdspid=&spid=699067&netType=0&sid=5500469363&pid=2028597139&timestamp=20251023080142&Channel_ID=0116_2600000900-99000-201600010010027&ProgramID=639731826&ParentNodeID=-99&assertID=5500469363&client_ip=106.13.250.83&SecurityKey=20251023080142&promotionId=&mvid=5102012618&mcid=500020&playurlVersion=WX-A1-8.9.2-RELEASE&userid=&jmhm=&videocodec=h264&bean=mgspad&tid=android&conFee=0&puData=228f78becdd3f1c2f4ea311cb51557e2&ddCalcu=22e2e7825f9570185bbecc1d1d33afe14cf2, IPv_Type: ipv6, Location: 中国, ISP: 中国移动, Date: None, Delay: -1 ms, Speed: 0.00 M/s, Resolution: None
Name: 淮安新闻综合, URL: http://gslbmgsplive.miguvideo.com/wd_r2/jstv/haxinwenzonghe/600/index.m3u8?msisdn=2025102408005841cc8f9eb2074fbabaeaef4617e0ca47&mdspid=&spid=699067&netType=0&sid=5500469363&pid=2028597139&timestamp=20251024080058&Channel_ID=0116_2600000900-99000-201600010010027&ProgramID=639731826&ParentNodeID=-99&assertID=5500469363&client_ip=106.13.250.88&SecurityKey=20251024080058&promotionId=&mvid=5102012618&mcid=500020&playurlVersion=WX-A1-8.9.2-RELEASE&userid=&jmhm=&videocodec=h264&bean=mgspad&tid=android&conFee=0&puData=d70ba06f67ad26900d75c4f6652b7fa4&ddCalcu=4da7ef027b9ba020566f66f74acd5276d900, IPv_Type: ipv6, Location: 中国, ISP: 中国移动, Date: None, Delay: -1 ms, Speed: 0.00 M/s, Resolution: None
Name: 淮阴综合, URL: https://huaiyin-tv-replay.cm.jstv.com/huaiyin-tv/huaiyinf.m3u8, IPv_Type: ipv6, Location: 中国, ISP: 中国电信, Date: None, Delay: 0.1 ms, Speed: inf M/s, Resolution: 1920x1080
Name: 溧水新闻综合, URL: https://mursor.ottiptv.cc/migu/639737327.m3u8?migutoken=ea943b4d731fe15865f6caaeaab663978aa95498ba7c40d1eef40639bcc5902335d53c5bd66345a202cd20a08b41999c4c1378c4bcc42b553b4f16ab32e95dcaaa5371e80e545ce50fe49ca87e, IPv_Type: ipv6, Location: 美国-新泽西州-巴赛克, ISP: DigitalOcean, Date: None, Delay: -1 ms, Speed: 0.00 M/s, Resolution: None
Name: 溧水新闻综合, URL: https://mgtv.ottiptv.cc/migu/639737327.m3u8?migutoken=3b98c468491b49a9629c5832cb109bafb9b71d85fa9145eff76d80284d719f48d87d48bc93b52f5004d1c3b4efa4c9f7974e2e9f495140a84b8e678bfa1991e8bd705a52fc016f51131cfd3872, IPv_Type: ipv6, Location: 美国, ISP: Oracle Corporation, Date: None, Delay: -1 ms, Speed: 0.00 M/s, Resolution: None
Name: 溧水新闻综合, URL: https://mgtv.ottiptv.cc/migu/639737327.m3u8?migutoken=4c07b7afe94ad06d114a6bccae5747804d493ab7b1100069e485b78d3cb91c0fb0dbd92aa90a6157d7066e5b90780fabf5e150e17ebb9bc72b8bb18f43c5acddd1c0fd4d1904a99210aa962135, IPv_Type: ipv6, Location: 美国, ISP: Oracle Corporation, Date: None, Delay: -1 ms, Speed: 0.00 M/s, Resolution: None
Name: 溧水新闻综合, URL: https://mgtv.ottiptv.cc/mg/639737327.m3u8?sign=0ab8f6eb5808f57fa452bb76d9c536cd&tm=1757355490&token=d80d42e03bbbed57d3be50389b9ba1e90f9627fa8386f1f3c996c34c1180693354e58d6d3f526dab2fbd3953b012fde8cd0e4c3ad478a6ce7e40e2ea1f00bcc1683ad5582fb2aac3eb0d1f8686, IPv_Type: ipv6, Location: 美国, ISP: Oracle Corporation, Date: None, Delay: -1 ms, Speed: 0.00 M/s, Resolution: None
Name: 溧水新闻综合, URL: https://mgtv.ottiptv.cc/mg/639737327.m3u8?sign=3baeb7fd7b38779312812dd8f5394c81&tm=1757436314&token=9373e5a7ff8a1350756e603d4676aa498cad8d450896f4be68469d7bb2eae54804b8d826ccad70676e2d93d49af5fb5c86d48ad31396eaead3b19017cc81565350482cf957ddcc06ba718db7ff, IPv_Type: ipv6, Location: 美国-新泽西州-巴赛克, ISP: DigitalOcean, Date: None, Delay: -1 ms, Speed: 0.00 M/s, Resolution: None
Name: 溧水新闻综合, URL: http://gslbmgsplive.miguvideo.com/migu/kailu/wxxwzh/51/20250604/index.m3u8?msisdn=202509190801368edab7fc3daa499fa4e273d73d8b9f2d&mdspid=&spid=699067&netType=0&sid=5500469349&pid=2028597139&timestamp=20250919080136&Channel_ID=0116_2600000900-99000-201600010010027&ProgramID=639737327&ParentNodeID=-99&assertID=5500469349&client_ip=106.13.250.88&SecurityKey=20250919080136&promotionId=&mvid=5102012612&mcid=500020&playurlVersion=WX-A1-8.9.1-RELEASE&userid=&jmhm=&videocodec=h264&bean=mgspad&tid=android&conFee=0&puData=c3e71707790a9a58ff5c4df8b135c614&ddCalcu=4c13e6e1c795103710b787f9d04ac95af5f8, IPv_Type: ipv6, Location: 中国, ISP: 中国移动, Date: None, Delay: -1 ms, Speed: 0.00 M/s, Resolution: None
Name: 溧水新闻综合, URL: http://gslbmgsplive.miguvideo.com/migu/kailu/wxxwzh/51/20250604/index.m3u8?msisdn=20251023080144558f016a4098437fa4b5f82b16dbaeb4&mdspid=&spid=699067&netType=0&sid=5500469349&pid=2028597139&timestamp=20251023080144&Channel_ID=0116_2600000900-99000-201600010010027&ProgramID=639737327&ParentNodeID=-99&assertID=5500469349&client_ip=106.13.250.83&SecurityKey=20251023080144&promotionId=&mvid=5102012612&mcid=500020&playurlVersion=WX-A1-8.9.2-RELEASE&userid=&jmhm=&videocodec=h264&bean=mgspad&tid=android&conFee=0&puData=d70adf995324060624c3825a44083d19&ddCalcu=9d17ed023a98d00f4949a553228430c64026, IPv_Type: ipv6, Location: 中国, ISP: 中国移动, Date: None, Delay: -1 ms, Speed: 0.00 M/s, Resolution: None
Name: 溧水新闻综合, URL: http://gslbmgsplive.miguvideo.com/migu/kailu/wxxwzh/51/20250604/index.m3u8?msisdn=202510240800594a9687dbd7324f45ae45174f1227d3ad&mdspid=&spid=699067&netType=0&sid=5500469349&pid=2028597139&timestamp=20251024080059&Channel_ID=0116_2600000900-99000-201600010010027&ProgramID=639737327&ParentNodeID=-99&assertID=5500469349&client_ip=106.13.250.88&SecurityKey=20251024080059&promotionId=&mvid=5102012612&mcid=500020&playurlVersion=WX-A1-8.9.2-RELEASE&userid=&jmhm=&videocodec=h264&bean=mgspad&tid=android&conFee=0&puData=287022ec4f8292e91b2eca7dd26993d3&ddCalcu=32d8e372909920622edcd47fa8c2e922be19, IPv_Type: ipv6, Location: 中国, ISP: 中国移动, Date: None, Delay: -1 ms, Speed: 0.00 M/s, Resolution: None
Name: 溧水新闻综合, URL: http://gslbmgsplive.miguvideo.com/migu/kailu/wxxwzh/51/20250604/index.m3u8?msisdn=20251025080102f85a6abac0d64c679ab538b375a256e3&mdspid=&spid=699067&netType=0&sid=5500469349&pid=2028597139&timestamp=20251025080102&Channel_ID=0116_2600000900-99000-201600010010027&ProgramID=639737327&ParentNodeID=-99&assertID=5500469349&client_ip=106.13.250.90&SecurityKey=20251025080102&promotionId=&mvid=5102012612&mcid=500020&playurlVersion=WX-A1-8.9.2-RELEASE&userid=&jmhm=&videocodec=h264&bean=mgspad&tid=android&conFee=0&puData=c4c759517172dc16ebdc0de9d4416c8c&ddCalcu=cc84ecc26791504945d197e1d702cddcb1e6, IPv_Type: ipv6, Location: 中国, ISP: 中国移动, Date: None, Delay: -1 ms, Speed: 0.00 M/s, Resolution: None
Name: 滨海新闻综合, URL: http://traffic.jbh.tjbh.com/live/bhtv10/playlist.m3u8, IPv_Type: ipv4, Location: 美国-伊利诺伊州-库克, ISP: 网宿CDN节点, Date: None, Delay: 726 ms, Speed: 0.77 M/s, Resolution: 1920x1080
Name: 睢宁综合, URL: https://live-auth.51kandianshi.com/szgd/csztv4k_hd.m3u8, IPv_Type: ipv4, Location: 美国-加利福尼亚州-圣克拉拉, ISP: 腾讯云, Date: None, Delay: 763 ms, Speed: 0.31 M/s, Resolution: 1280x720
Name: 睢宁综合, URL: http://3739115311.cloudvdn.com/a.m3u8?domain=suining-tv-hls.cm.jstv.com&player=TwMAAPjPskOkJ6kX&secondToken=secondToken%3AjegfwzYXwUE9HzG7kRfhCd81WMU&streamid=suining-tv%3Asuining-tv%2Fsuiningzh&v3=1&zjiangsd=, IPv_Type: ipv4, Location: 中国-河北-保定, ISP: 电信, Date: None, Delay: 1992 ms, Speed: 0.20 M/s, Resolution: 1280x720
Name: 苏州社会经济, URL: https://live-auth.51kandianshi.com/szgd/csztv2.m3u8, IPv_Type: ipv4, Location: 中国-江苏-常州, ISP: 电信, Date: None, Delay: 800 ms, Speed: 1.44 M/s, Resolution: 1920x1080
Name: 赣榆新闻综合, URL: rtmp://ganyu-tv-hls.cm.jstv.com/ganyu-tv/ganyutv, IPv_Type: ipv4, Location: 中国-香港, ISP: OWS, Date: None, Delay: 1638 ms, Speed: 0.00 M/s, Resolution: None
Name: 连云港新闻综合, URL: https://migu.188766.xyz/?migutoken=1b0d5ada0a7a68f9bc0ad66f4464a69d&id=%E8%BF%9E%E4%BA%91%E6%B8%AF%E6%96%B0%E9%97%BB%E7%BB%BC%E5%90%88&type=yy, IPv_Type: ipv6, Location: 美国, ISP: CloudFlare Inc., Date: None, Delay: -1 ms, Speed: 0.00 M/s, Resolution: None
Name: 连云港新闻综合, URL: https://mursor.ottiptv.cc/migu/639731715.m3u8?migutoken=95ec9e5e08128c5eb4439c9ed02c10824b83bcbcbd598d08b91a44abc0c7b912b5aeb8415f2bf9d9e8c0007dcf164a961107d2f9af40c6d42bb5218c84a9428e5b7b66a00e5cdde5c1d164bf09, IPv_Type: ipv6, Location: 美国-新泽西州-巴赛克, ISP: DigitalOcean, Date: None, Delay: -1 ms, Speed: 0.00 M/s, Resolution: None
Name: 连云港新闻综合, URL: https://mgtv.ottiptv.cc/migu/639731715.m3u8?migutoken=70f90182e47785fca234628a083c2a775b48319c0603f2641b5a891ba90b43816e51fb1b07cad8793011132425ebbc0f1568b3bc433d2f04e40344c5fe163be8bf6490e14ab6b96b4419f3f134, IPv_Type: ipv6, Location: 美国, ISP: Oracle Corporation, Date: None, Delay: -1 ms, Speed: 0.00 M/s, Resolution: None
Name: 连云港新闻综合, URL: https://mgtv.ottiptv.cc/mg/639731715.m3u8?sign=7b26c40b909e7cac4f36e7f4bd47de48&tm=1757355490&token=4ed0ffb73c4ce6c38a20e5564cb3f8965b8799594abac355afa93d3da18ec04205cb1a20ddfdaef2d5853370a462f0c7be1fe3cf10485628ae9f45c70e5ca62a475d76b6224ec22417ad4a80ef, IPv_Type: ipv6, Location: 美国, ISP: Oracle Corporation, Date: None, Delay: -1 ms, Speed: 0.00 M/s, Resolution: None
Name: 连云港新闻综合, URL: https://mgtv.ottiptv.cc/mg/639731715.m3u8?sign=562f01249a3bb4ded001ab337f5b462e&tm=1757436314&token=925dc73fa2be7e665f2bab9ee8eed3b7758720818e5eed3cba79afceebc04ac2f29304349e90d5efaa1db57b174b799e7126265fdfcd3fac979d4f1b6447c3e2533623aacb08a37c2c4c298163, IPv_Type: ipv6, Location: 美国-新泽西州-巴赛克, ISP: DigitalOcean, Date: None, Delay: -1 ms, Speed: 0.00 M/s, Resolution: None
Name: 连云港新闻综合, URL: http://gslbmgsplive.miguvideo.com/wd_r2/jstv/lygxinwenzonghe/600/index.m3u8?msisdn=2025102308014346764a53b41f40e58f68d1df3227c8be&mdspid=&spid=699067&netType=0&sid=5500469369&pid=2028597139&timestamp=20251023080143&Channel_ID=0116_2600000900-99000-201600010010027&ProgramID=639731715&ParentNodeID=-99&assertID=5500469369&client_ip=106.13.250.83&SecurityKey=20251023080143&promotionId=&mvid=5102012621&mcid=500020&playurlVersion=WX-A1-8.9.2-RELEASE&userid=&jmhm=&videocodec=h264&bean=mgspad&tid=android&conFee=0&puData=7adf3d6cc0bed6d0855e6f39909c760d&ddCalcu=d70ae6d27f9c309d069c9c30fb6eed565d80, IPv_Type: ipv6, Location: 中国, ISP: 中国移动, Date: None, Delay: -1 ms, Speed: 0.00 M/s, Resolution: None
Name: 连云港新闻综合, URL: http://gslbmgsplive.miguvideo.com/wd_r2/jstv/lygxinwenzonghe/600/index.m3u8?msisdn=202510240800585b70464e74f54a9fbef4b5d83d2330c2&mdspid=&spid=699067&netType=0&sid=5500469369&pid=2028597139&timestamp=20251024080058&Channel_ID=0116_2600000900-99000-201600010010027&ProgramID=639731715&ParentNodeID=-99&assertID=5500469369&client_ip=106.13.250.88&SecurityKey=20251024080058&promotionId=&mvid=5102012621&mcid=500020&playurlVersion=WX-A1-8.9.2-RELEASE&userid=&jmhm=&videocodec=h264&bean=mgspad&tid=android&conFee=0&puData=6a419a1b77265f44b434d3cc2b7ad8d0&ddCalcu=06dae842d19a907ab12bc7c732d6453f44b4, IPv_Type: ipv6, Location: 中国, ISP: 中国移动, Date: None, Delay: -1 ms, Speed: 0.00 M/s, Resolution: None
Name: 镇江二套社会民生, URL: http://zjtv-wshls.homecdn.com/live/2aa16.m3u8, IPv_Type: ipv4, Location: 美国-伊利诺伊州-库克, ISP: 网宿CDN节点, Date: None, Delay: 3748 ms, Speed: 0.52 M/s, Resolution: 1920x1080
Name: 镇江新闻综合, URL: http://gslbmgsplive.miguvideo.com/migu/kailu/zjxwzh/50/20251127/index.m3u8?msisdn=20251206080345c6b198548f7a4137bc34f4fc1877f2c2&mdspid=&spid=699067&netType=0&sid=5500469365&pid=2028597139&timestamp=20251206080345&Channel_ID=0116_2600037000-99000-200300220100002&ProgramID=639731783&ParentNodeID=-99&assertID=5500469365&client_ip=218.28.233.106&SecurityKey=20251206080345&promotionId=&mvid=5102012619&mcid=500020&playurlVersion=WX-A1-8.11.2-RELEASE&userid=&jmhm=&videocodec=h264&appCode=miguvideo_android&bean=mgspad&tid=android&conFee=0&puData=5d35d17d8948be41fe9df1c12a69cc94&ddCalcu=459dvc3ac5x9da61a72d18c914f8db9ee4f1&sv=10004&ct=android, IPv_Type: ipv6, Location: 中国, ISP: 中国移动, Date: None, Delay: -1 ms, Speed: 0.00 M/s, Resolution: None
Name: 镇江新闻综合, URL: http://gslbmgsplive.miguvideo.com/migu/kailu/zjxwzh/50/20251127/index.m3u8?msisdn=202512070804180dc971d1028249d9ba74a7370ff6b1c3&mdspid=&spid=699067&netType=0&sid=5500469365&pid=2028597139&timestamp=20251207080418&Channel_ID=0116_2600037000-99000-200300220100002&ProgramID=639731783&ParentNodeID=-99&assertID=5500469365&client_ip=218.28.233.106&SecurityKey=20251207080418&promotionId=&mvid=5102012619&mcid=500020&playurlVersion=WX-A1-8.11.2-RELEASE&userid=&jmhm=&videocodec=h264&appCode=miguvideo_android&bean=mgspad&tid=android&conFee=0&puData=7b7c75694c990bae0016294382e20c45&ddCalcu=574bvc7a0cx27ae52689344c9929601b0a0e&sv=10004&ct=android, IPv_Type: ipv6, Location: 中国, ISP: 中国移动, Date: None, Delay: -1 ms, Speed: 0.00 M/s, Resolution: None
Name: 镇江新闻综合, URL: http://gslbmgsplive.miguvideo.com/migu/kailu/zjxwzh/50/20251127/index.m3u8?msisdn=20251208080341313571580fa8460da91165977ac1e06f&mdspid=&spid=699067&netType=0&sid=5500469365&pid=2028597139&timestamp=20251208080341&Channel_ID=0116_2600037000-99000-200300220100002&ProgramID=639731783&ParentNodeID=-99&assertID=5500469365&client_ip=218.28.233.106&SecurityKey=20251208080341&promotionId=&mvid=5102012619&mcid=500020&playurlVersion=WX-A1-8.11.2-RELEASE&userid=&jmhm=&videocodec=h264&appCode=miguvideo_android&bean=mgspad&tid=android&conFee=0&puData=2c7a0ae2fd26eca75203005af08c49b5&ddCalcu=52bcv97a4axc0a8a0ef2af5d02063e0c2a57&sv=10004&ct=android, IPv_Type: ipv6, Location: 中国, ISP: 中国移动, Date: None, Delay: -1 ms, Speed: 0.00 M/s, Resolution: None
Name: 镇江新闻综合, URL: http://gslbmgsplive.miguvideo.com/migu/kailu/zjxwzh/50/20251127/index.m3u8?msisdn=202512090804173580256011aa4d078a2137bc1a9d5136&mdspid=&spid=699067&netType=0&sid=5500469365&pid=2028597139&timestamp=20251209080417&Channel_ID=0116_2600037000-99000-200300220100002&ProgramID=639731783&ParentNodeID=-99&assertID=5500469365&client_ip=218.28.233.106&SecurityKey=20251209080417&promotionId=&mvid=5102012619&mcid=500020&playurlVersion=WX-A1-8.11.2-RELEASE&userid=&jmhm=&videocodec=h264&appCode=miguvideo_android&bean=mgspad&tid=android&conFee=0&puData=f6e47246808c5e75188d4c264e6ec6a4&ddCalcu=4fa6v6eac4xe7a62e4466820c84cd58e8715&sv=10004&ct=android, IPv_Type: ipv6, Location: 中国, ISP: 中国移动, Date: None, Delay: -1 ms, Speed: 0.00 M/s, Resolution: None
Name: 镇江新闻综合, URL: http://gslbmgsplive.miguvideo.com/migu/kailu/zjxwzh/50/20251127/index.m3u8?msisdn=20251210080338fedb59e067a84538b38a89a13b30f943&mdspid=&spid=699067&netType=0&sid=5500469365&pid=2028597139&timestamp=20251210080338&Channel_ID=0116_2600037000-99000-200300220100002&ProgramID=639731783&ParentNodeID=-99&assertID=5500469365&client_ip=218.28.233.106&SecurityKey=20251210080338&promotionId=&mvid=5102012619&mcid=500020&playurlVersion=WX-A1-8.11.2-RELEASE&userid=&jmhm=&videocodec=h264&appCode=miguvideo_android&bean=mgspad&tid=android&conFee=0&puData=c898ea8575b0bdd86e9726753a6ba64c&ddCalcu=cc48v69aa8xbea6aa83557756b207b9ded68&sv=10004&ct=android, IPv_Type: ipv6, Location: 中国, ISP: 中国移动, Date: None, Delay: -1 ms, Speed: 0.00 M/s, Resolution: None
Name: 镇江新闻综合, URL: http://cm-wshls.homecdn.com/live/2aa50.m3u8, IPv_Type: ipv4, Location: 美国-伊利诺伊州-库克, ISP: 网宿CDN节点, Date: None, Delay: 1754 ms, Speed: 1.04 M/s, Resolution: 1920x1080
Name: 靖江新闻综合, URL: http://ls.qingting.fm/live/23797.m3u8, IPv_Type: ipv6, Location: 中国-广东-东莞, ISP: 电信, Date: None, Delay: 0.1 ms, Speed: inf M/s, Resolution: 1920x1080
Name: 辽宁经济, URL: http://ls.qingting.fm/live/23797.m3u8, IPv_Type: ipv6, Location: 中国-广东-东莞, ISP: 电信, Date: None, Delay: 0.1 ms, Speed: inf M/s, Resolution: 1920x1080
Name: 辽宁都市, URL: https://ls.qingting.fm/live/1099/64k.m3u8, IPv_Type: ipv6, Location: 中国-广东-东莞, ISP: 电信, Date: None, Delay: 0.1 ms, Speed: inf M/s, Resolution: 1920x1080
Name: 湖南都市, URL: http://php.jdshipin.com:8880/iptv.php, IPv_Type: ipv6, Location: 美国, ISP: CloudFlare Inc., Date: None, Delay: 0.1 ms, Speed: inf M/s, Resolution: 1920x1080
Name: 湖南都市, URL: http://php.jdshipin.com:8880/iptv.php?id=hnds, IPv_Type: ipv6, Location: 美国, ISP: CloudFlare Inc., Date: None, Delay: 0.1 ms, Speed: inf M/s, Resolution: 1920x1080
Name: 湖南经视, URL: http://php.jdshipin.com:8880/iptv.php, IPv_Type: ipv6, Location: 美国, ISP: CloudFlare Inc., Date: None, Delay: 0.1 ms, Speed: inf M/s, Resolution: 1920x1080
Name: 湖南电视剧, URL: http://php.jdshipin.com:8880/iptv.php, IPv_Type: ipv6, Location: 美国, ISP: CloudFlare Inc., Date: None, Delay: 0.1 ms, Speed: inf M/s, Resolution: 1920x1080
Name: 湖南电影, URL: http://php.jdshipin.com:8880/iptv.php, IPv_Type: ipv6, Location: 美国, ISP: CloudFlare Inc., Date: None, Delay: 0.1 ms, Speed: inf M/s, Resolution: 1920x1080
Name: 湖南爱晚, URL: http://php.jdshipin.com:8880/iptv.php, IPv_Type: ipv6, Location: 美国, ISP: CloudFlare Inc., Date: None, Delay: 0.1 ms, Speed: inf M/s, Resolution: 1920x1080
Name: 湖南教育, URL: http://php.jdshipin.com:8880/iptv.php, IPv_Type: ipv6, Location: 美国, ISP: CloudFlare Inc., Date: None, Delay: 0.1 ms, Speed: inf M/s, Resolution: 1920x1080
Name: 湖南娱乐, URL: http://php.jdshipin.com:8880/iptv.php, IPv_Type: ipv6, Location: 美国, ISP: CloudFlare Inc., Date: None, Delay: 0.1 ms, Speed: inf M/s, Resolution: 1920x1080
Name: 湖南国际, URL: http://php.jdshipin.com:8880/iptv.php, IPv_Type: ipv6, Location: 美国, ISP: CloudFlare Inc., Date: None, Delay: 0.1 ms, Speed: inf M/s, Resolution: 1920x1080
Name: 金鹰纪实, URL: http://iptv.huuc.edu.cn/hls/gedocu.m3u8, IPv_Type: ipv6, Location: 中国, ISP: 教育网, Date: None, Delay: 0.1 ms, Speed: inf M/s, Resolution: 1920x1080
Name: 金鹰纪实, URL: http://[2409:8087:8:21::18]:6610/otttv.bj.chinamobile.com/PLTV/88888888/224/3221226572/1.m3u8, IPv_Type: ipv6, Location: 中国, ISP: 中国移动, Date: None, Delay: 0.1 ms, Speed: inf M/s, Resolution: 1920x1080
Name: 金鹰纪实, URL: http://iptv.cdn.ha.chinamobile.com/PLTV/88888888/224/3221226668/index.m3u8, IPv_Type: ipv6, Location: 中国, ISP: 中国移动, Date: None, Delay: 0.1 ms, Speed: inf M/s, Resolution: 1920x1080
Name: 金鹰纪实, URL: http://[2409:8087:3c02:0021:0000:0001:0000:100a]:6410/shandong_cabletv.live.zte.com////CHANNEL00000334/index.m3u8?IASHttpSessionId=, IPv_Type: ipv6, Location: 中国, ISP: 中国移动, Date: None, Delay: 0.1 ms, Speed: inf M/s, Resolution: 1920x1080
Name: 金鹰纪实, URL: http://[2409:8087:3869:8021:1001::e5]:6610/PLTV/88888910/224/3221225595/index.m3u8?fmt=ts2hls, IPv_Type: ipv6, Location: 中国, ISP: 中国移动, Date: None, Delay: -1 ms, Speed: 0.00 M/s, Resolution: None
Name: 金鹰纪实, URL: http://rrs01.hw.gmcc.net:8088/PLTV/81/224/3221226667/1.m3u8, IPv_Type: ipv6, Location: 中国, ISP: 中国移动, Date: None, Delay: -1 ms, Speed: 0.00 M/s, Resolution: None
Name: 湖南金鹰纪实, URL: http://yc.myds.me:35455/itv/5000000011000031203.m3u8?cdn=bestzb, IPv_Type: ipv6, Location: 中国, ISP: 中国电信, Date: None, Delay: 0.1 ms, Speed: inf M/s, Resolution: 1920x1080
Name: 湖南金鹰纪实, URL: http://nas.suntao.online:35455/itv/5000000011000031203.m3u8?cdn=bestzb, IPv_Type: ipv6, Location: 中国, ISP: 中国联通, Date: None, Delay: 0.1 ms, Speed: inf M/s, Resolution: 1920x1080
Name: 长沙新闻综合, URL: http://ls.qingting.fm/live/4877.m3u8, IPv_Type: ipv6, Location: 中国-广东-东莞, ISP: 电信, Date: None, Delay: 0.1 ms, Speed: inf M/s, Resolution: 1920x1080
Name: 衡阳新闻综合, URL: https://liveplay-srs.voc.com.cn/hls/tv/183_554704.m3u8, IPv_Type: ipv4, Location: 中国-湖南, ISP: 移动, Date: None, Delay: 6143 ms, Speed: 0.01 M/s, Resolution: 800x480
Name: 湖北综合, URL: http://[2409:8087:4c0a:22:1::11]:6410/170000001115/UmaiCHAN638072216f7da/index.m3u8?AuthInfo=9kOOdBn7MFF%2F2bWjKgahUUAdKgLqNB5aOAUhcp5CeNLx3R3LdIBdA5q61lut1LwZcw4SC2tJubc%2Bq5t%2F61jvWCtjrJL0x%2BHncPgdmcbBW9I, IPv_Type: ipv6, Location: 中国, ISP: 中国移动, Date: None, Delay: 0.1 ms, Speed: inf M/s, Resolution: 1920x1080
Name: 湖北经视, URL: http://[2409:8087:4c0a:22:1::11]:6410/170000001115/UmaiCHAN63807203543e3/index.m3u8?AuthInfo=9kOOdBn7MFF%2F2bWjKgahUUAdKgLqNB5aOAUhcp5CeNLVCQ3pDe4nBySab%2B3xPL123aTSCRugzF2ABe36IIJw2evZbYdWUo0ffUw53bflDgU, IPv_Type: ipv6, Location: 中国, ISP: 中国移动, Date: None, Delay: 0.1 ms, Speed: inf M/s, Resolution: 1920x1080
Name: 湖北生活, URL: http://[2409:8087:4c0a:22:1::11]:6410/170000001115/UmaiCHAN638072c62e405/index.m3u8?AuthInfo=9kOOdBn7MFF%2F2bWjKgahUUAdKgLqNB5aOAUhcp5CeNKJPodw5BcDirSOw7egztI5bUvJjqPzSNAhrA37GrbRBIAjGQpzP0QmgsmuHnQyd2c, IPv_Type: ipv6, Location: 中国, ISP: 中国移动, Date: None, Delay: 0.1 ms, Speed: inf M/s, Resolution: 1920x1080
Name: 湖北教育, URL: http://[2409:8087:4c0a:22:1::11]:6410/170000001115/UmaiCHAN638072a6cbbf6/index.m3u8?AuthInfo=9kOOdBn7MFF%2F2bWjKgahUUAdKgLqNB5aOAUhcp5CeNKTFQuOKNd5i0HMa3ydMWIQ6kJ2fBJGJ77BLTXK72CqUYQsX3ZguYt0954s9hfZTfc, IPv_Type: ipv6, Location: 中国, ISP: 中国移动, Date: None, Delay: 0.1 ms, Speed: inf M/s, Resolution: 1920x1080
Name: 湖北影视, URL: http://[2409:8087:4c0a:22:1::11]:6410/170000001115/UmaiCHAN6380728abccd2/index.m3u8?AuthInfo=9kOOdBn7MFF%2F2bWjKgahUUAdKgLqNB5aOAUhcp5CeNKU1xiiKGJYFBZK9RpEkaggogtHJZW6nJQqLppbEYE%2BqJ9kJW%2FMvKldfS2dCii9VSI, IPv_Type: ipv6, Location: 中国, ISP: 中国移动, Date: None, Delay: 0.1 ms, Speed: inf M/s, Resolution: 1920x1080
Name: 湖北公共, URL: http://[2409:8087:4c0a:22:1::11]:6410/170000001115/UmaiCHAN6380726d0ee3b/index.m3u8?AuthInfo=9kOOdBn7MFF%2F2bWjKgahUUAdKgLqNB5aOAUhcp5CeNKgjpyhD%2FJd6SZjkcHAKXbsjwotAY57dianC4%2ByY7artm7J7F4GFO6G99D0bYMJRxI, IPv_Type: ipv6, Location: 中国, ISP: 中国移动, Date: None, Delay: 0.1 ms, Speed: inf M/s, Resolution: 1920x1080
Name: 湖北垄上, URL: http://[2409:8087:4c0a:22:1::11]:6410/170000001115/UmaiCHAN638072463c333/index.m3u8?AuthInfo=9kOOdBn7MFF%2F2bWjKgahUUAdKgLqNB5aOAUhcp5CeNL%2Be1h4FfA5QqwJ7IPOz3p2qIS7djSxm17Htd%2FckZkm%2FVqsKHEJFJt26ju9iibzMEo, IPv_Type: ipv6, Location: 中国, ISP: 中国移动, Date: None, Delay: 0.1 ms, Speed: inf M/s, Resolution: 1920x1080
Name: 武汉一台新闻综合, URL: https://ls.qingting.fm/live/20198/64k.m3u8, IPv_Type: ipv6, Location: 中国-广东-东莞, ISP: 电信, Date: None, Delay: 0.1 ms, Speed: inf M/s, Resolution: 1920x1080
Name: 荆门新闻综合, URL: https://stream.jmtv.com.cn/xwzh/playlist.m3u8?_upt=3e28e7271664278691, IPv_Type: ipv6, Location: 中国, ISP: 中国电信, Date: None, Delay: 0.1 ms, Speed: inf M/s, Resolution: 1920x1080
Name: 荆门新闻综合, URL: http://stream.jmtv.com.cn/xwzh/sd/live.m3u8, IPv_Type: ipv6, Location: 中国, ISP: 中国电信, Date: None, Delay: 0.1 ms, Speed: inf M/s, Resolution: 1920x1080
Name: 北海经济科教, URL: https://play-a2.quklive.com:443/live/1727311690820146.m3u8, IPv_Type: ipv6, Location: 中国-广东-江门, ISP: 电信, Date: None, Delay: 0.1 ms, Speed: inf M/s, Resolution: 1920x1080
Name: 南宁公共, URL: http://688b7cbf9b7a8d911a085372b6c70ab5.livehwc3.cn/hls.nntv.cn/nnlive/XWZH_24.m3u8?sub_m3u8=true&edge_slice=true&user_session_id=d1391be1fc200f8e4700c5d82b44edae, IPv_Type: ipv6, Location: 中国, ISP: 中国电信, Date: None, Delay: 0.1 ms, Speed: inf M/s, Resolution: 1920x1080
Name: 南宁新闻综合, URL: http://688b7cbf9b7a8d911a085372b6c70ab5.livehwc3.cn/hls.nntv.cn/nnlive/XWZH_24.m3u8?sub_m3u8=true&edge_slice=true&user_session_id=d1391be1fc200f8e4700c5d82b44edae, IPv_Type: ipv6, Location: 中国, ISP: 中国电信, Date: None, Delay: 0.1 ms, Speed: inf M/s, Resolution: 1920x1080
Name: 南宁新闻综合, URL: rtmp://tv.qntv.net/channellive/ch1?zguizd, IPv_Type: ipv4, Location: 中国-贵州-黔南布依族苗族自治州, ISP: 联通, Date: None, Delay: -1 ms, Speed: inf M/s, Resolution: 1920x1080
Name: 南宁都市生活, URL: http://615bbf179ba53515dccad7b1da5d1ad9.livehwc3.cn/hls.nntv.cn/nnlive/WLSH_24.m3u8?sub_m3u8=true&edge_slice=true&user_session_id=2598844eaee8a4265e706fc14b3fc11d, IPv_Type: ipv6, Location: 中国, ISP: 中国电信, Date: None, Delay: 0.1 ms, Speed: inf M/s, Resolution: 1920x1080
Name: 宾阳综合, URL: http://pulls.myun.tv/live/0dkp33j5.m3u8, IPv_Type: ipv6, Location: 中国, ISP: 中国联通, Date: None, Delay: 0.1 ms, Speed: inf M/s, Resolution: 1920x1080
Name: 灌阳新闻综合, URL: https://ls.qingting.fm/live/5043/64k.m3u8, IPv_Type: ipv6, Location: 中国-广东-东莞, ISP: 电信, Date: None, Delay: 0.1 ms, Speed: inf M/s, Resolution: 1920x1080
Name: 灌阳新闻综合, URL: https://mobilelive.gxtv.cn/live/gx_live1007/playlist.m3u8, IPv_Type: ipv6, Location: 中国-广东-佛山, ISP: 电信, Date: None, Delay: 0.1 ms, Speed: inf M/s, Resolution: 1920x1080
Name: 广西新闻, URL: https://mobilelive.gxtv.cn/live/gx_live1007/playlist.m3u8, IPv_Type: ipv6, Location: 中国-广东-佛山, ISP: 电信, Date: None, Delay: 0.1 ms, Speed: inf M/s, Resolution: 1920x1080
Name: 广西新闻, URL: https://tv.gxtv.cn/channel/channelivePlay_9dfd8600075811e9ba67e41f13b60c62.html, IPv_Type: ipv6, Location: 加拿大, ISP: , Date: None, Delay: -1 ms, Speed: 0.00 M/s, Resolution: None
Name: 广西国际, URL: https://hlscdn.liangtv.cn/live/0234c48e0bc24fe1b41b9999a253e581/1075ee38e04f490690f6a36a16e09c79.m3u8, IPv_Type: ipv6, Location: 中国-江苏-扬州, ISP: 电信, Date: None, Delay: 0.1 ms, Speed: inf M/s, Resolution: 1920x1080
Name: 广西国际, URL: http://hlscdn.liangtv.cn/live/0234c48e0bc24fe1b41b9999a253e581/1075ee38e04f490690f6a36a16e09c79.m3u8?fbl=, IPv_Type: ipv6, Location: 中国-江苏-扬州, ISP: 电信, Date: None, Delay: 0.1 ms, Speed: inf M/s, Resolution: 1920x1080
Name: 广西国际, URL: https://tv.gxtv.cn/channel/channelivePlay_bfa17b64157f11e999f0e41f13b60c62.html, IPv_Type: ipv6, Location: 加拿大, ISP: , Date: None, Delay: -1 ms, Speed: 0.00 M/s, Resolution: None
Name: 南宁影视娱乐, URL: http://688b7cbf9b7a8d911a085372b6c70ab5.livehwc3.cn/hls.nntv.cn/nnlive/YSYL_244.m3u8?sub_m3u8=true&edge_slice=true&user_session_id=e7eb508555e76e08cc1b198d04f41fb5, IPv_Type: ipv6, Location: 中国, ISP: 中国电信, Date: None, Delay: 0.1 ms, Speed: inf M/s, Resolution: 1920x1080
Name: 津南一套, URL: http://play.jinnantv.top/live/JNTV1.m3u8?ztianjd, IPv_Type: ipv4, Location: 美国-伊利诺伊州-库克, ISP: 网宿CDN节点, Date: None, Delay: 19 ms, Speed: 18.09 M/s, Resolution: 720x576
Name: 武清综合, URL: https://tvpull.smartwq.cn/wqlive/convergencemedia/playlist.m3u8?ztianjd, IPv_Type: ipv4, Location: 美国-伊利诺伊州-库克, ISP: 网宿CDN节点, Date: None, Delay: 3683 ms, Speed: 0.49 M/s, Resolution: 720x576
Name: 天津卫视, URL: http://php.jdshipin.com/TVOD/hljyd.php?id=3221226459, IPv_Type: ipv6, Location: 美国, ISP: CloudFlare Inc., Date: None, Delay: 0.1 ms, Speed: inf M/s, Resolution: 1920x1080
Name: 天津卫视, URL: http://iptv.huuc.edu.cn/hls/tjhd.m3u8, IPv_Type: ipv6, Location: 中国, ISP: 教育网, Date: None, Delay: 0.1 ms, Speed: inf M/s, Resolution: 1920x1080
Name: 天津卫视, URL: http://[2409:8087:1a01:df::4030]:80/TVOD/88888888/224/3221225972/main.m3u8, IPv_Type: ipv6, Location: 中国, ISP: 中国移动, Date: None, Delay: 0.1 ms, Speed: inf M/s, Resolution: 1920x1080
Name: 天津卫视, URL: http://[2409:8087:1a0a:df::404b]/ottrrs.hl.chinamobile.com/TVOD/88888888/224/3221226459/index.m3u8, IPv_Type: ipv6, Location: 中国, ISP: 中国移动, Date: None, Delay: 0.1 ms, Speed: inf M/s, Resolution: 1920x1080
Name: 天津卫视, URL: http://[2409:8087:1a01:df::4077]/ottrrs.hl.chinamobile.com/PLTV/88888888/8/3221226459/index.m3u8, IPv_Type: ipv6, Location: 中国, ISP: 中国移动, Date: None, Delay: 0.1 ms, Speed: inf M/s, Resolution: 1920x1080
Name: 天津卫视, URL: http://[2409:8087:8:21::18]:6610/otttv.bj.chinamobile.com/PLTV/88888888/224/3221226246/1.m3u8, IPv_Type: ipv6, Location: 中国, ISP: 中国移动, Date: None, Delay: 0.1 ms, Speed: inf M/s, Resolution: 1920x1080
Name: 天津卫视, URL: http://[2409:8087:8:21::18]:6610/otttv.bj.chinamobile.com/PLTV/88888888/224/3221226489/1.m3u8, IPv_Type: ipv6, Location: 中国, ISP: 中国移动, Date: None, Delay: 0.1 ms, Speed: inf M/s, Resolution: 1920x1080
Name: 天津卫视, URL: http://[2409:8087:8:21::18]:6610/otttv.bj.chinamobile.com/PLTV/88888888/224/3221226502/1.m3u8, IPv_Type: ipv6, Location: 中国, ISP: 中国移动, Date: None, Delay: 0.1 ms, Speed: inf M/s, Resolution: 1920x1080
Name: 天津卫视, URL: http://[2409:8087:1a01:df::4077]:80/ottrrs.hl.chinamobile.com/yinhe/88888888/224/3221226459/index.m3u8, IPv_Type: ipv6, Location: 中国, ISP: 中国移动, Date: None, Delay: 0.1 ms, Speed: inf M/s, Resolution: 1920x1080
Name: 天津卫视, URL: http://[2409:8087:1e03:21::2]:6060/cms001/ch00000090990000001036/index.m3u8, IPv_Type: ipv6, Location: 中国, ISP: 中国移动, Date: None, Delay: 0.1 ms, Speed: inf M/s, Resolution: 1920x1080
Name: 天津卫视, URL: http://[2409:8087:2001:20:2800:0:df6e:eb11]:80/ott.mobaibox.com/PLTV/4/224/3221227488/index.m3u8, IPv_Type: ipv6, Location: 中国, ISP: 中国移动, Date: None, Delay: 0.1 ms, Speed: inf M/s, Resolution: 1920x1080
Name: 天津卫视, URL: http://[2409:8087:2001:20:2800:0:df6e:eb11]/wh7f454c46tw2730715388_788631706/ott.mobaibox.com/PLTV/3/224/3221227488/index.m3u8?icpid=3&RTS=1668597525&from=40&popid=40&hms_devid=2110&prioritypopid=40&vqe=3, IPv_Type: ipv6, Location: 中国, ISP: 中国移动, Date: None, Delay: 0.1 ms, Speed: inf M/s, Resolution: 1920x1080
Name: 天津卫视, URL: http://yc.myds.me:35455/itv/5000000004000006827.m3u8?cdn=bestzb, IPv_Type: ipv6, Location: 中国, ISP: 中国电信, Date: None, Delay: 0.1 ms, Speed: inf M/s, Resolution: 1920x1080
Name: 天津卫视, URL: http://yc.myds.me:35455/itv/6000000001000009186.m3u8?cdn=wasusyt, IPv_Type: ipv6, Location: 中国, ISP: 中国电信, Date: None, Delay: 0.1 ms, Speed: inf M/s, Resolution: 1920x1080
Name: 天津卫视, URL: http://nas.suntao.online:35455/itv/5000000004000006827.m3u8?cdn=bestzb, IPv_Type: ipv6, Location: 中国, ISP: 中国联通, Date: None, Delay: 0.1 ms, Speed: inf M/s, Resolution: 1920x1080
Name: 天津卫视, URL: http://iptv.cdn.ha.chinamobile.com/PLTV/88888888/224/3221227209/index.m3u8, IPv_Type: ipv6, Location: 中国, ISP: 中国移动, Date: None, Delay: 0.1 ms, Speed: inf M/s, Resolution: 1920x1080
Name: 天津卫视, URL: http://dbiptv.sn.chinamobile.com/PLTV/88888888/224/3221226204/1.m3u8, IPv_Type: ipv6, Location: 中国, ISP: 中国移动, Date: None, Delay: 0.1 ms, Speed: inf M/s, Resolution: 1920x1080
Name: 天津卫视, URL: http://cdn.jdshipin.com:8880/ysp.php?id=tjws, IPv_Type: ipv6, Location: 美国, ISP: CloudFlare Inc., Date: None, Delay: 0.1 ms, Speed: inf M/s, Resolution: 1920x1080
Name: 天津卫视, URL: http://hwrr.jx.chinamobile.com:8080/PLTV/88888888/224/3221225485/index.m3u8?fmt=ts2hls, IPv_Type: ipv6, Location: 中国, ISP: 中国移动, Date: None, Delay: 0.1 ms, Speed: inf M/s, Resolution: 1920x1080
Name: 天津卫视, URL: http://[2409:8087:3428:20:500::100f]:6610/PLTV/88888888/224/3221225830/index.m3u8?servicetype=1&IASHttpSessionId=RR423820220409134714119178, IPv_Type: ipv6, Location: 中国, ISP: 中国移动, Date: None, Delay: 0.1 ms, Speed: inf M/s, Resolution: 1920x1080
Name: 天津卫视, URL: http://[2409:8087:3428:20:500::1009]:6610/PLTV/88888888/224/3221225830/index.m3u8?servicetype=1&IASHttpSessionId=RR423820220409134714119178, IPv_Type: ipv6, Location: 中国, ISP: 中国移动, Date: None, Delay: 0.1 ms, Speed: inf M/s, Resolution: 1920x1080
Name: 天津卫视, URL: http://[2409:8087:2001:20:2800:0:df6e:eb06]:80/wh7f454c46tw195619489_1991259086/ott.mobaibox.com/PLTV/3/224/3221227212/index.m3u8?icpid=3&RTS=1674380311&from=40&popid=40&hms_devid=2036&prioritypopid=40&vqe=3, IPv_Type: ipv6, Location: 中国, ISP: 中国移动, Date: None, Delay: 0.1 ms, Speed: inf M/s, Resolution: 1920x1080
Name: 天津卫视, URL: http://[2409:8087:2001:20:2800:0:df6e:eb0c]:80/wh7f454c46tw1929912988_-881662239/ott.mobaibox.com/PLTV/3/224/3221227756/index.m3u8?icpid=3&RTS=1674386340&from=40&popid=40&hms_devid=2040&prioritypopid=40&vqe=3, IPv_Type: ipv6, Location: 中国, ISP: 中国移动, Date: None, Delay: 0.1 ms, Speed: inf M/s, Resolution: 1920x1080
Name: 天津卫视, URL: http://[2409:8087:2001:20:2800:0:df6e:eb0b]:80/wh7f454c46tw196224632_-1061507187/ott.mobaibox.com/PLTV/3/224/3221228239/index.m3u8?icpid=3&RTS=1674380311&from=40&popid=40&hms_devid=2038&prioritypopid=40&vqe=3, IPv_Type: ipv6, Location: 中国, ISP: 中国移动, Date: None, Delay: 0.1 ms, Speed: inf M/s, Resolution: 1920x1080
Name: 天津卫视, URL: http://[2409:8087:1e03:21::42]:6610/cms001/ch00000090990000001036/index.m3u8, IPv_Type: ipv6, Location: 中国, ISP: 中国移动, Date: None, Delay: 0.1 ms, Speed: inf M/s, Resolution: 1920x1080
Name: 天津卫视, URL: http://[2409:8087:2001:20:2800:0:df6e:eb26]:80/wh7f454c46tw2314153559_1325890662/ott.mobaibox.com/PLTV/3/224/3221228416/index.m3u8?icpid=3&RTS=1674468328&from=40&popid=40&hms_devid=2293&prioritypopid=40&vqe=3, IPv_Type: ipv6, Location: 中国, ISP: 中国移动, Date: None, Delay: 0.1 ms, Speed: inf M/s, Resolution: 1920x1080
Name: 天津卫视, URL: http://[2409:8087:4c0a:22:1::11]:6410/170000001115/UmaiCHAN3450000BESTVSMGSMG/index.m3u8?m3u8_level=2, IPv_Type: ipv6, Location: 中国, ISP: 中国移动, Date: None, Delay: 0.1 ms, Speed: inf M/s, Resolution: 1920x1080
Name: 天津卫视, URL: http://[2409:8087:5e01:34::38]:6610/ZTE_CMS/00000001000000060000000000000249/index.m3u8, IPv_Type: ipv6, Location: 中国, ISP: 中国移动, Date: None, Delay: 0.1 ms, Speed: inf M/s, Resolution: 1920x1080
Name: 天津卫视, URL: http://[2409:8087:5e00:24::1e]:6060/200000001898/460000089800010069/1.m3u8, IPv_Type: ipv6, Location: 中国, ISP: 中国移动, Date: None, Delay: 0.1 ms, Speed: inf M/s, Resolution: 1920x1080
Name: 天津卫视, URL: http://[2409:8087:5e01:34::38]:6610/ZTE_CMS/00000001000000060000000000000249/index.m3u8?, IPv_Type: ipv6, Location: 中国, ISP: 中国移动, Date: None, Delay: 0.1 ms, Speed: inf M/s, Resolution: 1920x1080
Name: 天津卫视, URL: http://[2409:8087:5e01:34::21]:6610/ZTE_CMS/00000001000000060000000000000249/index.m3u8?IAS, IPv_Type: ipv6, Location: 中国, ISP: 中国移动, Date: None, Delay: 0.1 ms, Speed: inf M/s, Resolution: 1920x1080
Name: 天津卫视, URL: http://[2409:8087:5e01:34::22]:6610/ZTE_CMS/00000001000000060000000000000249/index.m3u8?IAS, IPv_Type: ipv6, Location: 中国, ISP: 中国移动, Date: None, Delay: 0.1 ms, Speed: inf M/s, Resolution: 1920x1080
Name: 天津卫视, URL: http://[2409:8087:5e01:34::20]:6610/ZTE_CMS/00000001000000060000000000000249/index.m3u8?IAS, IPv_Type: ipv6, Location: 中国, ISP: 中国移动, Date: None, Delay: 0.1 ms, Speed: inf M/s, Resolution: 1920x1080
Name: 天津卫视, URL: http://[2409:8087:4c0a:22:1::11]:6410/170000001115/UmaiCHAN3450000BESTVSMGSMG/index.m3u8?AuthInfo=9kOOdBn7MFF%2F2bWjKgahUZnlX6d6Ukio1jy49XlNnaUAmpLefguRLiOPXiDRWhxHtqJ1Caox489JiEKddi6MNiecVT4WDzN0xwhlk8OSvQg, IPv_Type: ipv6, Location: 中国, ISP: 中国移动, Date: None, Delay: 0.1 ms, Speed: inf M/s, Resolution: 1920x1080
Name: 天津卫视, URL: http://[2409:8087:5e01:34::23]:6610/ZTE_CMS/00000001000000060000000000000249/index.m3u8?IAS, IPv_Type: ipv6, Location: 中国, ISP: 中国移动, Date: None, Delay: 0.1 ms, Speed: inf M/s, Resolution: 1920x1080
Name: 天津卫视, URL: http://[2409:8087:1a01:df::4077]/ottrrs.hl.chinamobile.com/PLTV/88888888/224/3221226459/index.m3u8, IPv_Type: ipv6, Location: 中国, ISP: 中国移动, Date: None, Delay: 0.1 ms, Speed: inf M/s, Resolution: 1920x1080
Name: 天津卫视, URL: http://[2409:8087:1a01:df::4077]/ottrrs.hl.chinamobile.com/yinhe/88888888/224/3221226459/index.m3u8, IPv_Type: ipv6, Location: 中国, ISP: 中国移动, Date: None, Delay: 0.1 ms, Speed: inf M/s, Resolution: 1920x1080
Name: 天津卫视, URL: http://[2409:8087:1a01:df::4077]:80/ottrrs.hl.chinamobile.com/PLTV/88888888/8/3221226459/index.m3u8, IPv_Type: ipv6, Location: 中国, ISP: 中国移动, Date: None, Delay: 0.1 ms, Speed: inf M/s, Resolution: 1920x1080
Name: 天津卫视, URL: http://[2409:8087:1a01:df::4077]:80/ottrrs.hl.chinamobile.com/PLTV/88888888/224/3221226459/index.m3u8, IPv_Type: ipv6, Location: 中国, ISP: 中国移动, Date: None, Delay: 0.1 ms, Speed: inf M/s, Resolution: 1920x1080
Name: 天津卫视, URL: http://lu.wqwqwq.sbs/itv/1000000005000265026.m3u8?cdn=ystenlive, IPv_Type: ipv6, Location: 美国, ISP: CloudFlare Inc., Date: None, Delay: 0.1 ms, Speed: inf M/s, Resolution: 1920x1080
Name: 天津卫视, URL: http://dbiptv.sn.chinamobile.com/PLTV/88888890/224/3221226204/index.m3u8, IPv_Type: ipv6, Location: 中国, ISP: 中国移动, Date: None, Delay: 0.1 ms, Speed: inf M/s, Resolution: 1920x1080
Name: 天津卫视, URL: http://[2409:8087:3428:20:500::100f]:6610/PLTV/88888888/224/3221227205/index.m3u8?servicetype=1&IASHttpSessionId=RR423820220409134714119178, IPv_Type: ipv6, Location: 中国, ISP: 中国移动, Date: None, Delay: 0.1 ms, Speed: inf M/s, Resolution: 1920x1080
Name: 天津卫视, URL: http://[2409:8087:3428:20:500::1009]:6610/PLTV/88888888/224/3221227205/index.m3u8?servicetype=1&IASHttpSessionId=RR423820220409134714119178, IPv_Type: ipv6, Location: 中国, ISP: 中国移动, Date: None, Delay: 0.1 ms, Speed: inf M/s, Resolution: 1920x1080
Name: 天津卫视, URL: http://[2409:8087:2001:20:2800:0:df6e:eb07]:80/wh7f454c46tw1542691313_-1687194417/ott.mobaibox.com/PLTV/3/224/3221227633/index.m3u8?icpid=3&RTS=1674385953&from=40&popid=40&hms_devid=2036&prioritypopid=40&vqe=3, IPv_Type: ipv6, Location: 中国, ISP: 中国移动, Date: None, Delay: 0.1 ms, Speed: inf M/s, Resolution: 1920x1080
Name: 天津卫视, URL: http://[2409:8087:2001:20:2800:0:df6e:eb0b]:80/wh7f454c46tw1929746065_-1403112337/ott.mobaibox.com/PLTV/3/224/3221227741/index.m3u8?icpid=3&RTS=1674386340&from=40&popid=40&hms_devid=2038&prioritypopid=40&vqe=3, IPv_Type: ipv6, Location: 中国, ISP: 中国移动, Date: None, Delay: 0.1 ms, Speed: inf M/s, Resolution: 1920x1080
Name: 天津卫视, URL: http://[2409:8087:2001:20:2800:0:df6e:eb11]:80/wh7f454c46tw196835302_-677158849/ott.mobaibox.com/PLTV/3/224/3221227488/index.m3u8?icpid=3&RTS=1674380312&from=40&popid=40&hms_devid=2110&prioritypopid=40&vqe=3, IPv_Type: ipv6, Location: 中国, ISP: 中国移动, Date: None, Delay: 0.1 ms, Speed: inf M/s, Resolution: 1920x1080
Name: 天津卫视, URL: http://[2409:8087:74f0:22::6]:6410/270000001128/9900000530/index.m3u8, IPv_Type: ipv6, Location: 中国, ISP: 中国移动, Date: None, Delay: 0.1 ms, Speed: inf M/s, Resolution: 1920x1080
Name: 天津卫视, URL: http://[2409:8087:1a01:df::7005]/ottrrs.hl.chinamobile.com/PLTV/88888888/224/3221226459/index.m3u8, IPv_Type: ipv6, Location: 中国, ISP: 中国移动, Date: None, Delay: 0.1 ms, Speed: inf M/s, Resolution: 1920x1080
Name: 天津卫视, URL: http://[2409:8087:1a01:df::7005]:80/ottrrs.hl.chinamobile.com/PLTV/88888888/224/3221226459/index.m3u8, IPv_Type: ipv6, Location: 中国, ISP: 中国移动, Date: None, Delay: 0.1 ms, Speed: inf M/s, Resolution: 1920x1080
Name: 天津卫视, URL: http://[2409:8087:3869:8021:1001::e5]:6610/PLTV/88888910/224/3221225698/index.m3u8, IPv_Type: ipv6, Location: 中国, ISP: 中国移动, Date: None, Delay: 0.1 ms, Speed: inf M/s, Resolution: 1920x1080
Name: 天津卫视, URL: http://[2409:8087:3869:8021:1001::e5]:6610/PLTV/88888888/224/3221225485/2/index.m3u8, IPv_Type: ipv6, Location: 中国, ISP: 中国移动, Date: None, Delay: -1 ms, Speed: 0.00 M/s, Resolution: None
Name: 天津卫视, URL: http://[2409:8087:3869:8021:1001::e5]:6610/PLTV/88888888/224/3221225698/2/index.m3u8, IPv_Type: ipv6, Location: 中国, ISP: 中国移动, Date: None, Delay: -1 ms, Speed: 0.00 M/s, Resolution: None
Name: 天津卫视, URL: http://[2409:8087:8:21::18]:6610/otttv.bj.chinamobile.com/PLTV/88888888/224/3221226954/1.m3u8?GuardEncType=2&accountinfo=%7E%7EV2.0%7Eaf3wyULP1h575eM_4ByMDg%7EtP4-l0lmSfjwLWEfK_el1vH_mv-s1zo4AQJwdedaVwG9xkuFTDg8J26cwOrNJzn20BErrHdLhuZ9EzLUCD3PMW-OMx4MGteHV2vLeW6BqoY%2CEND, IPv_Type: ipv6, Location: 中国, ISP: 中国移动, Date: None, Delay: -1 ms, Speed: 0.00 M/s, Resolution: None
Name: 天津卫视, URL: http://[2409:8087:3869:8021:1001::e5]:6610/PLTV/88888888/224/3221225739/2/index.m3u8, IPv_Type: ipv6, Location: 中国, ISP: 中国移动, Date: None, Delay: -1 ms, Speed: 0.00 M/s, Resolution: None
Name: 天津卫视, URL: http://rrs01.hw.gmcc.net:8088/PLTV/81/224/3221226686/1.m3u8, IPv_Type: ipv6, Location: 中国, ISP: 中国移动, Date: None, Delay: -1 ms, Speed: 0.00 M/s, Resolution: None
Name: 天津卫视, URL: http://live.wqwqwq.sbs/itv/5000000004000006827.m3u8?cdn=bestzb, IPv_Type: ipv6, Location: 美国, ISP: CloudFlare Inc., Date: None, Delay: -1 ms, Speed: 0.00 M/s, Resolution: None
Name: 井研综合, URL: http://tvfile.jyrmt.cn/nmip-media/channellive/channel104452/playlist.m3u8, IPv_Type: ipv4, Location: 中国-四川, ISP: 广电网, Date: None, Delay: 1736 ms, Speed: 0.15 M/s, Resolution: 1920x1080
Name: 什邡新闻, URL: http://live.sfrmt.com:85/live/zhpd.m3u8, IPv_Type: ipv4, Location: 中国-四川, ISP: 移动, Date: None, Delay: 379 ms, Speed: 0.00 M/s, Resolution: 1920x1080
Name: 仁寿综合, URL: https://play.scrstv.com.cn/DT/live.m3u8?auth_key=60001724663204-0-0-c1cc4ded9841ac34f63cdbd3aec647ef, IPv_Type: ipv4, Location: 中国-上海-上海, ISP: 电信, Date: None, Delay: 970 ms, Speed: 0.05 M/s, Resolution: None
Name: 凉山新闻综合, URL: rtmp://tv.drs.i0834.cn/channellive/ch1?zsicd, IPv_Type: ipv4, Location: 中国-四川-凉山彝族自治州, ISP: 电信, Date: None, Delay: -1 ms, Speed: inf M/s, Resolution: 720x404
Name: 凉山新闻综合, URL: rtmp://tv.drs.yizu.tv/channellive/ch1?zsicd, IPv_Type: ipv4, Location: 中国-四川-凉山彝族自治州, ISP: 电信, Date: None, Delay: -1 ms, Speed: inf M/s, Resolution: 720x404
Name: 凉山语, URL: rtmp://tv.drs.i0834.cn/channellive/ch2?zsicd, IPv_Type: ipv4, Location: 中国-四川-凉山彝族自治州, ISP: 电信, Date: None, Delay: -1 ms, Speed: inf M/s, Resolution: 720x404
Name: 凉山语, URL: rtmp://tv.drs.yizu.tv/channellive/ch2?zsicd, IPv_Type: ipv4, Location: 中国-四川-凉山彝族自治州, ISP: 电信, Date: None, Delay: -1 ms, Speed: inf M/s, Resolution: 720x404
Name: 叙永综合, URL: rtmp://luzhi.xuyongrongmei.com:1935/live/xyxw?zsicd, IPv_Type: ipv6, Location: 中国, ISP: 中国电信, Date: None, Delay: 0.1 ms, Speed: inf M/s, Resolution: 1920x1080
Name: 叙永综合, URL: http://luzhi.xuyongrongmei.com:1935/live/_definst_/xyxw/playlist.m3u8, IPv_Type: ipv6, Location: 中国, ISP: 中国电信, Date: None, Delay: 0.1 ms, Speed: inf M/s, Resolution: 1920x1080
Name: 叙永综合, URL: http://luzhi.xuyongrongmei.com:1935/live/_definst_/xyxw/playlist.m3u8?zsicd, IPv_Type: ipv6, Location: 中国, ISP: 中国电信, Date: None, Delay: 0.1 ms, Speed: inf M/s, Resolution: 1920x1080
Name: 名山综合, URL: rtmp://tv.yunxya.com:1937/channellive/mingshan, IPv_Type: ipv4, Location: 中国-四川-雅安, ISP: 电信, Date: None, Delay: -1 ms, Speed: inf M/s, Resolution: 1920x1080
Name: 夹江新闻综合, URL: https://m3u8.channel.dzsm.com/nmip-media/channellive/channel101257/playlist.m3u8, IPv_Type: ipv4, Location: 中国-四川, ISP: 移动, Date: None, Delay: 4769 ms, Speed: 0.47 M/s, Resolution: 1280x720
Name: 夹江新闻综合, URL: rtmp://tv.jjrm.org.cn/channellive/ch1?zsicd, IPv_Type: ipv4, Location: 中国-四川, ISP: 广电网, Date: None, Delay: 5256 ms, Speed: 0.00 M/s, Resolution: None
Name: 宝兴综合, URL: rtmp://tv.yunxya.com:1937/channellive/baoxing, IPv_Type: ipv4, Location: 中国-四川-雅安, ISP: 电信, Date: None, Delay: -1 ms, Speed: inf M/s, Resolution: 1920x1080
Name: 小金综合, URL: rtmp://xjlive.xjxrmt.cn/live/xwpd, IPv_Type: ipv4, Location: 中国-四川-成都, ISP: 电信, Date: None, Delay: -1 ms, Speed: inf M/s, Resolution: 1920x1080
Name: 广安公共, URL: http://live1.gatv.com.cn:85/live/GGPD_ggpdzm.m3u8?zsicd, IPv_Type: ipv6, Location: 中国, ISP: 中国移动, Date: None, Delay: -1 ms, Speed: 0.00 M/s, Resolution: None
Name: 康巴卫视, URL: http://php.jdshipin.com/TVOD/hljyd.php?id=3221225660, IPv_Type: ipv6, Location: 美国, ISP: CloudFlare Inc., Date: None, Delay: 0.1 ms, Speed: inf M/s, Resolution: 1920x1080
Name: 康巴卫视, URL: http://[2409:8087:3428:20:500::100f]:6610/PLTV/88888888/224/3221225856/index.m3u8?servicetype=1&IASHttpSessionId=RR423820220409134714119178, IPv_Type: ipv6, Location: 中国, ISP: 中国移动, Date: None, Delay: 0.1 ms, Speed: inf M/s, Resolution: 1920x1080
Name: 康巴卫视, URL: http://[2409:8087:3428:20:500::1009]:6610/PLTV/88888888/224/3221225856/index.m3u8?servicetype=1&IASHttpSessionId=RR423820220409134714119178, IPv_Type: ipv6, Location: 中国, ISP: 中国移动, Date: None, Delay: 0.1 ms, Speed: inf M/s, Resolution: 1920x1080
Name: 康巴卫视, URL: http://[2409:8087:2001:20:2800:0:df6e:eb10]:80/wh7f454c46tw3423902933_-437655574/ott.mobaibox.com/PLTV/3/224/3221227645/index.m3u8, IPv_Type: ipv6, Location: 中国, ISP: 中国移动, Date: None, Delay: 0.1 ms, Speed: inf M/s, Resolution: 1920x1080
Name: 康巴卫视, URL: http://[2409:8087:1a0b:df::4005]:80/ottrrs.hl.chinamobile.com/PLTV/88888888/224/3221225660/index.m3u8, IPv_Type: ipv6, Location: 中国, ISP: 中国移动, Date: None, Delay: 0.1 ms, Speed: inf M/s, Resolution: 1920x1080
Name: 康巴卫视, URL: http://[2409:8087:8:21::18]:6610/otttv.bj.chinamobile.com/PLTV/88888888/224/3221227027/1.m3u8?GuardEncType=2&accountinfo=%7E%7EV2.0%7EkHMvBpWz4rccMxNvSRekpQ%7EtP4-l0lmSfjwLWEfK_el1vH_mv-s1zo4AQJwdedaVwG9xkuFTDg8J26cwOrNJzn20BErrHdLhuZ9EzLUCD3PMW-OMx4MGteHV2vLeW6BqoY%2CEND, IPv_Type: ipv6, Location: 中国, ISP: 中国移动, Date: None, Delay: -1 ms, Speed: 0.00 M/s, Resolution: None
Name: 旺苍新闻综合, URL: http://live.spccmc.com:90/live/spxwzh.m3u8?%E5%85%B3%E6%B3%A8%E5%BE%AE%E4%BF%A1%E5%85%AC%E4%BC%97%E5%8F%B7[%E6%99%B4%E5%9B%AD], IPv_Type: ipv6, Location: 中国, ISP: 中国电信, Date: None, Delay: 0.1 ms, Speed: inf M/s, Resolution: 1920x1080
Name: 旺苍新闻综合, URL: rtmp://tv.wcrmt.cn/channellive/ch1, IPv_Type: ipv4, Location: 中国-四川-广元, ISP: 广电网, Date: None, Delay: -1 ms, Speed: inf M/s, Resolution: 1920x1080
Name: 朝天综合, URL: https://m3u8.channel.dzsm.com/nmip-media/channellive/channel104601/playlist.m3u8, IPv_Type: ipv4, Location: 中国-四川, ISP: 移动, Date: None, Delay: 6548 ms, Speed: 0.08 M/s, Resolution: 960x528
Name: 松潘新闻综合, URL: http://live.spccmc.com:90/live/spxwzh.m3u8, IPv_Type: ipv6, Location: 中国, ISP: 中国电信, Date: None, Delay: 0.1 ms, Speed: inf M/s, Resolution: 1920x1080
Name: 松潘新闻综合, URL: http://live.spccmc.com:90/live/spxwzh.m3u8?zsicd, IPv_Type: ipv6, Location: 中国, ISP: 中国电信, Date: None, Delay: 0.1 ms, Speed: inf M/s, Resolution: 1920x1080
Name: 武胜综合, URL: http://live2.gatv.com.cn:86/live/WS.m3u8, IPv_Type: ipv4, Location: 中国-四川-广安, ISP: 电信, Date: None, Delay: 486 ms, Speed: 0.00 M/s, Resolution: None
Name: 武胜综合, URL: http://live2.gatv.com.cn:86/live/WS.m3u8?zsicd, IPv_Type: ipv4, Location: 中国-四川-广安, ISP: 电信, Date: None, Delay: 491 ms, Speed: 0.00 M/s, Resolution: None
Name: 汉源综合, URL: http://live.hyxrmt.com:85/live/xwpd.m3u8?zsicd, IPv_Type: ipv6, Location: 中国, ISP: 中国移动, Date: None, Delay: 0.1 ms, Speed: inf M/s, Resolution: 1920x1080
Name: 汶川新闻综合, URL: rtmp://live.iwcmt.cn:1936/live/zhxw, IPv_Type: ipv6, Location: 中国, ISP: 中国移动, Date: None, Delay: 0.1 ms, Speed: inf M/s, Resolution: 1920x1080
Name: 汶川新闻综合, URL: http://live.iwcmt.cn:90/live/zhxw.m3u8, IPv_Type: ipv6, Location: 中国, ISP: 中国移动, Date: None, Delay: 0.1 ms, Speed: inf M/s, Resolution: 1920x1080
Name: 汶川新闻综合, URL: http://live.iwcmt.cn:90/live/zhxw.m3u8?zsicd, IPv_Type: ipv6, Location: 中国, ISP: 中国移动, Date: None, Delay: 0.1 ms, Speed: inf M/s, Resolution: 1920x1080
Name: 汶川新闻综合, URL: http://file.ysxtv.cn/cms/videos/nmip-media/channellive/channel4/playlist.m3u8?zsicd#rtmp://tv.mcrm.org.cn:1935/channellive/tv01, IPv_Type: ipv6, Location: 中国, ISP: 中国电信, Date: None, Delay: -1 ms, Speed: 0.00 M/s, Resolution: None
Name: 沐川综合, URL: http://file.ysxtv.cn/cms/videos/nmip-media/channellive/channel4/playlist.m3u8?zsicd, IPv_Type: ipv6, Location: 中国, ISP: 中国电信, Date: None, Delay: 0.1 ms, Speed: inf M/s, Resolution: 1920x1080
Name: 沐川综合, URL: rtmp://tv.mcrm.org.cn:1935/channellive/tv01, IPv_Type: ipv4, Location: 中国-四川-乐山, ISP: 电信, Date: None, Delay: -1 ms, Speed: inf M/s, Resolution: 1920x1080
Name: 泸县新闻综合, URL: http://lxfile.lxxcb.cn/nmip-media/channellive/channel103799/playlist.m3u8, IPv_Type: ipv6, Location: 中国, ISP: 中国联通, Date: None, Delay: 0.1 ms, Speed: inf M/s, Resolution: 1920x1080
Name: 泸县新闻综合, URL: http://lxfile.lxxcb.cn/nmip-media/channellive/channel103799/playlist.m3u8?zsicd, IPv_Type: ipv6, Location: 中国, ISP: 中国联通, Date: None, Delay: 0.1 ms, Speed: inf M/s, Resolution: 1920x1080
Name: 泸县新闻综合, URL: http://lxfile.lxxcb.cn:80/nmip-media/channellive/channel103799/playlist.m3u8, IPv_Type: ipv6, Location: 中国, ISP: 中国联通, Date: None, Delay: 0.1 ms, Speed: inf M/s, Resolution: 1920x1080
Name: 泸县新闻综合, URL: https://m3u8channel.ganzitv.com/nmip-media/channellive/channel1/playlist.m3u8, IPv_Type: ipv6, Location: 中国, ISP: 中国电信, Date: None, Delay: 0.1 ms, Speed: inf M/s, Resolution: 1920x1080
Name: 甘孜综合, URL: https://m3u8channel.ganzitv.com/nmip-media/channellive/channel1/playlist.m3u8, IPv_Type: ipv6, Location: 中国, ISP: 中国电信, Date: None, Delay: 0.1 ms, Speed: inf M/s, Resolution: 1920x1080
Name: 石棉综合, URL: http://live.hyxrmt.com:85/live/xwpd.m3u8, IPv_Type: ipv6, Location: 中国, ISP: 中国移动, Date: None, Delay: 0.1 ms, Speed: inf M/s, Resolution: 1920x1080
Name: 石棉综合, URL: rtmp://tv.yunxya.com:1937/channellive/shimian, IPv_Type: ipv4, Location: 中国-四川-雅安, ISP: 电信, Date: None, Delay: -1 ms, Speed: inf M/s, Resolution: 1920x1080
Name: 筠连综合, URL: http://live.dameijunlian.cn/live1/live1.m3u8, IPv_Type: ipv6, Location: 中国, ISP: 中国电信, Date: None, Delay: 0.1 ms, Speed: inf M/s, Resolution: 1920x1080
Name: 筠连综合, URL: http://live.dameijunlian.cn:80/live1/live1.m3u8, IPv_Type: ipv6, Location: 中国, ISP: 中国电信, Date: None, Delay: 0.1 ms, Speed: inf M/s, Resolution: 1920x1080
Name: 荥经综合, URL: http://file.ysxtv.cn/cms/videos/nmip-media/channellive/channel4/playlist.m3u8, IPv_Type: ipv6, Location: 中国, ISP: 中国电信, Date: None, Delay: 0.1 ms, Speed: inf M/s, Resolution: 1920x1080
Name: 荥经综合, URL: https://file.ysxtv.cn/nmip-media/channellive/channel101492/playlist.m3u8, IPv_Type: ipv6, Location: 中国, ISP: 中国电信, Date: None, Delay: 0.1 ms, Speed: inf M/s, Resolution: 1920x1080
Name: 荥经综合, URL: rtmp://tv.yunxya.com:1937/channellive/yingjing, IPv_Type: ipv4, Location: 中国-四川-雅安, ISP: 电信, Date: None, Delay: -1 ms, Speed: inf M/s, Resolution: 1920x1080
Name: 营山电视台, URL: https://file.ysxtv.cn/nmip-media/channellive/channel101492/playlist.m3u8, IPv_Type: ipv6, Location: 中国, ISP: 中国电信, Date: None, Delay: 0.1 ms, Speed: inf M/s, Resolution: 1920x1080
Name: 营山电视台, URL: http://file.ysxtv.cn/cms/videos/nmip-media/channellive/channel4/playlist.m3u8?zsicd#http://file.ysxtv.cn/cms/videos/nmip-media/channellive/channel4/playlist.m3u8, IPv_Type: ipv6, Location: 中国, ISP: 中国电信, Date: None, Delay: 0.1 ms, Speed: inf M/s, Resolution: 1920x1080
Name: 金川新闻综合, URL: rtmp://live.jinchuanrmt.com/live/zhxw, IPv_Type: ipv4, Location: 中国-四川, ISP: 电信, Date: None, Delay: -1 ms, Speed: inf M/s, Resolution: 1920x1080
Name: 金川新闻综合, URL: rtmp://139.203.180.9/live/zhxw, IPv_Type: ipv4, Location: 中国-四川, ISP: 电信, Date: None, Delay: -1 ms, Speed: inf M/s, Resolution: 1920x1080
Name: 长宁综合, URL: rtmp://cnpull.sccnfb.com/live/123456, IPv_Type: ipv4, Location: 中国-河南-信阳, ISP: 电信, Date: None, Delay: -1 ms, Speed: inf M/s, Resolution: 1920x1080
Name: 马尔康综合, URL: rtmp://live.zmmek.com/live/zhxw, IPv_Type: ipv4, Location: 中国-四川-阿坝藏族羌族自治州, ISP: 联通, Date: None, Delay: 5283 ms, Speed: 0.00 M/s, Resolution: None
Name: 陕西新闻资讯, URL: http://[2409:8087:7000:20::4]:80/dbiptv.sn.chinamobile.com/PLTV/88888888/224/3221226357/index.m3u8, IPv_Type: ipv6, Location: 中国, ISP: 中国移动, Date: None, Delay: 0.1 ms, Speed: inf M/s, Resolution: 1920x1080
Name: 陕西新闻资讯, URL: https://mursor.ottiptv.cc/migu/956909289.m3u8?migutoken=dfbbd5fbf7a2c3655f0db8c92c10a4adac624256be78e5d9598a01b193bd20b32cd47215efafd4c3404224f75b14e721021f5ef65e34a395be200aab45c7ecda547cf2cd44023bfce1ced14a3e, IPv_Type: ipv6, Location: 美国-新泽西州-巴赛克, ISP: DigitalOcean, Date: None, Delay: -1 ms, Speed: 0.00 M/s, Resolution: None
Name: 陕西新闻资讯, URL: https://mgtv.ottiptv.cc/migu/956909289.m3u8?migutoken=f3e1b1193a295afe6ff6534135f5d46309e31e8840d10aabda11138684b6dbd033adc8afced57b20ec3e47ac1597abb6c7da19215deeba89a5b2fe7ec05de31827ff4345c08bf41e3b9d68ddbe, IPv_Type: ipv6, Location: 美国, ISP: Oracle Corporation, Date: None, Delay: -1 ms, Speed: 0.00 M/s, Resolution: None
Name: 陕西新闻资讯, URL: https://mgtv.ottiptv.cc/migu/956909289.m3u8?migutoken=d4f3f5a8bf93821548ae70c6bd12860956574c27b3b1ef52c88c8e3d72259b1727a6dbf5d6a5de850afac4c7ffe2f2124bb3b558a89906cd32ccc8913f0f22dd74b7a84514b6015bff75903d9c, IPv_Type: ipv6, Location: 美国, ISP: Oracle Corporation, Date: None, Delay: -1 ms, Speed: 0.00 M/s, Resolution: None
Name: 陕西新闻资讯, URL: https://mgtv.ottiptv.cc/mg/956909289.m3u8?sign=83790fc91c63d33e784e883ffa9823a1&tm=1757355490&token=4496cfd51b684fcf01ce85fa20794561e34b34c4a596613e3d33d69ebf3378d1d299dd2aa89a376dfc2d2102afca4af1f22591df0429a9da7e432fb7fffa97adea2f08f3d631bef3e2aa5168ba, IPv_Type: ipv6, Location: 美国, ISP: Oracle Corporation, Date: None, Delay: -1 ms, Speed: 0.00 M/s, Resolution: None
Name: 陕西新闻资讯, URL: https://mursor.ottiptv.cc/migu/609006446.m3u8?migutoken=42ba87f38d5576de5f23dc490b756c4fb21a2ac016d365e8f4db029442920a3e302517922b3ae6d83ca3767ee91101e32693c1a756c1f95fe97e3c9f12e03e0be34ddf079f4c69faf69aa701be, IPv_Type: ipv6, Location: 美国-新泽西州-巴赛克, ISP: DigitalOcean, Date: None, Delay: -1 ms, Speed: 0.00 M/s, Resolution: None
Name: 陕西新闻资讯, URL: https://mgtv.ottiptv.cc/mg/956909289.m3u8?sign=37af1178cc945c369cdc2af3d927c160&tm=1757436314&token=6e6d8f9c2759e82cb31e1805f955766ee6a0688413760ec6908a0f0ad521810a98bdbb3d849ed2d2a213f136916e2178a18f3983ba7f28f2673d0d6ec2c5320bd81b46da79183bc97069cac00c, IPv_Type: ipv6, Location: 美国-新泽西州-巴赛克, ISP: DigitalOcean, Date: None, Delay: -1 ms, Speed: 0.00 M/s, Resolution: None
Name: 陕西新闻资讯, URL: http://gslbmgsplive.miguvideo.com/migu/kailu/sxxwzx/51/20250804/index.m3u8?msisdn=20250919080136670d8cf97d464e1f874949e449ebd1ac&mdspid=&spid=600572&netType=0&sid=5910022187&pid=2028597139&timestamp=20250919080136&Channel_ID=0116_2600000900-99000-201600010010027&ProgramID=956909289&ParentNodeID=-99&assertID=5910022187&client_ip=106.13.250.88&SecurityKey=20250919080136&promotionId=&mvid=5900006710&mcid=500020&playurlVersion=WX-A1-8.9.1-RELEASE&userid=&jmhm=&videocodec=h264&bean=mgspad&tid=android&conFee=0&puData=01b1afdabd15fc39dd9264ccca9ac59f&ddCalcu=f091e5b1c16aa09fadcacbcd41652f9cd3d9, IPv_Type: ipv6, Location: 中国, ISP: 中国移动, Date: None, Delay: -1 ms, Speed: 0.00 M/s, Resolution: None
Name: 陕西新闻资讯, URL: http://gslbmgsplive.miguvideo.com/migu/kailu/sxxwzx/51/20250804/index.m3u8?msisdn=202510230801447f8d4c3a1a3c4ca1bd0de217472d80f2&mdspid=&spid=600572&netType=0&sid=5910022187&pid=2028597139&timestamp=20251023080144&Channel_ID=0116_2600000900-99000-201600010010027&ProgramID=956909289&ParentNodeID=-99&assertID=5910022187&client_ip=106.13.250.83&SecurityKey=20251023080144&promotionId=&mvid=5900006710&mcid=500020&playurlVersion=WX-A1-8.9.2-RELEASE&userid=&jmhm=&videocodec=h264&bean=mgspad&tid=android&conFee=0&puData=6ed563603d847927c8983a33d5b70e32&ddCalcu=263eeed2056760b356d0333da834879982c7, IPv_Type: ipv6, Location: 中国, ISP: 中国移动, Date: None, Delay: -1 ms, Speed: 0.00 M/s, Resolution: None
Name: 陕西新闻资讯, URL: http://gslbmgsplive.miguvideo.com/migu/kailu/sxxwzx/51/20250804/index.m3u8?msisdn=202510240800591ee112712ed2473aa0d84b8ea3046959&mdspid=&spid=600572&netType=0&sid=5910022187&pid=2028597139&timestamp=20251024080059&Channel_ID=0116_2600000900-99000-201600010010027&ProgramID=956909289&ParentNodeID=-99&assertID=5910022187&client_ip=106.13.250.88&SecurityKey=20251024080059&promotionId=&mvid=5900006710&mcid=500020&playurlVersion=WX-A1-8.9.2-RELEASE&userid=&jmhm=&videocodec=h264&bean=mgspad&tid=android&conFee=0&puData=5661fd15cfb5726d7c6a1eb652fdb094&ddCalcu=4596e062b16df0fd21556cbfeb15a762c67d, IPv_Type: ipv6, Location: 中国, ISP: 中国移动, Date: None, Delay: -1 ms, Speed: 0.00 M/s, Resolution: None
Name: 陕西都市青春, URL: http://[2409:8087:7001:20:3::6]:80/dbiptv.sn.chinamobile.com/PLTV/88888888/224/3221226358/index.m3u8, IPv_Type: ipv6, Location: 中国, ISP: 中国移动, Date: None, Delay: 0.1 ms, Speed: inf M/s, Resolution: 1920x1080
Name: 陕西都市青春, URL: https://mursor.ottiptv.cc/migu/956909358.m3u8?migutoken=c87dc81c3a4dfa5f0241fa92cbd0f962df97329d2447bcb3ff76c61e9bb4cb6baa92af67d4f1269e95c16358b6bb2468bd5220ac0872a32bf5025673f04e39d4c4a840f29104c5af836051f154, IPv_Type: ipv6, Location: 美国-新泽西州-巴赛克, ISP: DigitalOcean, Date: None, Delay: -1 ms, Speed: 0.00 M/s, Resolution: None
Name: 陕西都市青春, URL: https://mgtv.ottiptv.cc/migu/956909358.m3u8?migutoken=4cf3f867e79f9494e62cbc8b5d757a78e79ff66d191ea864509ff0dc13d88ddc03087fd1fd7ccec258f26a4ea16f3c30109c13bc364445a9d4bc1caf7778d04506b0d73ac361e7471ad0e947be, IPv_Type: ipv6, Location: 美国, ISP: Oracle Corporation, Date: None, Delay: -1 ms, Speed: 0.00 M/s, Resolution: None
Name: 陕西都市青春, URL: https://mgtv.ottiptv.cc/migu/956909358.m3u8?migutoken=c3931ea9d3d7ede24a9d13084dadcc55f7f21b114c6c584ca7defd6492ba46b7286dbd751d0f853f83e998e4b0349c62cf4bc570ac83667c4f6bd49a9411edc68e80c1d7f24da79a264d15912b, IPv_Type: ipv6, Location: 美国, ISP: Oracle Corporation, Date: None, Delay: -1 ms, Speed: 0.00 M/s, Resolution: None
Name: 陕西都市青春, URL: https://mgtv.ottiptv.cc/mg/956909358.m3u8?sign=b1b08619ce5d762269e2a3bb75fa9fd2&tm=1757355490&token=a5b9994bf4c6fb0186346b9b268794abcc1e9a4c8a45af928d44e59ce86daf6bafac03d473c84c6ad892d4feb04e75022ebd91482ea632d9dcc711f562b081876b7f52730f2a9384e6deadf45c, IPv_Type: ipv6, Location: 美国, ISP: Oracle Corporation, Date: None, Delay: -1 ms, Speed: 0.00 M/s, Resolution: None
Name: 陕西都市青春, URL: https://mgtv.ottiptv.cc/mg/956909358.m3u8?sign=804be779ad67ef1917e2367b599dea96&tm=1757436314&token=fc0108cce100d53378dc5d88969827d8b33cc33fc08c33b250950efba462b856d3b8f86bfb1bd96edf6035f86d37593eb588a2878992ea1295cdc369bd57c64197e7e86b7b024fc1054849a28b, IPv_Type: ipv6, Location: 美国-新泽西州-巴赛克, ISP: DigitalOcean, Date: None, Delay: -1 ms, Speed: 0.00 M/s, Resolution: None
Name: 陕西都市青春, URL: http://gslbmgsplive.miguvideo.com/migu/kailu/sxdsqc/51/20250804/index.m3u8?msisdn=20250919080136b45ee433a7cf4d688994f00b794d176d&mdspid=&spid=600572&netType=0&sid=5910022190&pid=2028597139&timestamp=20250919080136&Channel_ID=0116_2600000900-99000-201600010010027&ProgramID=956909358&ParentNodeID=-99&assertID=5910022190&client_ip=106.13.250.88&SecurityKey=20250919080136&promotionId=&mvid=5900006713&mcid=500020&playurlVersion=WX-A1-8.9.1-RELEASE&userid=&jmhm=&videocodec=h264&bean=mgspad&tid=android&conFee=0&puData=9db1317be8c80566b10f130aebe87c29&ddCalcu=992decb1716830e1b7ebae083c18f00516b6, IPv_Type: ipv6, Location: 中国, ISP: 中国移动, Date: None, Delay: -1 ms, Speed: 0.00 M/s, Resolution: None
Name: 陕西都市青春, URL: http://gslbmgsplive.miguvideo.com/migu/kailu/sxdsqc/51/20250804/index.m3u8?msisdn=202510230801444202628b64cc49f4bfb9f6b1dfb1f491&mdspid=&spid=600572&netType=0&sid=5910022190&pid=2028597139&timestamp=20251023080144&Channel_ID=0116_2600000900-99000-201600010010027&ProgramID=956909358&ParentNodeID=-99&assertID=5910022190&client_ip=106.13.250.83&SecurityKey=20251023080144&promotionId=&mvid=5900006713&mcid=500020&playurlVersion=WX-A1-8.9.2-RELEASE&userid=&jmhm=&videocodec=h264&bean=mgspad&tid=android&conFee=0&puData=83284c876ebb25ecdf72f4eb4dd5a006&ddCalcu=6803e022a86540dcd847b6ee4bfb2275fedc, IPv_Type: ipv6, Location: 中国, ISP: 中国移动, Date: None, Delay: -1 ms, Speed: 0.00 M/s, Resolution: None
Name: 陕西都市青春, URL: http://gslbmgsplive.miguvideo.com/migu/kailu/sxdsqc/51/20250804/index.m3u8?msisdn=2025102408005947806826798c44e4b89b7ed86b1ba04f&mdspid=&spid=600572&netType=0&sid=5910022190&pid=2028597139&timestamp=20251024080059&Channel_ID=0116_2600000900-99000-201600010010027&ProgramID=956909358&ParentNodeID=-99&assertID=5910022190&client_ip=106.13.250.88&SecurityKey=20251024080059&promotionId=&mvid=5900006713&mcid=500020&playurlVersion=WX-A1-8.9.2-RELEASE&userid=&jmhm=&videocodec=h264&bean=mgspad&tid=android&conFee=0&puData=52c95103cb01acfba0783bb6dba5f262&ddCalcu=2562e2c2f96550a1b0d36cbbb0318a7c0fab, IPv_Type: ipv6, Location: 中国, ISP: 中国移动, Date: None, Delay: -1 ms, Speed: 0.00 M/s, Resolution: None
Name: 陕西生活, URL: http://[2409:8087:7000:20::4]:80/dbiptv.sn.chinamobile.com/PLTV/88888888/224/3221226359/index.m3u8, IPv_Type: ipv6, Location: 中国, ISP: 中国移动, Date: None, Delay: 0.1 ms, Speed: inf M/s, Resolution: 1920x1080
Name: 陕西公共, URL: http://ls.qingting.fm/live/1222.m3u8, IPv_Type: ipv6, Location: 中国-广东-东莞, ISP: 电信, Date: None, Delay: 0.1 ms, Speed: inf M/s, Resolution: 1920x1080
Name: 陕西公共, URL: http://[2409:8087:7000:20::4]:80/dbiptv.sn.chinamobile.com/PLTV/88888888/224/3221226361/index.m3u8, IPv_Type: ipv6, Location: 中国, ISP: 中国移动, Date: None, Delay: 0.1 ms, Speed: inf M/s, Resolution: 1920x1080
Name: 陕西体育休闲, URL: http://[2409:8087:7000:20::4]:80/dbiptv.sn.chinamobile.com/PLTV/88888888/224/3221226363/index.m3u8, IPv_Type: ipv6, Location: 中国, ISP: 中国移动, Date: None, Delay: 0.1 ms, Speed: inf M/s, Resolution: 1920x1080
Name: 陕西体育休闲, URL: https://mursor.ottiptv.cc/migu/956909356.m3u8?migutoken=021c647cf88998a1d5e975e611105ec7b434d0d86b9449d6d194c919bab8229d8de7eb192b3c538878483f1c5caadd89a7f9dad3b3a6c7d81a464d0c393881264329fb53b7ab1693cb935f54ed, IPv_Type: ipv6, Location: 美国-新泽西州-巴赛克, ISP: DigitalOcean, Date: None, Delay: -1 ms, Speed: 0.00 M/s, Resolution: None
Name: 陕西体育休闲, URL: https://mgtv.ottiptv.cc/migu/956909356.m3u8?migutoken=537f41b132752ddecf45c6961f259728d075da371d21ce377b97c0dd87c77f01af39317b659e123c4ec137e20015acfabca007171dd79dd783c71207f78bb4f93b09ebe63db4a8a71c59a92674, IPv_Type: ipv6, Location: 美国, ISP: Oracle Corporation, Date: None, Delay: -1 ms, Speed: 0.00 M/s, Resolution: None
Name: 陕西体育休闲, URL: https://mgtv.ottiptv.cc/migu/956909356.m3u8?migutoken=2cd1b3120e6a6d3cec136ca61cb23c24512860d4956d391b8c7d8a1fce58c3fa549930217eede8887c05f73eb24ac9692be10bdd06557f58130ff6717e37e1b6ba38adfacf8e74298fe1d4f48c, IPv_Type: ipv6, Location: 美国, ISP: Oracle Corporation, Date: None, Delay: -1 ms, Speed: 0.00 M/s, Resolution: None
Name: 陕西体育休闲, URL: https://mgtv.ottiptv.cc/mg/956909356.m3u8?sign=c58ceab54891c335fade1a807dc629a1&tm=1757355490&token=2c6a192ec095b9ae453a145c896aaa21aeb9ff68137e4aed8035c547177a409dd704d11cfa0130e7de514a49b5afed80f17476daeba29b68a76e5788333ae18062e741700b2bfe468e2f04bb4f, IPv_Type: ipv6, Location: 美国, ISP: Oracle Corporation, Date: None, Delay: -1 ms, Speed: 0.00 M/s, Resolution: None
Name: 陕西体育休闲, URL: https://mgtv.ottiptv.cc/mg/956909356.m3u8?sign=ea8661819de45008921d7f22ff5249a3&tm=1757436314&token=b5b6efc7c21f70c7fd6b65d3d9364fa37af9ed8eac53a77c1bca8ec6ff0e459b1fa3b6a8b278e05b02fdfb3906596b01717c3fb837dc92f47f5b22c7ceb46c2dcef46574cb5710c99e1eb932d6, IPv_Type: ipv6, Location: 美国-新泽西州-巴赛克, ISP: DigitalOcean, Date: None, Delay: -1 ms, Speed: 0.00 M/s, Resolution: None
Name: 陕西体育休闲, URL: http://gslbmgsplive.miguvideo.com/migu/kailu/sxtyxx/51/20250804/index.m3u8?msisdn=20250921080053bb7e3ee981dc4bde95a765fbffef7b9e&mdspid=&spid=600572&netType=0&sid=5910022189&pid=2028597139&timestamp=20250921080053&Channel_ID=0116_2600000900-99000-201600010010027&ProgramID=956909356&ParentNodeID=-99&assertID=5910022189&client_ip=106.13.250.88&SecurityKey=20250921080053&promotionId=&mvid=5900006712&mcid=500020&playurlVersion=WX-A1-8.9.1-RELEASE&userid=&jmhm=&videocodec=h264&bean=mgspad&tid=android&conFee=0&puData=43ffb82e5f9372a440dd84479d27b2f6&ddCalcu=64f3e2f2bf67b028d29e754f4983d7d20a44, IPv_Type: ipv6, Location: 中国, ISP: 中国移动, Date: None, Delay: -1 ms, Speed: 0.00 M/s, Resolution: None
Name: 陕西体育休闲, URL: http://gslbmgsplive.miguvideo.com/migu/kailu/sxtyxx/51/20250804/index.m3u8?msisdn=20251023080139c026415ca4654e0cb51f36f8105eb6a1&mdspid=&spid=600572&netType=0&sid=5910022189&pid=2028597139&timestamp=20251023080139&Channel_ID=0116_2600000900-99000-201600010010027&ProgramID=956909356&ParentNodeID=-99&assertID=5910022189&client_ip=106.13.250.83&SecurityKey=20251023080139&promotionId=&mvid=5900006712&mcid=500020&playurlVersion=WX-A1-8.9.2-RELEASE&userid=&jmhm=&videocodec=h264&bean=mgspad&tid=android&conFee=0&puData=101f9c0a14d24dc78aa97137482db06c&ddCalcu=c160e012bf6d902c804a71341d7294adac87, IPv_Type: ipv6, Location: 中国, ISP: 中国移动, Date: None, Delay: -1 ms, Speed: 0.00 M/s, Resolution: None
Name: 陕西体育休闲, URL: http://gslbmgsplive.miguvideo.com/migu/kailu/sxtyxx/51/20250804/index.m3u8?msisdn=20251024080056953be86c14d64c758cd4dbf06a58c942&mdspid=&spid=600572&netType=0&sid=5910022189&pid=2028597139&timestamp=20251024080056&Channel_ID=0116_2600000900-99000-201600010010027&ProgramID=956909356&ParentNodeID=-99&assertID=5910022189&client_ip=106.13.250.88&SecurityKey=20251024080056&promotionId=&mvid=5900006712&mcid=500020&playurlVersion=WX-A1-8.9.2-RELEASE&userid=&jmhm=&videocodec=h264&bean=mgspad&tid=android&conFee=0&puData=d18ceaa4887dd90437843aedd252e8e7&ddCalcu=7de1e882ec62e05a2ad4d8e8a73d4d897034, IPv_Type: ipv6, Location: 中国, ISP: 中国移动, Date: None, Delay: -1 ms, Speed: 0.00 M/s, Resolution: None
Name: 陕西体育休闲, URL: http://gslbmgsplive.miguvideo.com/migu/kailu/sxtyxx/51/20250804/index.m3u8?msisdn=2025102508005957060912be0d47f78a9e823b236e0022&mdspid=&spid=600572&netType=0&sid=5910022189&pid=2028597139&timestamp=20251025080059&Channel_ID=0116_2600000900-99000-201600010010027&ProgramID=956909356&ParentNodeID=-99&assertID=5910022189&client_ip=106.13.250.90&SecurityKey=20251025080059&promotionId=&mvid=5900006712&mcid=500020&playurlVersion=WX-A1-8.9.2-RELEASE&userid=&jmhm=&videocodec=h264&bean=mgspad&tid=android&conFee=0&puData=25d98077b85839680d0db7d4d6a823de&ddCalcu=e2d5e3d2296880a067d74bd875b8d309d608, IPv_Type: ipv6, Location: 中国, ISP: 中国移动, Date: None, Delay: -1 ms, Speed: 0.00 M/s, Resolution: None
Name: 陕西体育休闲, URL: http://gslbmgsplive.miguvideo.com/migu/kailu/sxtyxx/51/20250804/index.m3u8?msisdn=20251026080055dc17c2fc45334560bf47799ab86d8854&mdspid=&spid=600572&netType=0&sid=5910022189&pid=2028597139&timestamp=20251026080055&Channel_ID=0116_2600000900-99000-201600010010027&ProgramID=956909356&ParentNodeID=-99&assertID=5910022189&client_ip=106.13.250.83&SecurityKey=20251026080055&promotionId=&mvid=5900006712&mcid=500020&playurlVersion=WX-A1-8.9.2-RELEASE&userid=&jmhm=&videocodec=h264&bean=mgspad&tid=android&conFee=0&puData=31276552a017d448e28220c117bcf54e&ddCalcu=e341e522f76c60b575121ac001272d8424e8, IPv_Type: ipv6, Location: 中国, ISP: 中国移动, Date: None, Delay: -1 ms, Speed: 0.00 M/s, Resolution: None
Name: 陕西影视, URL: http://[2409:8087:7000:20::4]:80/dbiptv.sn.chinamobile.com/PLTV/88888888/224/3221226360/index.m3u8, IPv_Type: ipv6, Location: 中国, ISP: 中国移动, Date: None, Delay: 0.1 ms, Speed: inf M/s, Resolution: 1920x1080
Name: 陕西影视, URL: http://php.jdshipin.com:8880/qly.php?id=6329, IPv_Type: ipv6, Location: 美国, ISP: CloudFlare Inc., Date: None, Delay: 0.1 ms, Speed: inf M/s, Resolution: 1920x1080
Name: 三明新闻综合, URL: http://ls.qingting.fm/live/4885.m3u8, IPv_Type: ipv6, Location: 中国-广东-东莞, ISP: 电信, Date: None, Delay: 0.1 ms, Speed: inf M/s, Resolution: 1920x1080
Name: 三明新闻综合, URL: https://ls.qingting.fm/live/5022100/64k.m3u8, IPv_Type: ipv6, Location: 中国-广东-东莞, ISP: 电信, Date: None, Delay: 0.1 ms, Speed: inf M/s, Resolution: 1920x1080
Name: 云霄综合, URL: https://live.zzyxxw.com:2443/live/xwzh.m3u8, IPv_Type: ipv6, Location: 中国, ISP: 中国电信, Date: None, Delay: 0.1 ms, Speed: inf M/s, Resolution: 1920x1080
Name: 云霄综合, URL: http://live.zzyxxw.com:85/live/xwzh.m3u8?fujian,, IPv_Type: ipv6, Location: 中国, ISP: 中国电信, Date: None, Delay: 0.1 ms, Speed: inf M/s, Resolution: 1920x1080
Name: 云霄综合, URL: http://live.zzyxxw.com:85/live/xwzh.m3u8, IPv_Type: ipv6, Location: 中国, ISP: 中国电信, Date: None, Delay: 0.1 ms, Speed: inf M/s, Resolution: 1920x1080
Name: 云霄综合, URL: http://live.zzyxxw.com:85/live/xwzh.m3u8?fujian, IPv_Type: ipv6, Location: 中国, ISP: 中国电信, Date: None, Delay: 0.1 ms, Speed: inf M/s, Resolution: 1920x1080
Name: 厦门卫视, URL: http://[2409:8087:8:21::18]:6610/otttv.bj.chinamobile.com/PLTV/88888888/224/3221226542/1.m3u8, IPv_Type: ipv6, Location: 中国, ISP: 中国移动, Date: None, Delay: 0.1 ms, Speed: inf M/s, Resolution: 1920x1080
Name: 厦门卫视, URL: http://[2409:8087:74F1:0021::0008]/270000001128/9900000058/index.m3u8, IPv_Type: ipv6, Location: 中国, ISP: 中国移动, Date: None, Delay: 0.1 ms, Speed: inf M/s, Resolution: 1920x1080
Name: 厦门卫视, URL: http://[2409:8087:3428:20:500::100f]:6610/PLTV/88888888/224/3221226964/index.m3u8?servicetype=1&IASHttpSessionId=RR423820220409134714119178, IPv_Type: ipv6, Location: 中国, ISP: 中国移动, Date: None, Delay: 0.1 ms, Speed: inf M/s, Resolution: 1920x1080
Name: 厦门卫视, URL: http://[2409:8087:3428:20:500::1009]:6610/PLTV/88888888/224/3221226964/index.m3u8?servicetype=1&IASHttpSessionId=RR423820220409134714119178, IPv_Type: ipv6, Location: 中国, ISP: 中国移动, Date: None, Delay: 0.1 ms, Speed: inf M/s, Resolution: 1920x1080
Name: 厦门卫视, URL: http://[2409:8087:3428:20:500::100f]:6610/PLTV/88888888/224/3221226781/index.m3u8?servicetype=1&IASHttpSessionId=RR423820220409134714119178, IPv_Type: ipv6, Location: 中国, ISP: 中国移动, Date: None, Delay: 0.1 ms, Speed: inf M/s, Resolution: 1920x1080
Name: 厦门卫视, URL: http://[2409:8087:3428:20:500::1009]:6610/PLTV/88888888/224/3221226781/index.m3u8?servicetype=1&IASHttpSessionId=RR423820220409134714119178, IPv_Type: ipv6, Location: 中国, ISP: 中国移动, Date: None, Delay: 0.1 ms, Speed: inf M/s, Resolution: 1920x1080
Name: 厦门卫视, URL: http://[2409:8087:5e01:34::23]:6610/ZTE_CMS/00000001000000060000000000000193/index.m3u8, IPv_Type: ipv6, Location: 中国, ISP: 中国移动, Date: None, Delay: 0.1 ms, Speed: inf M/s, Resolution: 1920x1080
Name: 厦门卫视, URL: http://dbiptv.sn.chinamobile.com/PLTV/88888890/224/3221226219/index.m3u8, IPv_Type: ipv6, Location: 中国, ISP: 中国移动, Date: None, Delay: 0.1 ms, Speed: inf M/s, Resolution: 1920x1080
Name: 厦门卫视, URL: http://[2409:8087:5e00:24::1e]:6060/000000001000/1000000005000266006/1.m3u8, IPv_Type: ipv6, Location: 中国, ISP: 中国移动, Date: None, Delay: 0.1 ms, Speed: inf M/s, Resolution: 1920x1080
Name: 厦门卫视, URL: http://rrs01.hw.gmcc.net:8088/PLTV/81/224/3221226695/1.m3u8, IPv_Type: ipv6, Location: 中国, ISP: 中国移动, Date: None, Delay: -1 ms, Speed: 0.00 M/s, Resolution: None
Name: 福州少儿, URL: http://live.zohi.tv/video/s10001-fztv-4/index.m3u8, IPv_Type: ipv6, Location: 中国, ISP: 中国电信, Date: None, Delay: 0.1 ms, Speed: inf M/s, Resolution: 1920x1080
Name: 福州生活, URL: http://live.zohi.tv/video/s10001-fztv-3/index.m3u8, IPv_Type: ipv6, Location: 中国, ISP: 中国电信, Date: None, Delay: 0.1 ms, Speed: inf M/s, Resolution: 1920x1080
Name: 福州综合, URL: http://live.zohi.tv/video/s10001-fztv-1/index.m3u8, IPv_Type: ipv6, Location: 中国, ISP: 中国电信, Date: None, Delay: 0.1 ms, Speed: inf M/s, Resolution: 1920x1080
Name: 福建旅游, URL: http://110.80.17.38:9999/tsfile/live/0138_1.m3u8, IPv_Type: ipv4, Location: 中国-福建-厦门, ISP: 电信, Date: None, Delay: 6702 ms, Speed: 0.12 M/s, Resolution: 1920x1080
Name: 海南新闻, URL: http://[2409:8087:5e00:24::1e]:6060/000000001000/4600001000000000111/1.m3u8, IPv_Type: ipv6, Location: 中国, ISP: 中国移动, Date: None, Delay: 0.1 ms, Speed: inf M/s, Resolution: 1920x1080
Name: 海南新闻, URL: http://ls.qingting.fm/live/1861.m3u8, IPv_Type: ipv6, Location: 中国-广东-东莞, ISP: 电信, Date: None, Delay: 0.1 ms, Speed: inf M/s, Resolution: 1920x1080
Name: 海南新闻, URL: https://satellitepull.cnr.cn/live/wxhainxwgb/playlist.m3u8, IPv_Type: ipv4, Location: 美国-德克萨斯州-达拉斯, ISP: 网宿科技CDN节点, Date: None, Delay: 78 ms, Speed: 1.37 M/s, Resolution: None
Name: 海南自贸, URL: http://[2409:8087:5e00:24::1e]:6060/000000001000/4600001000000000116/1.m3u8, IPv_Type: ipv6, Location: 中国, ISP: 中国移动, Date: None, Delay: 0.1 ms, Speed: inf M/s, Resolution: 1920x1080
Name: 海南文旅, URL: http://[2409:8087:5e00:24::1e]:6060/000000001000/4600001000000000113/1.m3u8, IPv_Type: ipv6, Location: 中国, ISP: 中国移动, Date: None, Delay: 0.1 ms, Speed: inf M/s, Resolution: 1920x1080
Name: 海南少儿, URL: http://[2409:8087:5e00:24::1e]:6060/000000001000/4600001000000000112/1.m3u8, IPv_Type: ipv6, Location: 中国, ISP: 中国移动, Date: None, Delay: 0.1 ms, Speed: inf M/s, Resolution: 1920x1080
Name: 海南公共, URL: http://[2409:8087:5e00:24::1e]:6060/000000001000/460000100000000057/1.m3u8, IPv_Type: ipv6, Location: 中国, ISP: 中国移动, Date: None, Delay: 0.1 ms, Speed: inf M/s, Resolution: 1920x1080
Name: 梨园, URL: http://[2409:8087:3869:8021:1001::e5]:6610/PLTV/88888888/224/3221225581/2/index.m3u8, IPv_Type: ipv6, Location: 中国, ISP: 中国移动, Date: None, Delay: -1 ms, Speed: 0.00 M/s, Resolution: None
Name: 梨园, URL: https://dxtx.hntv.tv/live/lypd.m3u8?txSecret=10c771842a0be59e8b575d765173ec96&txTime=7B923E0A&wsSecret=41543190cdf375f1c73207222bb96542&wsTime=1769313549, IPv_Type: ipv4, Location: 中国-天津-天津, ISP: 联通, Date: None, Delay: 1558 ms, Speed: 1.44 M/s, Resolution: 1920x1080
Name: 临颍综合, URL: http://tvpull.dxhmt.cn:9081/tv/11122-1.m3u8?%E5%85%B3%E6%B3%A8%E5%BE%AE%E4%BF%A1%E5%85%AC%E4%BC%97%E5%8F%B7[%E6%99%B4%E5%9B%AD], IPv_Type: ipv6, Location: 中国-江苏-徐州, ISP: 电信, Date: None, Delay: 0.1 ms, Speed: inf M/s, Resolution: 1920x1080
Name: 义马新闻综合, URL: http://tvpull.dxhmt.cn:9081/tv/11281-1.m3u8?%E5%85%B3%E6%B3%A8%E5%BE%AE%E4%BF%A1%E5%85%AC%E4%BC%97%E5%8F%B7[%E6%99%B4%E5%9B%AD], IPv_Type: ipv6, Location: 加拿大, ISP: , Date: None, Delay: -1 ms, Speed: 0.00 M/s, Resolution: None
Name: 义马新闻综合, URL: http://tvpull.dxhmt.cn:9081/tv/11281-1.m3u8, IPv_Type: ipv6, Location: 加拿大, ISP: , Date: None, Delay: -1 ms, Speed: 0.00 M/s, Resolution: None
Name: 光山综合, URL: http://tvpull.dxhmt.cn:9081/tv/11522-1.m3u8?%E5%85%B3%E6%B3%A8%E5%BE%AE%E4%BF%A1%E5%85%AC%E4%BC%97%E5%8F%B7[%E6%99%B4%E5%9B%AD], IPv_Type: ipv6, Location: 加拿大, ISP: , Date: None, Delay: -1 ms, Speed: 0.00 M/s, Resolution: None
Name: 光山综合, URL: http://tvpull.dxhmt.cn:9081/tv/11522-1.m3u8, IPv_Type: ipv6, Location: 加拿大, ISP: , Date: None, Delay: -1 ms, Speed: 0.00 M/s, Resolution: None
Name: 兰考新闻, URL: http://tvpull.dxhmt.cn:9081/tv/10225-1.m3u8?%E5%85%B3%E6%B3%A8%E5%BE%AE%E4%BF%A1%E5%85%AC%E4%BC%97%E5%8F%B7[%E6%99%B4%E5%9B%AD], IPv_Type: ipv6, Location: 加拿大, ISP: , Date: None, Delay: -1 ms, Speed: 0.00 M/s, Resolution: None
Name: 兰考新闻, URL: http://tvpull.dxhmt.cn:9081/tv/10225-1.m3u8, IPv_Type: ipv6, Location: 加拿大, ISP: , Date: None, Delay: -1 ms, Speed: 0.00 M/s, Resolution: None
Name: 卫辉综合, URL: http://tvpull.dxhmt.cn:9081/tv/10781-1.m3u8?%E5%85%B3%E6%B3%A8%E5%BE%AE%E4%BF%A1%E5%85%AC%E4%BC%97%E5%8F%B7[%E6%99%B4%E5%9B%AD], IPv_Type: ipv6, Location: 加拿大, ISP: , Date: None, Delay: -1 ms, Speed: 0.00 M/s, Resolution: None
Name: 卫辉综合, URL: http://tvpull.dxhmt.cn:9081/tv/10781-1.m3u8, IPv_Type: ipv6, Location: 加拿大, ISP: , Date: None, Delay: -1 ms, Speed: 0.00 M/s, Resolution: None
Name: 卫辉综合, URL: http://tvpull.dxhmt.cn:9081/tv/10781-1.m3u8?zhend, IPv_Type: ipv6, Location: 加拿大, ISP: , Date: None, Delay: -1 ms, Speed: 0.00 M/s, Resolution: None
Name: 叶县, URL: http://tvpull.dxhmt.cn:9081/tv/10422-1.m3u8, IPv_Type: ipv6, Location: 加拿大, ISP: , Date: None, Delay: -1 ms, Speed: 0.00 M/s, Resolution: None
Name: 叶县, URL: http://tvpull.dxhmt.cn:9081/tv/10422-1.m3u8#, IPv_Type: ipv6, Location: 加拿大, ISP: , Date: None, Delay: -1 ms, Speed: 0.00 M/s, Resolution: None
Name: 周口扶沟, URL: http://live.dxhmt.cn:9081/tv/11621-1.m3u8, IPv_Type: ipv4, Location: 中国-河南-郑州, ISP: 联通, Date: None, Delay: 6045 ms, Speed: 0.06 M/s, Resolution: 1920x1080
Name: 唐河一套, URL: http://tvpull.dxhmt.cn:9081/tv/11328-1.m3u8, IPv_Type: ipv6, Location: 中国-江苏-徐州, ISP: 电信, Date: None, Delay: 0.1 ms, Speed: inf M/s, Resolution: 1920x1080
Name: 唐河一套, URL: http://tvpull.dxhmt.cn:9081/tv/11328-1.m3u8?zhend, IPv_Type: ipv6, Location: 加拿大, ISP: , Date: None, Delay: -1 ms, Speed: 0.00 M/s, Resolution: None
Name: 唐河一套, URL: http://tvpull.dxhmt.cn:9081/tv/11328-1.m3u8?zhend#http://tvpull.dxhmt.cn:9081/tv/11328-1.m3u8, IPv_Type: ipv6, Location: 加拿大, ISP: , Date: None, Delay: -1 ms, Speed: 0.00 M/s, Resolution: None
Name: 固始综合, URL: http://tvpull.dxhmt.cn:9081/tv/11525-1.m3u8?%E5%85%B3%E6%B3%A8%E5%BE%AE%E4%BF%A1%E5%85%AC%E4%BC%97%E5%8F%B7[%E6%99%B4%E5%9B%AD], IPv_Type: ipv6, Location: 加拿大, ISP: , Date: None, Delay: -1 ms, Speed: 0.00 M/s, Resolution: None
Name: 固始综合, URL: http://tvpull.dxhmt.cn:9081/tv/11525-1.m3u8, IPv_Type: ipv6, Location: 加拿大, ISP: , Date: None, Delay: -1 ms, Speed: 0.00 M/s, Resolution: None
Name: 宝丰综合, URL: http://tvpull.dxhmt.cn:9081/tv/10421-1.m3u8?%E5%85%B3%E6%B3%A8%E5%BE%AE%E4%BF%A1%E5%85%AC%E4%BC%97%E5%8F%B7[%E6%99%B4%E5%9B%AD], IPv_Type: ipv6, Location: 加拿大, ISP: , Date: None, Delay: -1 ms, Speed: 0.00 M/s, Resolution: None
Name: 宝丰综合, URL: http://tvpull.dxhmt.cn:9081/tv/10421-1.m3u8, IPv_Type: ipv6, Location: 加拿大, ISP: , Date: None, Delay: -1 ms, Speed: 0.00 M/s, Resolution: None
Name: 宝丰综合, URL: http://tvpull.dxhmt.cn:9081/tv/10421-1.m3u8?zhend, IPv_Type: ipv6, Location: 加拿大, ISP: , Date: None, Delay: -1 ms, Speed: 0.00 M/s, Resolution: None
Name: 巩义新闻综合, URL: http://tvpull.dxhmt.cn:9081/tv/10181-1.m3u8, IPv_Type: ipv6, Location: 加拿大, ISP: , Date: None, Delay: -1 ms, Speed: 0.00 M/s, Resolution: None
Name: 巩义新闻综合, URL: http://tvpull.dxhmt.cn:9081/tv/10181-1.m3u8?zhend, IPv_Type: ipv6, Location: 加拿大, ISP: , Date: None, Delay: -1 ms, Speed: 0.00 M/s, Resolution: None
Name: 扶沟综合, URL: http://tvpull.dxhmt.cn:9081/tv/11621-1.m3u8, IPv_Type: ipv6, Location: 加拿大, ISP: , Date: None, Delay: -1 ms, Speed: 0.00 M/s, Resolution: None
Name: 扶沟综合, URL: http://tvpull.dxhmt.cn:9081/tv/11621-1.m3u8?zhend, IPv_Type: ipv6, Location: 加拿大, ISP: , Date: None, Delay: -1 ms, Speed: 0.00 M/s, Resolution: None
Name: 扶沟综合, URL: http://tvpull.dxhmt.cn:9081/tv/11621-1.m3u8?%E5%85%B3%E6%B3%A8%E5%BE%AE%E4%BF%A1%E5%85%AC%E4%BC%97%E5%8F%B7[%E6%99%B4%E5%9B%AD], IPv_Type: ipv6, Location: 加拿大, ISP: , Date: None, Delay: -1 ms, Speed: 0.00 M/s, Resolution: None
Name: 新乡县电视台, URL: http://tvpull.dxhmt.cn:9081/tv/10721-1.m3u8?%E5%85%B3%E6%B3%A8%E5%BE%AE%E4%BF%A1%E5%85%AC%E4%BC%97%E5%8F%B7[%E6%99%B4%E5%9B%AD], IPv_Type: ipv6, Location: 中国-江苏-徐州, ISP: 电信, Date: None, Delay: 0.1 ms, Speed: inf M/s, Resolution: 1920x1080
Name: 新县综合, URL: http://tvpull.dxhmt.cn:9081/tv/11523-1.m3u8?%E5%85%B3%E6%B3%A8%E5%BE%AE%E4%BF%A1%E5%85%AC%E4%BC%97%E5%8F%B7[%E6%99%B4%E5%9B%AD], IPv_Type: ipv6, Location: 加拿大, ISP: , Date: None, Delay: -1 ms, Speed: 0.00 M/s, Resolution: None
Name: 新县综合, URL: http://tvpull.dxhmt.cn:9081/tv/11523-1.m3u8, IPv_Type: ipv6, Location: 加拿大, ISP: , Date: None, Delay: -1 ms, Speed: 0.00 M/s, Resolution: None
Name: 新蔡综合, URL: http://tvpull.dxhmt.cn:9081/tv/11729-1.m3u8?%E5%85%B3%E6%B3%A8%E5%BE%AE%E4%BF%A1%E5%85%AC%E4%BC%97%E5%8F%B7[%E6%99%B4%E5%9B%AD], IPv_Type: ipv6, Location: 加拿大, ISP: , Date: None, Delay: -1 ms, Speed: 0.00 M/s, Resolution: None
Name: 新蔡综合, URL: http://tvpull.dxhmt.cn:9081/tv/11729-1.m3u8, IPv_Type: ipv6, Location: 加拿大, ISP: , Date: None, Delay: -1 ms, Speed: 0.00 M/s, Resolution: None
Name: 新蔡综合, URL: http://tvpull.dxhmt.cn:9081/tv/11729-1.m3u8?zhend, IPv_Type: ipv6, Location: 加拿大, ISP: , Date: None, Delay: -1 ms, Speed: 0.00 M/s, Resolution: None
Name: 桐柏新闻综合, URL: http://tvpull.dxhmt.cn:9081/tv/11330-1.m3u8, IPv_Type: ipv6, Location: 中国-江苏-徐州, ISP: 电信, Date: None, Delay: 0.1 ms, Speed: inf M/s, Resolution: 1920x1080
Name: 桐柏新闻综合, URL: http://tvpull.dxhmt.cn:9081/tv/11330-1.m3u8?zhend, IPv_Type: ipv6, Location: 中国-江苏-徐州, ISP: 电信, Date: None, Delay: 0.1 ms, Speed: inf M/s, Resolution: 1920x1080
Name: 泌阳新闻综合, URL: http://tvpull.dxhmt.cn:9081/tv/11726-1.m3u8?%E5%85%B3%E6%B3%A8%E5%BE%AE%E4%BF%A1%E5%85%AC%E4%BC%97%E5%8F%B7[%E6%99%B4%E5%9B%AD], IPv_Type: ipv6, Location: 加拿大, ISP: , Date: None, Delay: -1 ms, Speed: 0.00 M/s, Resolution: None
Name: 泌阳新闻综合, URL: http://tvpull.dxhmt.cn:9081/tv/11726-1.m3u8, IPv_Type: ipv6, Location: 加拿大, ISP: , Date: None, Delay: -1 ms, Speed: 0.00 M/s, Resolution: None
Name: 淅川电视, URL: http://live.dxhmt.cn:9081/tv/11326-1.m3u8, IPv_Type: ipv4, Location: 中国-河南-郑州, ISP: 联通, Date: None, Delay: 6057 ms, Speed: 0.05 M/s, Resolution: 1920x1080
Name: 渑池新闻综合, URL: http://tvpull.dxhmt.cn:9081/tv/11221-1.m3u8?%E5%85%B3%E6%B3%A8%E5%BE%AE%E4%BF%A1%E5%85%AC%E4%BC%97%E5%8F%B7[%E6%99%B4%E5%9B%AD], IPv_Type: ipv6, Location: 加拿大, ISP: , Date: None, Delay: -1 ms, Speed: 0.00 M/s, Resolution: None
Name: 渑池新闻综合, URL: http://tvpull.dxhmt.cn:9081/tv/11221-1.m3u8, IPv_Type: ipv6, Location: 加拿大, ISP: , Date: None, Delay: -1 ms, Speed: 0.00 M/s, Resolution: None
Name: 温县综合, URL: http://tvpull.dxhmt.cn:9081/tv/10825-1.m3u8?zhend, IPv_Type: ipv6, Location: 加拿大, ISP: , Date: None, Delay: -1 ms, Speed: 0.00 M/s, Resolution: None
Name: 温县综合, URL: http://tvpull.dxhmt.cn:9081/tv/10825-1.m3u8, IPv_Type: ipv6, Location: 加拿大, ISP: , Date: None, Delay: -1 ms, Speed: 0.00 M/s, Resolution: None
Name: 潢川综合, URL: http://tvpull.dxhmt.cn:9081/tv/11526-1.m3u8?%E5%85%B3%E6%B3%A8%E5%BE%AE%E4%BF%A1%E5%85%AC%E4%BC%97%E5%8F%B7[%E6%99%B4%E5%9B%AD], IPv_Type: ipv6, Location: 加拿大, ISP: , Date: None, Delay: -1 ms, Speed: 0.00 M/s, Resolution: None
Name: 潢川综合, URL: http://tvpull.dxhmt.cn:9081/tv/11526-1.m3u8, IPv_Type: ipv6, Location: 加拿大, ISP: , Date: None, Delay: -1 ms, Speed: 0.00 M/s, Resolution: None
Name: 登封综合, URL: http://tvpull.dxhmt.cn:9081/tv/10185-1.m3u8?%E5%85%B3%E6%B3%A8%E5%BE%AE%E4%BF%A1%E5%85%AC%E4%BC%97%E5%8F%B7[%E6%99%B4%E5%9B%AD], IPv_Type: ipv6, Location: 加拿大, ISP: , Date: None, Delay: -1 ms, Speed: 0.00 M/s, Resolution: None
Name: 登封综合, URL: http://tvpull.dxhmt.cn:9081/tv/10185-1.m3u8, IPv_Type: ipv6, Location: 加拿大, ISP: , Date: None, Delay: -1 ms, Speed: 0.00 M/s, Resolution: None
Name: 禹州综合, URL: http://tvpull.dxhmt.cn:9081/tv/11081-1.m3u8?%E5%85%B3%E6%B3%A8%E5%BE%AE%E4%BF%A1%E5%85%AC%E4%BC%97%E5%8F%B7[%E6%99%B4%E5%9B%AD], IPv_Type: ipv6, Location: 中国-江苏-徐州, ISP: 电信, Date: None, Delay: 0.1 ms, Speed: inf M/s, Resolution: 1920x1080
Name: 西华综合, URL: http://tvpull.dxhmt.cn:9081/tv/11622-1.m3u8?%E5%85%B3%E6%B3%A8%E5%BE%AE%E4%BF%A1%E5%85%AC%E4%BC%97%E5%8F%B7[%E6%99%B4%E5%9B%AD], IPv_Type: ipv6, Location: 加拿大, ISP: , Date: None, Delay: -1 ms, Speed: 0.00 M/s, Resolution: None
Name: 西华综合, URL: http://tvpull.dxhmt.cn:9081/tv/11622-1.m3u8, IPv_Type: ipv6, Location: 中国-江苏-徐州, ISP: 电信, Date: None, Delay: 0.1 ms, Speed: inf M/s, Resolution: 1920x1080
Name: 西华综合, URL: http://tvpull.dxhmt.cn:9081/tv/11622-1.m3u8?zhend, IPv_Type: ipv6, Location: 加拿大, ISP: , Date: None, Delay: -1 ms, Speed: 0.00 M/s, Resolution: None
Name: 郏县综合, URL: http://tvpull.dxhmt.cn:9081/tv/10425-1.m3u8?%E5%85%B3%E6%B3%A8%E5%BE%AE%E4%BF%A1%E5%85%AC%E4%BC%97%E5%8F%B7[%E6%99%B4%E5%9B%AD], IPv_Type: ipv6, Location: 加拿大, ISP: , Date: None, Delay: -1 ms, Speed: 0.00 M/s, Resolution: None
Name: 郏县综合, URL: http://tvpull.dxhmt.cn:9081/tv/10425-1.m3u8, IPv_Type: ipv6, Location: 加拿大, ISP: , Date: None, Delay: -1 ms, Speed: 0.00 M/s, Resolution: None
Name: 郏县综合, URL: http://tvpull.dxhmt.cn:9081/tv/10425-1.m3u8?zhend, IPv_Type: ipv6, Location: 加拿大, ISP: , Date: None, Delay: -1 ms, Speed: 0.00 M/s, Resolution: None
Name: 郸城新闻综合, URL: http://tvpull.dxhmt.cn:9081/tv/11625-1.m3u8, IPv_Type: ipv6, Location: 加拿大, ISP: , Date: None, Delay: -1 ms, Speed: 0.00 M/s, Resolution: None
Name: 郸城新闻综合, URL: http://tvpull.dxhmt.cn:9081/tv/11625-1.m3u8?wsSecret=df15530a0abec41b14bca00fc96270d1&wsTime=1654956569, IPv_Type: ipv6, Location: 加拿大, ISP: , Date: None, Delay: -1 ms, Speed: 0.00 M/s, Resolution: None
Name: 郸城新闻综合, URL: http://tvpull.dxhmt.cn:9081/tv/11625-1.m3u8?wsSecret=df15530a0abec41b14bca00fc96270d1&amp;wsTime=1654956569, IPv_Type: ipv6, Location: 加拿大, ISP: , Date: None, Delay: -1 ms, Speed: 0.00 M/s, Resolution: None
Name: 鄢陵综合, URL: http://tvpull.dxhmt.cn:9081/tv/11024-1.m3u8?%E5%85%B3%E6%B3%A8%E5%BE%AE%E4%BF%A1%E5%85%AC%E4%BC%97%E5%8F%B7[%E6%99%B4%E5%9B%AD], IPv_Type: ipv6, Location: 加拿大, ISP: , Date: None, Delay: -1 ms, Speed: 0.00 M/s, Resolution: None
Name: 鄢陵综合, URL: http://tvpull.dxhmt.cn:9081/tv/11024-1.m3u8, IPv_Type: ipv6, Location: 加拿大, ISP: , Date: None, Delay: -1 ms, Speed: 0.00 M/s, Resolution: None
Name: 项城新闻, URL: http://tvpull.dxhmt.cn:9081/tv/11681-1.m3u8, IPv_Type: ipv6, Location: 加拿大, ISP: , Date: None, Delay: -1 ms, Speed: 0.00 M/s, Resolution: None
Name: 项城新闻, URL: http://tvpull.dxhmt.cn:9081/tv/11681-1.m3u8#@http://live.dxhmt.cn:9081/tv/11681-1.m3u8#@http://p2.weizan.cn/978354/131995006225520039/live.m3u8, IPv_Type: ipv6, Location: 加拿大, ISP: , Date: None, Delay: -1 ms, Speed: 0.00 M/s, Resolution: None
Name: 邓州新闻, URL: http://tvpull.dxhmt.cn:9081/tv/11381-1.m3u8?%E5%85%B3%E6%B3%A8%E5%BE%AE%E4%BF%A1%E5%85%AC%E4%BC%97%E5%8F%B7[%E6%99%B4%E5%9B%AD], IPv_Type: ipv6, Location: 中国-江苏-徐州, ISP: 电信, Date: None, Delay: 0.1 ms, Speed: inf M/s, Resolution: 1920x1080
Name: 荥阳综合, URL: http://iptv.cdn.ha.chinamobile.com/PLTV/88888888/224/3221226673/index.m3u8, IPv_Type: ipv6, Location: 中国, ISP: 中国移动, Date: None, Delay: 0.1 ms, Speed: inf M/s, Resolution: 1920x1080
Name: 荥阳综合, URL: http://tvpull.dxhmt.cn:9081/tv/10182-1.m3u8, IPv_Type: ipv6, Location: 中国-江苏-徐州, ISP: 电信, Date: None, Delay: 0.1 ms, Speed: inf M/s, Resolution: 1920x1080
Name: 荥阳综合, URL: http://tvpull.dxhmt.cn:9081/tv/10182-1.m3u8?zhend, IPv_Type: ipv6, Location: 中国-江苏-徐州, ISP: 电信, Date: None, Delay: 0.1 ms, Speed: inf M/s, Resolution: 1920x1080
Name: 荥阳综合, URL: http://tvpull.dxhmt.cn:9081/tv/10182-1.m3u8?wsSecret=df15530a0abec41b14bca00fc96270d1&wsTime=1654956569, IPv_Type: ipv6, Location: 加拿大, ISP: , Date: None, Delay: -1 ms, Speed: 0.00 M/s, Resolution: None
Name: 禹州公共, URL: http://tvpull.dxhmt.cn:9081/tv/11081-2.m3u8, IPv_Type: ipv6, Location: 中国-江苏-徐州, ISP: 电信, Date: None, Delay: 0.1 ms, Speed: inf M/s, Resolution: 1920x1080
Name: 灵宝新闻综合, URL: http://tvpull.dxhmt.cn:9081/tv/11282-1.m3u8?zhend, IPv_Type: ipv6, Location: 中国-江苏-徐州, ISP: 电信, Date: None, Delay: 0.1 ms, Speed: inf M/s, Resolution: 1920x1080
Name: 滑县新闻, URL: http://tvpull.dxhmt.cn:9081/tv/10526-1.m3u8?%E5%85%B3%E6%B3%A8%E5%BE%AE%E4%BF%A1%E5%85%AC%E4%BC%97%E5%8F%B7[%E6%99%B4%E5%9B%AD], IPv_Type: ipv6, Location: 中国-江苏-徐州, ISP: 电信, Date: None, Delay: 0.1 ms, Speed: inf M/s, Resolution: 1920x1080
Name: 济源电视一套, URL: http://tvpull.dxhmt.cn:9081/tv/19001-1.m3u8, IPv_Type: ipv6, Location: 中国-江苏-徐州, ISP: 电信, Date: None, Delay: 0.1 ms, Speed: inf M/s, Resolution: 1920x1080
Name: 济源电视一套, URL: http://tvpull.dxhmt.cn:9081/tv/19001-1.m3u8?zhend, IPv_Type: ipv6, Location: 加拿大, ISP: , Date: None, Delay: -1 ms, Speed: 0.00 M/s, Resolution: None
Name: 洛阳综合, URL: https://wshlslive.migucloud.com/live/6AL7GTQX_C0/playlist.m3u8, IPv_Type: ipv6, Location: 中国-江苏-扬州, ISP: 电信, Date: None, Delay: 0.1 ms, Speed: inf M/s, Resolution: 1920x1080
Name: 洛阳科教, URL: https://wshlslive.migucloud.com/live/RJ0EYBCZ_C0/playlist.m3u8, IPv_Type: ipv6, Location: 中国-江苏-扬州, ISP: 电信, Date: None, Delay: 0.1 ms, Speed: inf M/s, Resolution: 1920x1080
Name: 洛阳文旅, URL: https://wshlslive.migucloud.com/live/CVN934JS_C0/playlist.m3u8, IPv_Type: ipv6, Location: 中国-江苏-扬州, ISP: 电信, Date: None, Delay: 0.1 ms, Speed: inf M/s, Resolution: 1920x1080
Name: 河南都市, URL: http://iptv.cdn.ha.chinamobile.com/PLTV/88888888/224/3221227241/index.m3u8, IPv_Type: ipv6, Location: 中国, ISP: 中国移动, Date: None, Delay: 0.1 ms, Speed: inf M/s, Resolution: 1920x1080
Name: 河南都市, URL: https://live.lalifeier.eu.org/hntv/hnds.m3u8?t=1745796321&key=fe18400b0aeee777efcd1e3282435d28, IPv_Type: ipv6, Location: 美国, ISP: CloudFlare Inc., Date: None, Delay: 0.1 ms, Speed: inf M/s, Resolution: 1920x1080
Name: 河南都市, URL: https://live.lalifeier.eu.org/hntv/hnds.m3u8?t=1746307365&key=d2cc347e46058bc7b0e9200005d7f1ca, IPv_Type: ipv6, Location: 美国, ISP: CloudFlare Inc., Date: None, Delay: 0.1 ms, Speed: inf M/s, Resolution: 1920x1080
Name: 河南都市, URL: https://live.lalifeier.eu.org/hntv/hnds.m3u8?t=1746393735&key=15d3cc47dac12d622b6ca5af30779f06, IPv_Type: ipv6, Location: 美国, ISP: CloudFlare Inc., Date: None, Delay: 0.1 ms, Speed: inf M/s, Resolution: 1920x1080
Name: 河南都市, URL: https://migu.188766.xyz/?migutoken=9226a48836172a24513db392327353b3&id=%E9%83%BD%E5%B8%82%E9%A2%91%E9%81%93&type=yy, IPv_Type: ipv6, Location: 美国, ISP: CloudFlare Inc., Date: None, Delay: -1 ms, Speed: 0.00 M/s, Resolution: None
Name: 河南都市, URL: https://migu.188766.xyz/?migutoken=d8baa9c6f8f07f20ac65a02d15b59731&id=%E9%83%BD%E5%B8%82%E9%A2%91%E9%81%93&type=yy, IPv_Type: ipv6, Location: 美国, ISP: CloudFlare Inc., Date: None, Delay: -1 ms, Speed: 0.00 M/s, Resolution: None
Name: 河南都市, URL: http://1.94.31.214/php/hntv.php?id=hnds, IPv_Type: ipv4, Location: 中国-上海-上海, ISP: 华为云, Date: None, Delay: 192 ms, Speed: 3.23 M/s, Resolution: 1920x1080
Name: 河南民生, URL: http://iptv.cdn.ha.chinamobile.com/PLTV/88888888/224/3221227268/index.m3u8, IPv_Type: ipv6, Location: 中国, ISP: 中国移动, Date: None, Delay: 0.1 ms, Speed: inf M/s, Resolution: 1920x1080
Name: 河南民生, URL: https://live.lalifeier.eu.org/hntv/hnms.m3u8?t=1745796321&key=5f28534538b48cf3d6dc58909f8897f3, IPv_Type: ipv6, Location: 美国, ISP: CloudFlare Inc., Date: None, Delay: 0.1 ms, Speed: inf M/s, Resolution: 1920x1080
Name: 河南民生, URL: https://live.lalifeier.eu.org/hntv/hnms.m3u8?t=1746307365&key=4ca269e387096c8e47a0ee8ffd77e387, IPv_Type: ipv6, Location: 美国, ISP: CloudFlare Inc., Date: None, Delay: 0.1 ms, Speed: inf M/s, Resolution: 1920x1080
Name: 河南民生, URL: https://live.lalifeier.eu.org/hntv/hnms.m3u8?t=1746393735&key=b741672d258ca54d259ed1c846cb637f, IPv_Type: ipv6, Location: 美国, ISP: CloudFlare Inc., Date: None, Delay: 0.1 ms, Speed: inf M/s, Resolution: 1920x1080
Name: 河南民生, URL: https://migu.188766.xyz/?migutoken=ba721e4f17901a54698b22073b7bc118&id=%E6%B0%91%E7%94%9F%E9%A2%91%E9%81%93&type=yy, IPv_Type: ipv6, Location: 美国, ISP: CloudFlare Inc., Date: None, Delay: -1 ms, Speed: 0.00 M/s, Resolution: None
Name: 河南民生, URL: https://migu.188766.xyz/?migutoken=fc5939dcb32364c5c4004d2527d99d3b&id=%E6%B0%91%E7%94%9F%E9%A2%91%E9%81%93&type=yy, IPv_Type: ipv6, Location: 美国, ISP: CloudFlare Inc., Date: None, Delay: -1 ms, Speed: 0.00 M/s, Resolution: None
Name: 沁阳新闻综合, URL: http://tvpull.dxhmt.cn:9081/tv/10882-1.m3u8, IPv_Type: ipv6, Location: 中国-江苏-徐州, ISP: 电信, Date: None, Delay: 0.1 ms, Speed: inf M/s, Resolution: 1920x1080
Name: 永城综合, URL: http://iptv.cdn.ha.chinamobile.com/PLTV/88888888/224/3221227057/index.m3u8, IPv_Type: ipv6, Location: 中国, ISP: 中国移动, Date: None, Delay: 0.1 ms, Speed: inf M/s, Resolution: 1920x1080
Name: 永城综合, URL: http://tvpull.dxhmt.cn:9081/tv/11481-1.m3u8, IPv_Type: ipv6, Location: 中国-江苏-徐州, ISP: 电信, Date: None, Delay: 0.1 ms, Speed: inf M/s, Resolution: 1920x1080
Name: 方城一套, URL: http://tvpull.dxhmt.cn:9081/tv/11322-1.m3u8?zhend, IPv_Type: ipv6, Location: 中国-江苏-徐州, ISP: 电信, Date: None, Delay: 0.1 ms, Speed: inf M/s, Resolution: 1920x1080
Name: 方城一套, URL: http://tvpull.dxhmt.cn:9081/tv/11322-1.m3u8, IPv_Type: ipv6, Location: 中国-江苏-徐州, ISP: 电信, Date: None, Delay: 0.1 ms, Speed: inf M/s, Resolution: 1920x1080
Name: 新野综合, URL: http://tvpull.dxhmt.cn:9081/tv/11329-1.m3u8?zhend, IPv_Type: ipv6, Location: 加拿大, ISP: , Date: None, Delay: -1 ms, Speed: 0.00 M/s, Resolution: None
Name: 新野综合, URL: http://tvpull.dxhmt.cn:9081/tv/11329-1.m3u8, IPv_Type: ipv6, Location: 加拿大, ISP: , Date: None, Delay: -1 ms, Speed: 0.00 M/s, Resolution: None
Name: 新安新闻综合, URL: http://tvpull.dxhmt.cn:9081/tv/10323-1.m3u8?%E5%85%B3%E6%B3%A8%E5%BE%AE%E4%BF%A1%E5%85%AC%E4%BC%97%E5%8F%B7[%E6%99%B4%E5%9B%AD], IPv_Type: ipv6, Location: 中国-江苏-徐州, ISP: 电信, Date: None, Delay: 0.1 ms, Speed: inf M/s, Resolution: 1920x1080
Name: 新安新闻综合, URL: http://tvpull.dxhmt.cn:9081/tv/10323-1.m3u8, IPv_Type: ipv6, Location: 中国-江苏-徐州, ISP: 电信, Date: None, Delay: 0.1 ms, Speed: inf M/s, Resolution: 1920x1080
Name: 新安新闻综合, URL: http://tvpull.dxhmt.cn:9081/tv/10323-1.m3u8?zhend, IPv_Type: ipv6, Location: 中国-江苏-徐州, ISP: 电信, Date: None, Delay: 0.1 ms, Speed: inf M/s, Resolution: 1920x1080
Name: 开封新闻综合, URL: http://tvpull.dxhmt.cn:9081/tv/10200-2.m3u8?zhend, IPv_Type: ipv6, Location: 中国-江苏-徐州, ISP: 电信, Date: None, Delay: 0.1 ms, Speed: inf M/s, Resolution: 1920x1080
Name: 开封新闻综合, URL: http://iptv.cdn.ha.chinamobile.com/PLTV/88888888/224/3221226689/index.m3u8, IPv_Type: ipv6, Location: 中国, ISP: 中国移动, Date: None, Delay: 0.1 ms, Speed: inf M/s, Resolution: 1920x1080
Name: 开封文化旅游, URL: http://tvpull.dxhmt.cn:9081/tv/10200-3.m3u8?zhend,, IPv_Type: ipv6, Location: 中国-江苏-徐州, ISP: 电信, Date: None, Delay: 0.1 ms, Speed: inf M/s, Resolution: 1920x1080
Name: 开封文化旅游, URL: http://iptv.cdn.ha.chinamobile.com/PLTV/88888888/224/3221226515/index.m3u8, IPv_Type: ipv6, Location: 中国, ISP: 中国移动, Date: None, Delay: 0.1 ms, Speed: inf M/s, Resolution: 1920x1080
Name: 开封文化旅游, URL: http://tvpull.dxhmt.cn:9081/tv/10200-3.m3u8, IPv_Type: ipv6, Location: 中国-江苏-徐州, ISP: 电信, Date: None, Delay: 0.1 ms, Speed: inf M/s, Resolution: 1920x1080
Name: 开封文化旅游, URL: http://tvpull.dxhmt.cn:9081/tv/10200-3.m3u8?zhend, IPv_Type: ipv6, Location: 中国-江苏-徐州, ISP: 电信, Date: None, Delay: 0.1 ms, Speed: inf M/s, Resolution: 1920x1080
Name: 嵩县综合新闻, URL: http://tvpull.dxhmt.cn:9081/tv/10325-1.m3u8?zhendhttp://wshls.live.migucloud.com/live/MZCYG799_C0/playlist.m3u8?zhend, IPv_Type: ipv6, Location: 中国-江苏-徐州, ISP: 电信, Date: None, Delay: 0.1 ms, Speed: inf M/s, Resolution: 1920x1080
Name: 嵩县综合新闻, URL: http://wshls.live.migucloud.com/live/MZCYG799_C0/playlist.m3u8, IPv_Type: ipv6, Location: 中国-江苏-扬州, ISP: 电信, Date: None, Delay: 0.1 ms, Speed: inf M/s, Resolution: 1920x1080
Name: 嵩县综合新闻, URL: http://wshls.live.migucloud.com/live/MZCYG799_C0/playlist.m3u8?zhend, IPv_Type: ipv6, Location: 中国-江苏-扬州, ISP: 电信, Date: None, Delay: 0.1 ms, Speed: inf M/s, Resolution: 1920x1080
Name: 宜阳综合, URL: http://tvpull.dxhmt.cn:9081/tv/10327-1.m3u8?wsSecret=df15530a0abec41b14bca00fc96270d1&wsTime=1654956569, IPv_Type: ipv6, Location: 加拿大, ISP: , Date: None, Delay: -1 ms, Speed: 0.00 M/s, Resolution: None
Name: 宜阳综合, URL: http://tvpull.dxhmt.cn:9081/tv/10327-1.m3u8, IPv_Type: ipv6, Location: 中国-江苏-徐州, ISP: 电信, Date: None, Delay: 0.1 ms, Speed: inf M/s, Resolution: 1920x1080
Name: 宜阳综合, URL: http://tvpull.dxhmt.cn:9081/tv/10327-1.m3u8?zhend, IPv_Type: ipv6, Location: 加拿大, ISP: , Date: None, Delay: -1 ms, Speed: 0.00 M/s, Resolution: None
Name: 内黄综合, URL: http://tvpull.dxhmt.cn:9081/tv/10527-1.m3u8?wsSecret=df15530a0abec41b14bca00fc96270d1&wsTime=1654956569, IPv_Type: ipv6, Location: 加拿大, ISP: , Date: None, Delay: -1 ms, Speed: 0.00 M/s, Resolution: None
Name: 内黄综合, URL: http://tvpull.dxhmt.cn:9081/tv/10527-1.m3u8, IPv_Type: ipv6, Location: 加拿大, ISP: , Date: None, Delay: -1 ms, Speed: 0.00 M/s, Resolution: None
Name: 内黄综合, URL: http://tvpull.dxhmt.cn:9081/tv/10527-1.m3u8?zhend, IPv_Type: ipv6, Location: 加拿大, ISP: , Date: None, Delay: -1 ms, Speed: 0.00 M/s, Resolution: None
Name: 内乡综合, URL: http://tvpull.dxhmt.cn:9081/tv/11325-1.m3u8?%E5%85%B3%E6%B3%A8%E5%BE%AE%E4%BF%A1%E5%85%AC%E4%BC%97%E5%8F%B7[%E6%99%B4%E5%9B%AD], IPv_Type: ipv6, Location: 中国-江苏-徐州, ISP: 电信, Date: None, Delay: 0.1 ms, Speed: inf M/s, Resolution: 1920x1080
Name: 偃师新闻, URL: http://tvpull.dxhmt.cn:9081/tv/10381-1.m3u8?wsSecret=df15530a0abec41b14bca00fc96270d1&wsTime=1654956569, IPv_Type: ipv6, Location: 加拿大, ISP: , Date: None, Delay: -1 ms, Speed: 0.00 M/s, Resolution: None
Name: 偃师新闻, URL: http://tvpull.dxhmt.cn:9081/tv/10381-1.m3u8, IPv_Type: ipv6, Location: 加拿大, ISP: , Date: None, Delay: -1 ms, Speed: 0.00 M/s, Resolution: None
Name: 鹿泉一套, URL: https://jwcdnqx.hebyun.com.cn/zb/luquanyi/1500k/tzwj_video.m3u8, IPv_Type: ipv6, Location: 中国, ISP: 中国联通, Date: None, Delay: 0.1 ms, Speed: inf M/s, Resolution: 1920x1080
Name: 邯郸科技教育, URL: http://live.hd.hdbs.cn/video/s10001-2021hdkjjy/index.m3u8?zhebd, IPv_Type: ipv6, Location: 中国, ISP: 中国联通, Date: None, Delay: 0.1 ms, Speed: inf M/s, Resolution: 1920x1080
Name: 邯郸科技教育, URL: https://jwcdnqx.hebyun.com.cn/live/hdkj/1500k/tzwj_video.m3u8, IPv_Type: ipv6, Location: 中国, ISP: 中国联通, Date: None, Delay: -1 ms, Speed: 0.00 M/s, Resolution: None
Name: 邯郸公共, URL: http://live.hd.hdbs.cn/video/s10001-2021hdgg/index.m3u8?zhebd, IPv_Type: ipv6, Location: 中国, ISP: 中国联通, Date: None, Delay: 0.1 ms, Speed: inf M/s, Resolution: 1920x1080
Name: 邯郸公共, URL: https://jwcdnqx.hebyun.com.cn/zb/hdgg/1500k/tzwj_video.m3u8, IPv_Type: ipv6, Location: 中国, ISP: 中国联通, Date: None, Delay: 0.1 ms, Speed: inf M/s, Resolution: 1920x1080
Name: 邯郸新闻, URL: https://jwcdnqx.hebyun.com.cn/live/hdxwzh/1500k/tzwj_video.m3u8, IPv_Type: ipv6, Location: 中国, ISP: 中国联通, Date: None, Delay: -1 ms, Speed: 0.00 M/s, Resolution: None
Name: 邯郸科教, URL: https://jwcdnqx.hebyun.com.cn/zb/hdkj/1500k/tzwj_video.m3u8, IPv_Type: ipv6, Location: 中国, ISP: 中国联通, Date: None, Delay: 0.1 ms, Speed: inf M/s, Resolution: 1920x1080
Name: 邢台综合, URL: http://jwplay.hebyun.com.cn/live/xtsrmtzs/1500k/tzwj_video.m3u8, IPv_Type: ipv6, Location: 中国, ISP: 中国联通, Date: None, Delay: 0.1 ms, Speed: inf M/s, Resolution: 1920x1080
Name: 邢台综合, URL: https://jwplay.hebyun.com.cn/live/xttv/1500k/tzwj_video.m3u8, IPv_Type: ipv6, Location: 中国, ISP: 中国联通, Date: None, Delay: 0.1 ms, Speed: inf M/s, Resolution: 1920x1080
Name: 邢台综合, URL: https://jwplay.hebyun.com.cn/live/xttv/1500k/tzwj_video.m3u8?zhebd, IPv_Type: ipv6, Location: 中国, ISP: 中国联通, Date: None, Delay: 0.1 ms, Speed: inf M/s, Resolution: 1920x1080
Name: 邢台综合, URL: https://jwplay.hebyun.com.cn:443/live/xtsrmtzs/1500k/tzwj_video.m3u8, IPv_Type: ipv6, Location: 中国, ISP: 中国联通, Date: None, Delay: 0.1 ms, Speed: inf M/s, Resolution: 1920x1080
Name: 衡水公共, URL: http://ls.qingting.fm/live/2810.m3u8, IPv_Type: ipv6, Location: 中国-广东-东莞, ISP: 电信, Date: None, Delay: 0.1 ms, Speed: inf M/s, Resolution: 1920x1080
Name: 滦平新闻, URL: http://jwplay.hebyun.com.cn/live/LPTV001/1500k/tzwj_video.m3u8, IPv_Type: ipv6, Location: 中国, ISP: 中国联通, Date: None, Delay: 0.1 ms, Speed: inf M/s, Resolution: 1920x1080
Name: 河北都市, URL: https://jwplay.hebyun.com.cn/live/hbdstv/1500k/tzwj_video.m3u8#http://tv.pull.hebtv.com/jishi/dushipindao.m3u8?t=2510710360&k=4380da13735a230c080ce8ff404033af, IPv_Type: ipv6, Location: 中国, ISP: 中国联通, Date: None, Delay: 0.1 ms, Speed: inf M/s, Resolution: 1920x1080
Name: 河北都市, URL: http://jwplay.hebyun.com.cn/live/hbnmtv/1500k/tzwj_video.m3u8, IPv_Type: ipv6, Location: 中国, ISP: 中国联通, Date: None, Delay: 0.1 ms, Speed: inf M/s, Resolution: 1920x1080
Name: 河北都市, URL: https://event.pull.hebtv.com/jishi/dushipindao.m3u8, IPv_Type: ipv6, Location: 中国, ISP: 中国电信, Date: None, Delay: 0.1 ms, Speed: inf M/s, Resolution: 1920x1080
Name: 河北都市, URL: https://live.lalifeier.eu.org/hebtv/hbds.m3u8?t=1745774515&key=ce739e0d0528ad5a5e6434e48c963ced, IPv_Type: ipv6, Location: 美国, ISP: CloudFlare Inc., Date: None, Delay: 0.1 ms, Speed: inf M/s, Resolution: 1920x1080
Name: 河北都市, URL: https://live.lalifeier.eu.org/hebtv/hbds.m3u8?t=1746292937&key=31037b0f5b409589966488a8534d4f77, IPv_Type: ipv6, Location: 美国, ISP: CloudFlare Inc., Date: None, Delay: 0.1 ms, Speed: inf M/s, Resolution: 1920x1080
Name: 河北都市, URL: https://live.lalifeier.eu.org/hebtv/hbds.m3u8?t=1746307365&key=ac1ef10a10a447846c16428759df6b95, IPv_Type: ipv6, Location: 美国, ISP: CloudFlare Inc., Date: None, Delay: 0.1 ms, Speed: inf M/s, Resolution: 1920x1080
Name: 河北都市, URL: https://live.lalifeier.eu.org/hebtv/hbds.m3u8?t=1746379256&key=4da081270bc85d02099091b47a9ee5dd, IPv_Type: ipv6, Location: 美国, ISP: CloudFlare Inc., Date: None, Delay: 0.1 ms, Speed: inf M/s, Resolution: 1920x1080
Name: 河北都市, URL: https://live.lalifeier.eu.org/hebtv/hbds.m3u8?t=1746393735&key=c6af04dacacc8befbdb92a0fec4c60ee, IPv_Type: ipv6, Location: 美国, ISP: CloudFlare Inc., Date: None, Delay: 0.1 ms, Speed: inf M/s, Resolution: 1920x1080
Name: 河北都市, URL: rtmp://tv.pull.hebtv.com/jishi/dushipindao?t=2510710360&k=b43f406360a945d199904faf3b6e2c18, IPv_Type: ipv6, Location: 中国, ISP: 中国电信, Date: None, Delay: 0.1 ms, Speed: inf M/s, Resolution: 1920x1080
Name: 河北农民, URL: https://ls.qingting.fm/live/1650/64k.m3u8, IPv_Type: ipv6, Location: 中国-广东-东莞, ISP: 电信, Date: None, Delay: 0.1 ms, Speed: inf M/s, Resolution: 1920x1080
Name: 河北农民, URL: http://ls.qingting.fm/live/1650.m3u8, IPv_Type: ipv6, Location: 中国-广东-东莞, ISP: 电信, Date: None, Delay: 0.1 ms, Speed: inf M/s, Resolution: 1920x1080
Name: 河北农民, URL: https://event.pull.hebtv.com/jishi/nongminpindao.m3u8, IPv_Type: ipv6, Location: 中国, ISP: 中国电信, Date: None, Delay: 0.1 ms, Speed: inf M/s, Resolution: 1920x1080
Name: 河北农民, URL: https://jwcdnqx.hebyun.com.cn/live/clzhpd/1500k/tzwj_video.m3u8?zhebd, IPv_Type: ipv6, Location: 中国, ISP: 中国联通, Date: None, Delay: -1 ms, Speed: 0.00 M/s, Resolution: None
Name: 河北农民, URL: https://jwplay.hebyun.com.cn/zb/hbnmtv/1500k/tzwj_video.m3u8?zhebd, IPv_Type: ipv6, Location: 中国, ISP: 中国联通, Date: None, Delay: 0.1 ms, Speed: inf M/s, Resolution: 1920x1080
Name: 河北农民, URL: https://live.lalifeier.eu.org/hebtv/hbnm.m3u8?t=1745774515&key=fec9ea387b470ccb0dc8e6e0e5b36bec, IPv_Type: ipv6, Location: 美国, ISP: CloudFlare Inc., Date: None, Delay: 0.1 ms, Speed: inf M/s, Resolution: 1920x1080
Name: 河北农民, URL: https://live.lalifeier.eu.org/hebtv/hbnm.m3u8?t=1746292937&key=9dc8fc082e1d72b74063dfc2bc945e16, IPv_Type: ipv6, Location: 美国, ISP: CloudFlare Inc., Date: None, Delay: 0.1 ms, Speed: inf M/s, Resolution: 1920x1080
Name: 河北农民, URL: https://live.lalifeier.eu.org/hebtv/hbnm.m3u8?t=1746307365&key=f8b778466518d5f6d89b1a38fcbea28d, IPv_Type: ipv6, Location: 美国, ISP: CloudFlare Inc., Date: None, Delay: 0.1 ms, Speed: inf M/s, Resolution: 1920x1080
Name: 河北农民, URL: https://live.lalifeier.eu.org/hebtv/hbnm.m3u8?t=1746379256&key=3505bde88f415af4e966dafa916ad8ae, IPv_Type: ipv6, Location: 美国, ISP: CloudFlare Inc., Date: None, Delay: 0.1 ms, Speed: inf M/s, Resolution: 1920x1080
Name: 河北农民, URL: https://live.lalifeier.eu.org/hebtv/hbnm.m3u8?t=1746393735&key=34100a9736334c36296dd0d2a32def60, IPv_Type: ipv6, Location: 美国, ISP: CloudFlare Inc., Date: None, Delay: 0.1 ms, Speed: inf M/s, Resolution: 1920x1080
Name: 河北农民, URL: https://tv.pull.hebtv.com/jishi/nongminpindao.m3u8?t=1963555153&k=322fe32502d1e3695b0bdef5e698635e, IPv_Type: ipv6, Location: 中国, ISP: 中国电信, Date: None, Delay: 0.1 ms, Speed: inf M/s, Resolution: 1920x1080
Name: 河北农民, URL: rtmp://tv.pull.hebtv.com/jishi/nongminpindao?t=2510710360&k=a3c2c0f740a31dc24d48ad098cd1eec3, IPv_Type: ipv6, Location: 中国, ISP: 中国电信, Date: None, Delay: 0.1 ms, Speed: inf M/s, Resolution: 1920x1080
Name: 河北农民, URL: https://jwcdnqx.hebyun.com.cn/live/clzhpd/1500k/tzwj_video.m3u8, IPv_Type: ipv6, Location: 中国, ISP: 中国联通, Date: None, Delay: -1 ms, Speed: 0.00 M/s, Resolution: None
Name: 昌黎综合, URL: https://jwcdnqx.hebyun.com.cn/live/clzhpd/1500k/tzwj_video.m3u8, IPv_Type: ipv6, Location: 中国, ISP: 中国联通, Date: None, Delay: -1 ms, Speed: 0.00 M/s, Resolution: None
Name: 任丘文娱, URL: https://jwcdnqx.hebyun.com.cn/live/rqtv2/1500k/tzwj_video.m3u8, IPv_Type: ipv6, Location: 中国, ISP: 中国联通, Date: None, Delay: 0.1 ms, Speed: inf M/s, Resolution: 1920x1080
Name: 任丘综合, URL: https://jwcdnqx.hebyun.com.cn/live/rqtv1/1500k/tzwj_video.m3u8, IPv_Type: ipv6, Location: 中国, ISP: 中国联通, Date: None, Delay: 0.1 ms, Speed: inf M/s, Resolution: 1920x1080
Name: 兴隆综合, URL: https://jwcdnqx.hebyun.com.cn/live/xlzh/1500k/tzwj_video.m3u8, IPv_Type: ipv6, Location: 中国, ISP: 中国联通, Date: None, Delay: 0.1 ms, Speed: inf M/s, Resolution: 1920x1080
Name: 平泉综合, URL: https://jwcdnqx.hebyun.com.cn/live/pqzh/1500k/tzwj_video.m3u8, IPv_Type: ipv6, Location: 中国, ISP: 中国联通, Date: None, Delay: 0.1 ms, Speed: inf M/s, Resolution: 1920x1080
Name: 昌黎, URL: https://jwcdnqx.hebyun.com.cn/live/clzhpd/1500k/tzwj_video.m3u8, IPv_Type: ipv6, Location: 中国, ISP: 中国联通, Date: None, Delay: 0.1 ms, Speed: inf M/s, Resolution: 1920x1080
Name: 清河新闻综合, URL: https://jwcdnqx.hebyun.com.cn/live/qinghe/1500k/tzwj_video.m3u8, IPv_Type: ipv6, Location: 中国, ISP: 中国联通, Date: None, Delay: 0.1 ms, Speed: inf M/s, Resolution: 1920x1080
Name: 清河经济综艺, URL: https://jwcdnqx.hebyun.com.cn/live/qinghe1/1500k/tzwj_video.m3u8, IPv_Type: ipv6, Location: 中国, ISP: 中国联通, Date: None, Delay: 0.1 ms, Speed: inf M/s, Resolution: 1920x1080
Name: 安顺新闻, URL: http://hplayer1.juyun.tv/camera/154379194.m3u8, IPv_Type: ipv6, Location: 中国, ISP: 中国联通, Date: None, Delay: 0.1 ms, Speed: inf M/s, Resolution: 1920x1080
Name: 安顺新闻, URL: https://ls.qingting.fm/live/5022203/64k.m3u8, IPv_Type: ipv6, Location: 中国-广东-东莞, ISP: 电信, Date: None, Delay: 0.1 ms, Speed: inf M/s, Resolution: 1920x1080
Name: 甘肃经济, URL: https://hls.gstv.com.cn/49048r/10iv1j.m3u8, IPv_Type: ipv6, Location: 中国, ISP: 中国电信, Date: None, Delay: 0.1 ms, Speed: inf M/s, Resolution: 1920x1080
Name: 甘肃公共, URL: https://hls.gstv.com.cn/49048r/3t5xyc.m3u8, IPv_Type: ipv6, Location: 中国, ISP: 中国电信, Date: None, Delay: 0.1 ms, Speed: inf M/s, Resolution: 1920x1080
Name: 甘肃都市, URL: https://hls.gstv.com.cn/49048r/l54391.m3u8, IPv_Type: ipv6, Location: 中国, ISP: 中国电信, Date: None, Delay: 0.1 ms, Speed: inf M/s, Resolution: 1920x1080
Name: 嘉峪关综合, URL: http://play.kankanlive.com/live/1720583434627241.m3u8, IPv_Type: ipv4, Location: 中国-河北-廊坊, ISP: 联通, Date: None, Delay: 667 ms, Speed: 0.16 M/s, Resolution: 1920x1080
Name: 甘肃少儿, URL: https://hls.gstv.com.cn/49048r/922k96.m3u8, IPv_Type: ipv6, Location: 中国, ISP: 中国电信, Date: None, Delay: 0.1 ms, Speed: inf M/s, Resolution: 1920x1080
Name: 白银综合, URL: http://play.kankanlive.com/live/1720408089419110.m3u8, IPv_Type: ipv4, Location: 中国-山东-青岛, ISP: 联通, Date: None, Delay: 824 ms, Speed: 0.32 M/s, Resolution: 1920x1080
Name: 白银综合, URL: https://play.kankanlive.com/live/1720408089419110.m3u8, IPv_Type: ipv4, Location: 中国-山东-青岛, ISP: 联通, Date: None, Delay: 1178 ms, Speed: 0.25 M/s, Resolution: 1920x1080
Name: 秦安综合, URL: https://play.kankanlive.com/live/1659926941626981.m3u8, IPv_Type: ipv4, Location: 中国-河北, ISP: 联通, Date: None, Delay: 1584 ms, Speed: 1.17 M/s, Resolution: 1920x1080
Name: 西峰综合, URL: http://play.kankanlive.com/live/1683944827526991.m3u8, IPv_Type: ipv4, Location: 中国-山东-青岛, ISP: 联通, Date: None, Delay: 1396 ms, Speed: 2.11 M/s, Resolution: 1280x720
Name: 酒泉综合, URL: https://3ee63cd9178a070a2db29f77915c49d4.livehwc3.cn/play.kankanlive.com/live/1702033926169975.m3u8, IPv_Type: ipv6, Location: 中国, ISP: 中国电信, Date: None, Delay: 0.1 ms, Speed: inf M/s, Resolution: 1920x1080
Name: 金昌综合, URL: http://stream4.liveyun.hoge.cn/ch02/sd/live.m3u8, IPv_Type: ipv4, Location: IANA, ISP: 本机地址, Date: None, Delay: 190 ms, Speed: 0.00 M/s, Resolution: None
Name: 哈密一套, URL: https://tvpull.hmgbtv.com/hmtv/channel9cd66b3d5d258b2b.flv, IPv_Type: ipv4, Location: 美国-伊利诺伊州-库克, ISP: 网宿CDN节点, Date: None, Delay: 72 ms, Speed: 0.18 M/s, Resolution: 1920x1080
Name: 哈密二套, URL: https://tvpull.hmgbtv.com/hmtv/channel108259412c6a6711/playlist.m3u8, IPv_Type: ipv4, Location: 美国-伊利诺伊州-库克, ISP: 网宿CDN节点, Date: None, Delay: 150 ms, Speed: 4.43 M/s, Resolution: 1920x1080
Name: 哈密三套, URL: https://tvpull.hmgbtv.com/hmtv/channelfb0e5c505477aa44/playlist.m3u8, IPv_Type: ipv4, Location: 美国-伊利诺伊州-库克, ISP: 网宿CDN节点, Date: None, Delay: 123 ms, Speed: 5.03 M/s, Resolution: 1920x1080
Name: 伊犁维吾尔, URL: http://110.153.180.106:55555/out_2/index.m3u8?zxinjd, IPv_Type: ipv4, Location: 中国-新疆-伊犁哈萨克自治州, ISP: 电信, Date: None, Delay: 2977 ms, Speed: 1.92 M/s, Resolution: None
Name: 伊犁哈萨克, URL: http://110.153.180.106:55555/out_3/index.m3u8, IPv_Type: ipv4, Location: 中国-新疆-伊犁哈萨克自治州, ISP: 电信, Date: None, Delay: 3561 ms, Speed: 1.83 M/s, Resolution: None
Name: 伊犁经济法制, URL: http://110.153.180.106:55555/out_4/index.m3u8, IPv_Type: ipv4, Location: 中国-新疆-伊犁哈萨克自治州, ISP: 电信, Date: None, Delay: 3284 ms, Speed: 1.87 M/s, Resolution: None
Name: 伊犁经济法制, URL: http://110.153.180.106:55555/out_4/index.m3u8?zxinjd, IPv_Type: ipv4, Location: 中国-新疆-伊犁哈萨克自治州, ISP: 电信, Date: None, Delay: 6855 ms, Speed: 1.12 M/s, Resolution: None
Name: 兵团五师双河新闻综合, URL: http://liveout.btzx.com.cn/62ds9e/4nxdih.m3u8?fbl=, IPv_Type: ipv4, Location: 中国-河南-信阳, ISP: 电信, Date: None, Delay: 1856 ms, Speed: 0.16 M/s, Resolution: 720x576
Name: 兵团五师双河新闻综合, URL: https://liveout.btzx.com.cn/62ds9e/4nxdih.m3u8?zxinjd, IPv_Type: ipv4, Location: 中国-河南-信阳, ISP: 电信, Date: None, Delay: 2007 ms, Speed: 0.15 M/s, Resolution: 720x576
Name: 奎屯哈萨克语, URL: http://218.84.12.186:8002/hls/main/playlist.m3u8, IPv_Type: ipv4, Location: 中国-新疆-伊犁哈萨克自治州, ISP: 电信, Date: None, Delay: 1439 ms, Speed: 0.09 M/s, Resolution: 1920x1080
Name: 奎屯哈萨克语, URL: http://218.84.12.186:8002/hls/main/playlist.m3u8?zxinjd, IPv_Type: ipv4, Location: 中国-新疆-伊犁哈萨克自治州, ISP: 电信, Date: None, Delay: 1468 ms, Speed: 0.09 M/s, Resolution: 1920x1080
Name: 玛纳斯综合, URL: http://218.84.127.245:1026/hls/main1/playlist.m3u8?zxinjd,, IPv_Type: ipv4, Location: 中国-新疆-昌吉回族自治州, ISP: 电信, Date: None, Delay: 3751 ms, Speed: 0.35 M/s, Resolution: 1920x1080
Name: 玛纳斯综合, URL: http://218.84.127.245:1026/hls/main1/playlist.m3u8, IPv_Type: ipv4, Location: 中国-新疆-昌吉回族自治州, ISP: 电信, Date: None, Delay: 3351 ms, Speed: 0.31 M/s, Resolution: 1920x1080
Name: 玛纳斯综合, URL: http://218.84.127.245:1026/hls/main1/playlist.m3u8?zxinjd, IPv_Type: ipv4, Location: 中国-新疆-昌吉回族自治州, ISP: 电信, Date: None, Delay: 3424 ms, Speed: 0.30 M/s, Resolution: 1920x1080
Name: 新疆卫视, URL: http://php.jdshipin.com/TVOD/hljyd.php?id=3221225635, IPv_Type: ipv6, Location: 美国, ISP: CloudFlare Inc., Date: None, Delay: 0.1 ms, Speed: inf M/s, Resolution: 1920x1080
Name: 新疆卫视, URL: http://[2409:8087:1a0a:df::404b]/ottrrs.hl.chinamobile.com/TVOD/88888888/224/3221225635/index.m3u8, IPv_Type: ipv6, Location: 中国, ISP: 中国移动, Date: None, Delay: 0.1 ms, Speed: inf M/s, Resolution: 1920x1080
Name: 新疆卫视, URL: http://[2409:8087:2001:20:2800:0:df6e:eb0b]/wh7f454c46tw993550557_162751766/ott.mobaibox.com/PLTV/3/224/3221228290/index.m3u8?icpid=3&RTS=1668604377&from=40&popid=40&hms_devid=2038&prioritypopid=40&vqe=3, IPv_Type: ipv6, Location: 中国, ISP: 中国移动, Date: None, Delay: 0.1 ms, Speed: inf M/s, Resolution: 1920x1080
Name: 新疆卫视, URL: http://[2409:8087:1a01:df::4077]/ottrrs.hl.chinamobile.com/PLTV/88888888/8/3221226460/index.m3u8, IPv_Type: ipv6, Location: 中国, ISP: 中国移动, Date: None, Delay: 0.1 ms, Speed: inf M/s, Resolution: 1920x1080
Name: 新疆卫视, URL: http://[2409:8087:8:21::18]:6610/otttv.bj.chinamobile.com/PLTV/88888888/224/3221226546/1.m3u8, IPv_Type: ipv6, Location: 中国, ISP: 中国移动, Date: None, Delay: 0.1 ms, Speed: inf M/s, Resolution: 1920x1080
Name: 新疆卫视, URL: http://[2409:8087:8:21::18]:6610/otttv.bj.chinamobile.com/PLTV/88888888/224/3221226923/1.m3u8, IPv_Type: ipv6, Location: 中国, ISP: 中国移动, Date: None, Delay: 0.1 ms, Speed: inf M/s, Resolution: 1920x1080
Name: 新疆卫视, URL: http://[2409:8087:1e03:21::2]:6060/cms001/ch00000090990000001065/index.m3u8, IPv_Type: ipv6, Location: 中国, ISP: 中国移动, Date: None, Delay: 0.1 ms, Speed: inf M/s, Resolution: 1920x1080
Name: 新疆卫视, URL: http://[2409:8087:3428:20:500::100f]:6610/PLTV/88888888/224/3221227248/index.m3u8?servicetype=1&IASHttpSessionId=RR423820220409134714119178, IPv_Type: ipv6, Location: 中国, ISP: 中国移动, Date: None, Delay: 0.1 ms, Speed: inf M/s, Resolution: 1920x1080
Name: 新疆卫视, URL: http://[2409:8087:3428:20:500::1009]:6610/PLTV/88888888/224/3221227248/index.m3u8?servicetype=1&IASHttpSessionId=RR423820220409134714119178, IPv_Type: ipv6, Location: 中国, ISP: 中国移动, Date: None, Delay: 0.1 ms, Speed: inf M/s, Resolution: 1920x1080
Name: 新疆卫视, URL: http://[2409:8087:1a01:df::4077]:80/ottrrs.hl.chinamobile.com/PLTV/88888888/8/3221226460/index.m3u8, IPv_Type: ipv6, Location: 中国, ISP: 中国移动, Date: None, Delay: 0.1 ms, Speed: inf M/s, Resolution: 1920x1080
Name: 新疆卫视, URL: http://[2409:8087:3428:20:500::100f]:6610/PLTV/88888888/224/3221225852/index.m3u8?servicetype=1&IASHttpSessionId=RR423820220409134714119178, IPv_Type: ipv6, Location: 中国, ISP: 中国移动, Date: None, Delay: 0.1 ms, Speed: inf M/s, Resolution: 1920x1080
Name: 新疆卫视, URL: http://[2409:8087:3428:20:500::1009]:6610/PLTV/88888888/224/3221225852/index.m3u8?servicetype=1&IASHttpSessionId=RR423820220409134714119178, IPv_Type: ipv6, Location: 中国, ISP: 中国移动, Date: None, Delay: 0.1 ms, Speed: inf M/s, Resolution: 1920x1080
Name: 新疆卫视, URL: http://[2409:8087:2001:20:2800:0:df6e:eb0a]/ott.mobaibox.com/PLTV/3/224/3221228290/index.m3u8, IPv_Type: ipv6, Location: 中国, ISP: 中国移动, Date: None, Delay: 0.1 ms, Speed: inf M/s, Resolution: 1920x1080
Name: 新疆卫视, URL: http://[2409:8087:5e01:34::23]:6610/ZTE_CMS/00000001000000060000000000000316/index.m3u8, IPv_Type: ipv6, Location: 中国, ISP: 中国移动, Date: None, Delay: 0.1 ms, Speed: inf M/s, Resolution: 1920x1080
Name: 新疆卫视, URL: http://nas.jdshipin.com:8801/xjtv.php?id=xjws, IPv_Type: ipv6, Location: 美国, ISP: CloudFlare Inc., Date: None, Delay: 0.1 ms, Speed: inf M/s, Resolution: 1920x1080
Name: 新疆卫视, URL: http://cdn.jdshipin.com:8880/ysp.php?id=xjws, IPv_Type: ipv6, Location: 美国, ISP: CloudFlare Inc., Date: None, Delay: 0.1 ms, Speed: inf M/s, Resolution: 1920x1080
Name: 新疆卫视, URL: http://[2409:8087:1a01:df::7005]:80/ottrrs.hl.chinamobile.com/PLTV/88888888/224/3221225635/index.m3u8, IPv_Type: ipv6, Location: 中国, ISP: 中国移动, Date: None, Delay: 0.1 ms, Speed: inf M/s, Resolution: 1920x1080
Name: 新疆卫视, URL: http://[2409:8087:3869:8021:1001::e5]:6610/PLTV/88888888/224/3221225725/2/index.m3u8, IPv_Type: ipv6, Location: 中国, ISP: 中国移动, Date: None, Delay: -1 ms, Speed: 0.00 M/s, Resolution: None
Name: 新疆卫视, URL: http://[2409:8087:8:21::18]:6610/otttv.bj.chinamobile.com/PLTV/88888888/224/3221227011/1.m3u8?GuardEncType=2&accountinfo=%7E%7EV2.0%7ExAUu61iVvo_xYbANWJhgXw%7EtP4-l0lmSfjwLWEfK_el1vH_mv-s1zo4AQJwdedaVwG9xkuFTDg8J26cwOrNJzn20BErrHdLhuZ9EzLUCD3PMW-OMx4MGteHV2vLeW6BqoY%2CEND, IPv_Type: ipv6, Location: 中国, ISP: 中国移动, Date: None, Delay: -1 ms, Speed: 0.00 M/s, Resolution: None
Name: 新疆卫视, URL: http://rrs01.hw.gmcc.net:8088/PLTV/81/224/3221226700/1.m3u8, IPv_Type: ipv6, Location: 中国, ISP: 中国移动, Date: None, Delay: -1 ms, Speed: 0.00 M/s, Resolution: None
Name: 新疆卫视, URL: https://cc06.tv12.xyz/109.m3u8, IPv_Type: ipv6, Location: 美国, ISP: CloudFlare Inc., Date: None, Delay: -1 ms, Speed: 0.00 M/s, Resolution: None
Name: 可克达拉综合, URL: rtmp://liveout.btzx.com.cn/62ds9e/4nxdih, IPv_Type: ipv4, Location: 中国-河南-信阳, ISP: 电信, Date: None, Delay: -1 ms, Speed: inf M/s, Resolution: 720x576
Name: 可克达拉综合, URL: http://file.loulannews.cn/nmip-media/channellive/channel103824/playlist.m3u8, IPv_Type: ipv4, Location: 中国-新疆, ISP: 移动, Date: None, Delay: 6614 ms, Speed: 0.38 M/s, Resolution: 1920x1080
Name: 巴音郭楞州, URL: rtmp://tv.loulannews.cn/channellive/ch1, IPv_Type: ipv4, Location: 中国-新疆, ISP: 移动, Date: None, Delay: -1 ms, Speed: inf M/s, Resolution: 1920x1080
Name: 石河子教育, URL: rtmp://124.88.144.73:1935/live/jiaoyu, IPv_Type: ipv4, Location: 中国-新疆-石河子, ISP: 联通, Date: None, Delay: -1 ms, Speed: inf M/s, Resolution: 1920x1080
Name: 山东少儿, URL: http://livealone302.iqilu.com/iqilu/sepd.m3u8, IPv_Type: ipv6, Location: 中国-广东-东莞, ISP: 电信, Date: None, Delay: 0.1 ms, Speed: inf M/s, Resolution: 1920x1080
Name: 山东新闻, URL: http://ls.qingting.fm/live/60180.m3u8, IPv_Type: ipv6, Location: 中国-广东-东莞, ISP: 电信, Date: None, Delay: 0.1 ms, Speed: inf M/s, Resolution: 1920x1080
Name: 山东新闻, URL: http://livealone302.iqilu.com/iqilu/ggpd.m3u8, IPv_Type: ipv6, Location: 中国-广东-东莞, ISP: 电信, Date: None, Delay: 0.1 ms, Speed: inf M/s, Resolution: 1920x1080
Name: 山东教育, URL: http://iptv.huuc.edu.cn/hls/sdetv.m3u8, IPv_Type: ipv6, Location: 中国, ISP: 教育网, Date: None, Delay: 0.1 ms, Speed: inf M/s, Resolution: 1920x1080
Name: 山东教育, URL: http://rrs01.hw.gmcc.net:8088/PLTV/81/224/3221226701/1.m3u8, IPv_Type: ipv6, Location: 中国, ISP: 中国移动, Date: None, Delay: -1 ms, Speed: 0.00 M/s, Resolution: None
Name: 山东教育, URL: http://gslbmgsplive.miguvideo.com/migu/kailu/sdjyws/51/20250915/index.m3u8?msisdn=20250927080126244a72fa1b554182ae03568fff35bca7&mdspid=&spid=600697&netType=0&sid=5910022199&pid=2028597139&timestamp=20250927080126&Channel_ID=0116_2600000900-99000-201600010010027&ProgramID=609154353&ParentNodeID=-99&assertID=5910022199&client_ip=106.13.250.83&SecurityKey=20250927080126&promotionId=&mvid=2200208305&mcid=500020&playurlVersion=WX-A1-8.9.2-RELEASE&userid=&jmhm=&videocodec=h264&bean=mgspad&tid=android&conFee=0&puData=41ee1554c91427e91ee78ce8b64f7a33&ddCalcu=3431eae27e9f104565b48ce9c18472e7ee19, IPv_Type: ipv6, Location: 中国, ISP: 中国移动, Date: None, Delay: -1 ms, Speed: 0.00 M/s, Resolution: None
Name: 山东教育, URL: http://gslbmgsplive.miguvideo.com/migu/kailu/sdjyws/51/20250915/index.m3u8?msisdn=20251023080146a623a1a467704de1bb9f78bcfbe3cb85&mdspid=&spid=600697&netType=0&sid=5910022199&pid=2028597139&timestamp=20251023080146&Channel_ID=0116_2600000900-99000-201600010010027&ProgramID=609154353&ParentNodeID=-99&assertID=5910022199&client_ip=106.13.250.83&SecurityKey=20251023080146&promotionId=&mvid=2200208305&mcid=500020&playurlVersion=WX-A1-8.9.2-RELEASE&userid=&jmhm=&videocodec=h264&bean=mgspad&tid=android&conFee=0&puData=dac6a2cd92e52b24f75ac42655739371&ddCalcu=1d7ae3c29693a0725c5d69224ec5a25b72f4, IPv_Type: ipv6, Location: 中国, ISP: 中国移动, Date: None, Delay: -1 ms, Speed: 0.00 M/s, Resolution: None
Name: 山东教育, URL: http://gslbmgsplive.miguvideo.com/migu/kailu/sdjyws/51/20250915/index.m3u8?msisdn=202510240801014993ead85bb84238ba256233f39ec1fe&mdspid=&spid=600697&netType=0&sid=5910022199&pid=2028597139&timestamp=20251024080101&Channel_ID=0116_2600000900-99000-201600010010027&ProgramID=609154353&ParentNodeID=-99&assertID=5910022199&client_ip=106.13.250.88&SecurityKey=20251024080101&promotionId=&mvid=2200208305&mcid=500020&playurlVersion=WX-A1-8.9.2-RELEASE&userid=&jmhm=&videocodec=h264&bean=mgspad&tid=android&conFee=0&puData=9a9b9f0fe534bfd0201d1b9425c62be5&ddCalcu=59eaeb922b9690cf502f4e95b314db1f0d20, IPv_Type: ipv6, Location: 中国, ISP: 中国移动, Date: None, Delay: -1 ms, Speed: 0.00 M/s, Resolution: None
Name: 山东教育, URL: http://gslbmgsplive.miguvideo.com/migu/kailu/sdjyws/51/20250915/index.m3u8?msisdn=202510250801048fff0e4b106b4345af1deefefd8d0de7&mdspid=&spid=600697&netType=0&sid=5910022199&pid=2028597139&timestamp=20251025080104&Channel_ID=0116_2600000900-99000-201600010010027&ProgramID=609154353&ParentNodeID=-99&assertID=5910022199&client_ip=106.13.250.90&SecurityKey=20251025080104&promotionId=&mvid=2200208305&mcid=500020&playurlVersion=WX-A1-8.9.2-RELEASE&userid=&jmhm=&videocodec=h264&bean=mgspad&tid=android&conFee=0&puData=5ed99a35aabe1c5a975b3c9f32ac70d9&ddCalcu=95dee0d2799c90aa2335fa9acb3eb15c759a, IPv_Type: ipv6, Location: 中国, ISP: 中国移动, Date: None, Delay: -1 ms, Speed: 0.00 M/s, Resolution: None
Name: 山东教育, URL: http://gslbmgsplive.miguvideo.com/migu/kailu/sdjyws/51/20250915/index.m3u8?msisdn=202510260801019bd2e5ad2269402db1f8eed1067a0adc&mdspid=&spid=600697&netType=0&sid=5910022199&pid=2028597139&timestamp=20251026080101&Channel_ID=0116_2600000900-99000-201600010010027&ProgramID=609154353&ParentNodeID=-99&assertID=5910022199&client_ip=106.13.250.83&SecurityKey=20251026080101&promotionId=&mvid=2200208305&mcid=500020&playurlVersion=WX-A1-8.9.2-RELEASE&userid=&jmhm=&videocodec=h264&bean=mgspad&tid=android&conFee=0&puData=e3cb945f8f4a023db7f9184295501750&ddCalcu=0e53e7c21b909054559f284f841a90f273bd, IPv_Type: ipv6, Location: 中国, ISP: 中国移动, Date: None, Delay: -1 ms, Speed: 0.00 M/s, Resolution: None
Name: 山东居家购物, URL: http://livealone302.iqilu.com/iqilu/gwpd.m3u8, IPv_Type: ipv6, Location: 中国-广东-东莞, ISP: 电信, Date: None, Delay: 0.1 ms, Speed: inf M/s, Resolution: 1920x1080
Name: 山东农科, URL: http://livealone302.iqilu.com/iqilu/nkpd.m3u8, IPv_Type: ipv6, Location: 中国-广东-东莞, ISP: 电信, Date: None, Delay: 0.1 ms, Speed: inf M/s, Resolution: 1920x1080
Name: 山东齐鲁, URL: http://livealone302.iqilu.com/iqilu/qlpd.m3u8, IPv_Type: ipv6, Location: 中国-广东-东莞, ISP: 电信, Date: None, Delay: 0.1 ms, Speed: inf M/s, Resolution: 1920x1080
Name: 山东生活, URL: http://ls.qingting.fm/live/60260.m3u8, IPv_Type: ipv6, Location: 中国-广东-东莞, ISP: 电信, Date: None, Delay: 0.1 ms, Speed: inf M/s, Resolution: 1920x1080
Name: 山东生活, URL: http://livealone302.iqilu.com/iqilu/shpd.m3u8, IPv_Type: ipv6, Location: 中国-广东-东莞, ISP: 电信, Date: None, Delay: 0.1 ms, Speed: inf M/s, Resolution: 1920x1080
Name: 山东体育, URL: http://livealone302.iqilu.com/iqilu/typd.m3u8, IPv_Type: ipv6, Location: 中国-广东-东莞, ISP: 电信, Date: None, Delay: 0.1 ms, Speed: inf M/s, Resolution: 1920x1080
Name: 山东文旅, URL: http://58.57.40.22:9901/tsfile/live/1023_1.m3u8, IPv_Type: ipv4, Location: 中国-山东-临沂, ISP: 电信, Date: None, Delay: 6719 ms, Speed: 0.00 M/s, Resolution: None
Name: 山东综艺, URL: http://livealone302.iqilu.com/iqilu/zypd.m3u8, IPv_Type: ipv6, Location: 中国-广东-东莞, ISP: 电信, Date: None, Delay: 0.1 ms, Speed: inf M/s, Resolution: 1920x1080
Name: 青州综合, URL: rtmp://sdqz.chinashadt.com:2036/live/stream:1.stream, IPv_Type: ipv4, Location: 中国-山东-潍坊, ISP: 联通, Date: None, Delay: -1 ms, Speed: inf M/s, Resolution: 720x576
Name: 日照公共, URL: http://live.rzw.com.cn/kzpd/sd/live.m3u8?shandd, IPv_Type: ipv6, Location: 中国, ISP: 中国移动, Date: None, Delay: 0.1 ms, Speed: inf M/s, Resolution: 1920x1080
Name: 日照新闻综合, URL: http://live.rzw.com.cn/xwzh/sd/live.m3u8?shandd, IPv_Type: ipv6, Location: 中国, ISP: 中国移动, Date: None, Delay: 0.1 ms, Speed: inf M/s, Resolution: 1920x1080
Name: 日照科教, URL: http://live.rzw.com.cn/ggpd/sd/live.m3u8?shandd, IPv_Type: ipv6, Location: 中国, ISP: 中国移动, Date: None, Delay: 0.1 ms, Speed: inf M/s, Resolution: 1920x1080
Name: 万荣综合, URL: http://60.222.246.220:19433/hls1.m3u8, IPv_Type: ipv4, Location: 中国-山西-运城, ISP: 联通, Date: None, Delay: 1541 ms, Speed: 0.19 M/s, Resolution: 720x404
Name: 五台综合, URL: https://568slnjf.live.sxmty.com/live/hls/90c8b2efeb164cc0a6c2409eed668d6b/f77cbb89ec57435b9ba4c47589c16e4f-1.m3u8, IPv_Type: ipv6, Location: 中国, ISP: 中国电信, Date: None, Delay: 0.1 ms, Speed: inf M/s, Resolution: 1920x1080
Name: 五台综合, URL: https://568slnjf.live.sxmty.com/live/hls/90c8b2efeb164cc0a6c2409eed668d6b/f77cbb89ec57435b9ba4c47589c16e4f-1.m3u8?zshanxd, IPv_Type: ipv6, Location: 中国, ISP: 中国电信, Date: None, Delay: 0.1 ms, Speed: inf M/s, Resolution: 1920x1080
Name: 五台综合, URL: https://568slnjf.live.sxmty.com/live/hls/90c8b2efeb164cc0a6c2409eed668d6b/f77cbb89ec57435b9ba4c47589c16e4f-1.m3u8?zshanxd&amp;quot;, IPv_Type: ipv6, Location: 中国, ISP: 中国电信, Date: None, Delay: 0.1 ms, Speed: inf M/s, Resolution: 1920x1080
Name: 古县综合, URL: https://l2fpdktp.live.sxmty.com/live/hls/e4c3b363cc4549788e2d983f403e07db/d99ce1eb686e41b9afc888110bd95aa7.m3u8?zshanxd, IPv_Type: ipv6, Location: 中国, ISP: 中国电信, Date: None, Delay: 0.1 ms, Speed: inf M/s, Resolution: 1920x1080
Name: 大宁综合, URL: http://live.daningtv.com/aac_dngb/playlist.m3u8, IPv_Type: ipv4, Location: 中国-河北-唐山, ISP: 联通, Date: None, Delay: 1063 ms, Speed: 0.07 M/s, Resolution: None
Name: 定襄综合, URL: http://lbyzztfe.live.sxmty.com/live/hls/645ff4c60e0a49f0a203abbd73dd8be9/0720e665f10f48e98c9639f4f492fb4a-1.m3u8?zshanxd, IPv_Type: ipv6, Location: 中国, ISP: 中国电信, Date: None, Delay: 0.1 ms, Speed: inf M/s, Resolution: 1920x1080
Name: 山西影视, URL: https://live.lalifeier.eu.org/sxrtv/sxys.m3u8?t=1745796321&key=0721c661fb4b291613b070d85d8af084, IPv_Type: ipv6, Location: 美国, ISP: CloudFlare Inc., Date: None, Delay: 0.1 ms, Speed: inf M/s, Resolution: 1920x1080
Name: 山西影视, URL: https://live.lalifeier.eu.org/sxrtv/sxys.m3u8?t=1746307365&key=a8b9568fc8b9a14d097cb74c31fed7ed, IPv_Type: ipv6, Location: 美国, ISP: CloudFlare Inc., Date: None, Delay: 0.1 ms, Speed: inf M/s, Resolution: 1920x1080
Name: 山西文体生活, URL: https://live.lalifeier.eu.org/sxrtv/sxwtsh.m3u8?t=1745796321&key=5d07585f428e3bbbe66ef7a534c8db1e, IPv_Type: ipv6, Location: 美国, ISP: CloudFlare Inc., Date: None, Delay: 0.1 ms, Speed: inf M/s, Resolution: 1920x1080
Name: 山西文体生活, URL: https://live.lalifeier.eu.org/sxrtv/sxwtsh.m3u8?t=1746307365&key=1cf53f641a43923de396153d3e9e40b6, IPv_Type: ipv6, Location: 美国, ISP: CloudFlare Inc., Date: None, Delay: 0.1 ms, Speed: inf M/s, Resolution: 1920x1080
Name: 山西文体生活, URL: https://live.lalifeier.eu.org/sxrtv/sxwtsh.m3u8?t=1746393735&key=ef71ca0281e5b344d896cad03a642087, IPv_Type: ipv6, Location: 美国, ISP: CloudFlare Inc., Date: None, Delay: 0.1 ms, Speed: inf M/s, Resolution: 1920x1080
Name: 山西社会与法治, URL: https://live.lalifeier.eu.org/sxrtv/sxshfz.m3u8?t=1745796321&key=71bbd0d7dc1eb84139ebea659e164651, IPv_Type: ipv6, Location: 美国, ISP: CloudFlare Inc., Date: None, Delay: 0.1 ms, Speed: inf M/s, Resolution: 1920x1080
Name: 山西社会与法治, URL: https://live.lalifeier.eu.org/sxrtv/sxshfz.m3u8?t=1746307365&key=9694e5e21a889c83c54bbf66c0e524a0, IPv_Type: ipv6, Location: 美国, ISP: CloudFlare Inc., Date: None, Delay: 0.1 ms, Speed: inf M/s, Resolution: 1920x1080
Name: 山西社会与法治, URL: https://live.lalifeier.eu.org/sxrtv/sxshfz.m3u8?t=1746393735&key=cf4f8ab07efd070291584465074e9386, IPv_Type: ipv6, Location: 美国, ISP: CloudFlare Inc., Date: None, Delay: 0.1 ms, Speed: inf M/s, Resolution: 1920x1080
Name: 山西经济, URL: https://live.lalifeier.eu.org/sxrtv/sxjj.m3u8?t=1745796321&key=f20ee9d210e6bb63a4a7d65e67bdec2b, IPv_Type: ipv6, Location: 美国, ISP: CloudFlare Inc., Date: None, Delay: 0.1 ms, Speed: inf M/s, Resolution: 1920x1080
Name: 山西经济, URL: https://live.lalifeier.eu.org/sxrtv/sxjj.m3u8?t=1746307365&key=9efd994033ee8bd840c01f930811f94a, IPv_Type: ipv6, Location: 美国, ISP: CloudFlare Inc., Date: None, Delay: 0.1 ms, Speed: inf M/s, Resolution: 1920x1080
Name: 平遥新闻综合, URL: https://tntgjhjb.live.sxmty.com/live/hls/3a4585ac11ec4e1bb07b419101b370c3/baf63e2b313440c2a25d7859f9b73b05-1.m3u8?zshanxd, IPv_Type: ipv6, Location: 中国, ISP: 中国电信, Date: None, Delay: 0.1 ms, Speed: inf M/s, Resolution: 1920x1080
Name: 怀仁综合, URL: https://1yp7hc5p.live.sxmty.com/live/hls/bff8529922344209985b6e49baa9555a/efa2543628fc4a7ea93d3d6c975f77dc-1.m3u8, IPv_Type: ipv6, Location: 中国, ISP: 中国电信, Date: None, Delay: 0.1 ms, Speed: inf M/s, Resolution: 1920x1080
Name: 怀仁综合, URL: http://1yp7hc5p.live.sxmty.com/live/hls/bff8529922344209985b6e49baa9555a/efa2543628fc4a7ea93d3d6c975f77dc.m3u8?zshanxd, IPv_Type: ipv6, Location: 中国, ISP: 中国电信, Date: None, Delay: 0.1 ms, Speed: inf M/s, Resolution: 1920x1080
Name: 武乡新闻综合, URL: http://uzoiczhh.live.sxmty.com/live/hls/0d41f1480c4042d49927858f01fde707/53130407737b417b9a6259b57246bae3.m3u8?zshanxd, IPv_Type: ipv6, Location: 中国, ISP: 中国电信, Date: None, Delay: 0.1 ms, Speed: inf M/s, Resolution: 1920x1080
Name: 汾西综合, URL: https://qmmqvzoz.live.sxmty.com/live/hls/f24f8a390c084386a564074c9260100c/be3fdf07606145739ab2c4b80fe0136a.m3u8?zshanxd, IPv_Type: ipv6, Location: 中国, ISP: 中国电信, Date: None, Delay: 0.1 ms, Speed: inf M/s, Resolution: 1920x1080
Name: 祁县新闻综合, URL: http://ggpagerl.live.sxmty.com/live/hls/b350dc1ac5da45c2b2233f6eb122ddf4/49d3766c7f204685a2a8f027b234c33d.m3u8?zshanxd, IPv_Type: ipv6, Location: 中国, ISP: 中国电信, Date: None, Delay: 0.1 ms, Speed: inf M/s, Resolution: 1920x1080
Name: 长子综合, URL: https://83awgyp5.live.sxmty.com/live/hls/6f6f4b36f9bd42628b718b595ba507ed/724b7e8907a8414d873eb2a2f69bfa18.m3u8?zshanxd, IPv_Type: ipv6, Location: 中国, ISP: 中国电信, Date: None, Delay: -1 ms, Speed: 0.00 M/s, Resolution: None
Name: 长子综合, URL: https://www.wxhcgbds.com:8081/channelTv/WXTV_1.m3u8?zshanxd, IPv_Type: ipv4, Location: 中国-山西-运城, ISP: 电信, Date: None, Delay: 7001 ms, Speed: 0.72 M/s, Resolution: 720x576
Name: 阳曲综合, URL: https://83awgyp5.live.sxmty.com/live/hls/6f6f4b36f9bd42628b718b595ba507ed/724b7e8907a8414d873eb2a2f69bfa18.m3u8?zshanxd, IPv_Type: ipv6, Location: 中国, ISP: 中国电信, Date: None, Delay: 0.1 ms, Speed: inf M/s, Resolution: 1920x1080
Name: 安徽国际, URL: https://www.ahtv.cn/folder9000/folder20193?channelIndex=6, IPv_Type: ipv6, Location: 中国, ISP: 中国电信, Date: None, Delay: -1 ms, Speed: 0.00 M/s, Resolution: None
Name: 安徽影视, URL: https://www.ahtv.cn/folder9000/folder20193?channelIndex=3, IPv_Type: ipv6, Location: 中国, ISP: 中国电信, Date: None, Delay: -1 ms, Speed: 0.00 M/s, Resolution: None
Name: 安徽经济生活, URL: https://live.lalifeier.eu.org/ahtv/ahjjsh.m3u8?t=1745774515&key=a93a5e1794618b8f0038e5d4206cb748, IPv_Type: ipv6, Location: 美国, ISP: CloudFlare Inc., Date: None, Delay: 0.1 ms, Speed: inf M/s, Resolution: 1920x1080
Name: 安徽经济生活, URL: https://live.lalifeier.eu.org/ahtv/ahjjsh.m3u8?t=1746292937&key=79ac954604c0abc146445a9603966f0a, IPv_Type: ipv6, Location: 美国, ISP: CloudFlare Inc., Date: None, Delay: 0.1 ms, Speed: inf M/s, Resolution: 1920x1080
Name: 安徽经济生活, URL: https://live.lalifeier.eu.org/ahtv/ahjjsh.m3u8?t=1746307365&key=eacbd8c7b284760ddec25b1dc3992bad, IPv_Type: ipv6, Location: 美国, ISP: CloudFlare Inc., Date: None, Delay: 0.1 ms, Speed: inf M/s, Resolution: 1920x1080
Name: 安徽综艺体育, URL: https://live.lalifeier.eu.org/ahtv/ahzyty.m3u8?t=1745774515&key=27009aec794adc785b22478c5aa2ae16, IPv_Type: ipv6, Location: 美国, ISP: CloudFlare Inc., Date: None, Delay: 0.1 ms, Speed: inf M/s, Resolution: 1920x1080
Name: 安徽综艺体育, URL: https://live.lalifeier.eu.org/ahtv/ahzyty.m3u8?t=1746292937&key=940b0f98a121c28884c74971efaac4de, IPv_Type: ipv6, Location: 美国, ISP: CloudFlare Inc., Date: None, Delay: 0.1 ms, Speed: inf M/s, Resolution: 1920x1080
Name: 安徽综艺体育, URL: https://live.lalifeier.eu.org/ahtv/ahzyty.m3u8?t=1746307365&key=6b104d1fc66c5b34b63d0e19c627e0f9, IPv_Type: ipv6, Location: 美国, ISP: CloudFlare Inc., Date: None, Delay: 0.1 ms, Speed: inf M/s, Resolution: 1920x1080
Name: 安徽导视, URL: http://dspdhls.appcoo.com:8888/live/dspd/index.m3u8, IPv_Type: ipv4, Location: 中国-安徽, ISP: 移动, Date: None, Delay: 1678 ms, Speed: 1.56 M/s, Resolution: 1920x1080
Name: 合肥新闻, URL: http://112.27.235.94:8000/hls/18/index.m3u8, IPv_Type: ipv4, Location: 中国-安徽, ISP: 移动, Date: None, Delay: 6097 ms, Speed: 0.30 M/s, Resolution: 720x576
Name: 合肥新闻, URL: http://vapi.91kds.cc/live1/udp.m3u8?ip=anhui-dx&apiKey=73c963d13814ce7d0e4743c5e7d033cc&id=238.1.78.111:6760, IPv_Type: ipv4, Location: 中国-北京-北京, ISP: 阿里云, Date: None, Delay: 427 ms, Speed: 0.00 M/s, Resolution: None
Name: 固镇新闻, URL: http://www.guzhenm.com:7001/hls/hd-live.m3u8, IPv_Type: ipv4, Location: 中国-安徽-蚌埠, ISP: 电信, Date: None, Delay: 3795 ms, Speed: 0.29 M/s, Resolution: 1920x1080
Name: 固镇新闻, URL: http://www.guzhenm.com:7001/hls/hd-live.m3u8?%E5%85%B3%E6%B3%A8%E5%BE%AE%E4%BF%A1%E5%85%AC%E4%BC%97%E5%8F%B7[%E6%99%B4%E5%9B%AD], IPv_Type: ipv4, Location: 中国-安徽-蚌埠, ISP: 电信, Date: None, Delay: 4146 ms, Speed: 0.27 M/s, Resolution: 1920x1080
Name: 黄山新闻综合, URL: http://hslive.hsnewsnet.com/lsdream/hve9Wjs/1000/live.m3u8, IPv_Type: ipv6, Location: 中国, ISP: 中国电信, Date: None, Delay: 0.1 ms, Speed: inf M/s, Resolution: 1920x1080
Name: 黄山公共生活, URL: http://hslive.hsnewsnet.com/lsdream/iY92ady/1000/live.m3u8?zanhd, IPv_Type: ipv6, Location: 中国, ISP: 中国电信, Date: None, Delay: 0.1 ms, Speed: inf M/s, Resolution: 1920x1080
Name: 铜陵新闻综合, URL: https://ls.qingting.fm/live/21303/64k.m3u8, IPv_Type: ipv6, Location: 中国-广东-东莞, ISP: 电信, Date: None, Delay: 0.1 ms, Speed: inf M/s, Resolution: 1920x1080
Name: 祁门综合, URL: http://live.cztv.cc:85/live/sjpd.m3u8, IPv_Type: ipv6, Location: 中国, ISP: 中国电信, Date: None, Delay: 0.1 ms, Speed: inf M/s, Resolution: 1920x1080
Name: 祁门综合, URL: rtmp://tv.qmxrmt.com/chan/ch1, IPv_Type: ipv4, Location: 中国-安徽, ISP: 移动, Date: None, Delay: -1 ms, Speed: inf M/s, Resolution: 1920x1080
Name: 祁门综合, URL: rtmp://tv.qmxrmt.com/chan/ch1?zanhd, IPv_Type: ipv4, Location: 中国-安徽, ISP: 移动, Date: None, Delay: -1 ms, Speed: inf M/s, Resolution: 1920x1080
Name: 滁州科教, URL: http://live.cztv.cc:85/live/sjpd.m3u8, IPv_Type: ipv6, Location: 中国, ISP: 中国电信, Date: None, Delay: 0.1 ms, Speed: inf M/s, Resolution: 1920x1080
Name: 滁州科教, URL: http://live.cztv.cc:85/live/sjpd.m3u8?zanhd, IPv_Type: ipv6, Location: 中国, ISP: 中国电信, Date: None, Delay: 0.1 ms, Speed: inf M/s, Resolution: 1920x1080
Name: 滁州新闻综合, URL: http://live.cztv.cc:85/live/xwpd.m3u8, IPv_Type: ipv6, Location: 中国, ISP: 中国电信, Date: None, Delay: 0.1 ms, Speed: inf M/s, Resolution: 1920x1080
Name: 滁州新闻综合, URL: http://live.cztv.cc:85/live/xwpd.m3u8?zanhd, IPv_Type: ipv6, Location: 中国, ISP: 中国电信, Date: None, Delay: 0.1 ms, Speed: inf M/s, Resolution: 1920x1080
Name: 滁州市广播电视台 新闻综合, URL: http://live.cztv.cc:85/live/xwpd.m3u8, IPv_Type: ipv6, Location: 中国, ISP: 中国电信, Date: None, Delay: 0.1 ms, Speed: inf M/s, Resolution: 1920x1080
Name: 滁州公共, URL: http://live.cztv.cc:85/live/ggpd.m3u8, IPv_Type: ipv6, Location: 中国, ISP: 中国电信, Date: None, Delay: 0.1 ms, Speed: inf M/s, Resolution: 1920x1080
Name: 滁州公共, URL: http://live.cztv.cc:85/live/ggpd.m3u8?zanhd, IPv_Type: ipv6, Location: 中国, ISP: 中国电信, Date: None, Delay: 0.1 ms, Speed: inf M/s, Resolution: 1920x1080
Name: 涡阳新闻综合, URL: http://220.180.124.18:888/live/ch0.m3u8, IPv_Type: ipv4, Location: 中国-安徽-亳州, ISP: 电信, Date: None, Delay: 1541 ms, Speed: 0.31 M/s, Resolution: 544x480
Name: 宿松新闻综合, URL: http://live.ahsz.tv/video/s10001-szzh/index.m3u8, IPv_Type: ipv6, Location: 中国, ISP: 中国联通, Date: None, Delay: -1 ms, Speed: 0.00 M/s, Resolution: None
Name: 宿州科教, URL: rtmp://live.ahsz.tv/video/s10001-kxjy, IPv_Type: ipv6, Location: 中国, ISP: 中国移动, Date: None, Delay: 0.1 ms, Speed: inf M/s, Resolution: 1920x1080
Name: 宿州新闻综合, URL: http://live.ahsz.tv/video/s10001-szzh/index.m3u8, IPv_Type: ipv6, Location: 中国, ISP: 中国联通, Date: None, Delay: -1 ms, Speed: 0.00 M/s, Resolution: None
Name: 宿州公共, URL: http://live.ahsz.tv/video/s10001-ggpd/index.m3u8, IPv_Type: ipv6, Location: 中国, ISP: 中国移动, Date: None, Delay: 0.1 ms, Speed: inf M/s, Resolution: 1920x1080
Name: 六安新闻综合, URL: http://ls.qingting.fm/live/267.m3u8, IPv_Type: ipv6, Location: 中国-广东-东莞, ISP: 电信, Date: None, Delay: 0.1 ms, Speed: inf M/s, Resolution: 1920x1080
Name: 六安公共, URL: http://ls.qingting.fm/live/1794199.m3u8, IPv_Type: ipv6, Location: 中国-广东-东莞, ISP: 电信, Date: None, Delay: 0.1 ms, Speed: inf M/s, Resolution: 1920x1080
Name: 亳州农村, URL: http://zbbf2.ahbztv.com/live/418.m3u8?zanhd, IPv_Type: ipv6, Location: 加拿大, ISP: , Date: None, Delay: -1 ms, Speed: 0.00 M/s, Resolution: None
Name: 宁夏经济, URL: https://ls.qingting.fm/live/1841/64k.m3u8, IPv_Type: ipv6, Location: 中国-广东-东莞, ISP: 电信, Date: None, Delay: 0.1 ms, Speed: inf M/s, Resolution: 1920x1080
Name: 银川生活, URL: http://play-a2.quklive.com/live/1667883987087179.m3u8, IPv_Type: ipv6, Location: 中国-广东-江门, ISP: 电信, Date: None, Delay: 0.1 ms, Speed: inf M/s, Resolution: 1920x1080
Name: 银川公共, URL: http://play-a2.quklive.com/live/1667883943560053.m3u8, IPv_Type: ipv6, Location: 中国-广东-江门, ISP: 电信, Date: None, Delay: 0.1 ms, Speed: inf M/s, Resolution: 1920x1080
Name: 银川文体, URL: http://play-a2.quklive.com/live/1667884025738071.m3u8, IPv_Type: ipv6, Location: 中国-广东-江门, ISP: 电信, Date: None, Delay: 0.1 ms, Speed: inf M/s, Resolution: 1920x1080
Name: 吴忠综合, URL: http://live.kanwz.net/zhpd/sd/live.m3u8, IPv_Type: ipv4, Location: 中国-宁夏-银川, ISP: 电信, Date: None, Delay: 1017 ms, Speed: 0.08 M/s, Resolution: 1280x720
Name: 吴忠公共, URL: http://live.kanwz.net/ggpd/sd/live.m3u8, IPv_Type: ipv4, Location: 中国-宁夏-银川, ISP: 电信, Date: None, Delay: 980 ms, Speed: 0.09 M/s, Resolution: 320x240
Name: 延边卫视, URL: http://l.cztvcloud.com/channels/lantian/SXxinchang2/720p.m3u8, IPv_Type: ipv6, Location: 中国-江苏-常州, ISP: 电信, Date: None, Delay: 0.1 ms, Speed: inf M/s, Resolution: 1920x1080
Name: 延边卫视, URL: http://[2409:8087:1e03:21::2]:6060/cms001/ch00000090990000001470/index.m3u8, IPv_Type: ipv6, Location: 中国, ISP: 中国移动, Date: None, Delay: 0.1 ms, Speed: inf M/s, Resolution: 1920x1080
Name: 延边卫视, URL: http://[2409:8087:1a0b:df::4020]:80/ottrrs.hl.chinamobile.com/PLTV/88888888/224/3221226516/index.m3u8, IPv_Type: ipv6, Location: 中国, ISP: 中国移动, Date: None, Delay: 0.1 ms, Speed: inf M/s, Resolution: 1920x1080
Name: 延边卫视, URL: http://[2409:8087:8:21::18]:6610/otttv.bj.chinamobile.com/PLTV/88888888/224/3221227045/1.m3u8?GuardEncType=2&accountinfo=%7E%7EV2.0%7Eq0D3NdTUN7FuRzr8eJsbQA%7EtP4-l0lmSfjwLWEfK_el1vH_mv-s1zo4AQJwdedaVwG9xkuFTDg8J26cwOrNJzn20BErrHdLhuZ9EzLUCD3PMW-OMx4MGteHV2vLeW6BqoY%2CEND, IPv_Type: ipv6, Location: 中国, ISP: 中国移动, Date: None, Delay: -1 ms, Speed: 0.00 M/s, Resolution: None
Name: 延边卫视, URL: https://cc06.tv12.xyz/113.m3u8, IPv_Type: ipv6, Location: 美国, ISP: CloudFlare Inc., Date: None, Delay: -1 ms, Speed: 0.00 M/s, Resolution: None
Name: 吉林都市, URL: https://live.lalifeier.eu.org/jlntv/jlds.m3u8?t=1745796321&key=ba85da6410cdc8b830d46c3182ad7775, IPv_Type: ipv6, Location: 美国, ISP: CloudFlare Inc., Date: None, Delay: 0.1 ms, Speed: inf M/s, Resolution: 1920x1080
Name: 吉林都市, URL: https://live.lalifeier.eu.org/jlntv/jlds.m3u8?t=1746307365&key=85abbfb19768c29f883db499d3c1114f, IPv_Type: ipv6, Location: 美国, ISP: CloudFlare Inc., Date: None, Delay: 0.1 ms, Speed: inf M/s, Resolution: 1920x1080
Name: 吉林生活, URL: https://live.lalifeier.eu.org/jlntv/jlsh.m3u8?t=1745796321&key=8386cb03e732cd707a483bb89f1216af, IPv_Type: ipv6, Location: 美国, ISP: CloudFlare Inc., Date: None, Delay: 0.1 ms, Speed: inf M/s, Resolution: 1920x1080
Name: 吉林生活, URL: https://live.lalifeier.eu.org/jlntv/jlsh.m3u8?t=1746307365&key=3501231d172e510eec2f039a508df51d, IPv_Type: ipv6, Location: 美国, ISP: CloudFlare Inc., Date: None, Delay: 0.1 ms, Speed: inf M/s, Resolution: 1920x1080
Name: 吉林乡村, URL: https://live.lalifeier.eu.org/jlntv/jlxc.m3u8?t=1745796321&key=b26baf2d67026a93e41fcbbd3f132bc3, IPv_Type: ipv6, Location: 美国, ISP: CloudFlare Inc., Date: None, Delay: 0.1 ms, Speed: inf M/s, Resolution: 1920x1080
Name: 吉林乡村, URL: https://live.lalifeier.eu.org/jlntv/jlxc.m3u8?t=1746307365&key=c561c31cdce71c6e8e33914bfc43027f, IPv_Type: ipv6, Location: 美国, ISP: CloudFlare Inc., Date: None, Delay: 0.1 ms, Speed: inf M/s, Resolution: 1920x1080
Name: 吉林乡村, URL: https://live.lalifeier.eu.org/jlntv/jlxc.m3u8?t=1746393735&key=9d6ca0a9c59b1876be2ef4320b7283d8, IPv_Type: ipv6, Location: 美国, ISP: CloudFlare Inc., Date: None, Delay: 0.1 ms, Speed: inf M/s, Resolution: 1920x1080
Name: 延边-2, URL: http://stream8.jlntv.cn/ljtv/playlist.m3u8, IPv_Type: ipv4, Location: 中国-广东-深圳, ISP: 联通, Date: None, Delay: 1093 ms, Speed: 0.34 M/s, Resolution: 320x240
Name: 延边-2, URL: http://stream5.jlntv.cn/wq/playlist.m3u8, IPv_Type: ipv4, Location: 中国-福建-泉州, ISP: 联通, Date: None, Delay: 697 ms, Speed: 0.12 M/s, Resolution: 720x576
Name: 长白山电视台, URL: http://stream8.jlntv.cn/cbstv/sd/live.m3u8?zjild, IPv_Type: ipv4, Location: 中国-福建-泉州, ISP: 联通, Date: None, Delay: 894 ms, Speed: 0.11 M/s, Resolution: 320x240
Name: 德惠综合, URL: http://stream11.jlntv.cn/dehuitv/sd/live.m3u8, IPv_Type: ipv4, Location: 中国-吉林-四平, ISP: 联通, Date: None, Delay: 753 ms, Speed: 0.13 M/s, Resolution: 720x576
Name: 九台综合, URL: http://stream10.jlntv.cn/jiutaitv/sd/live.m3u8?zjild, IPv_Type: ipv4, Location: 中国-吉林-四平, ISP: 联通, Date: None, Delay: 1106 ms, Speed: 0.32 M/s, Resolution: 720x576
Name: 九台综合, URL: http://stream10.jlntv.cn/jiutaitv/sd/live.m3u8, IPv_Type: ipv4, Location: 中国-吉林-四平, ISP: 联通, Date: None, Delay: 1224 ms, Speed: 0.31 M/s, Resolution: 720x576
Name: 长白朝语, URL: http://hplayer1.juyun.tv:80/camera/11344136.m3u8, IPv_Type: ipv6, Location: 中国, ISP: 中国联通, Date: None, Delay: 0.1 ms, Speed: inf M/s, Resolution: 1920x1080
Name: 靖宇综合, URL: http://stream9.jlntv.cn:80/aac_jygb/playlist.m3u8, IPv_Type: ipv4, Location: 中国-贵州-六盘水, ISP: 联通, Date: None, Delay: 560 ms, Speed: 0.07 M/s, Resolution: None
Name: 敦化一套, URL: http://stream8.jlntv.cn/dhtv/playlist.m3u8, IPv_Type: ipv4, Location: 中国-广东-深圳, ISP: 联通, Date: None, Delay: 724 ms, Speed: 0.16 M/s, Resolution: 320x240
Name: 敦化一套, URL: http://stream8.jlntv.cn/dhtv/playlist.m3u8?zjild, IPv_Type: ipv4, Location: 中国-广东-深圳, ISP: 联通, Date: None, Delay: 698 ms, Speed: 0.15 M/s, Resolution: 320x240
Name: 龙井综合, URL: http://stream9.jlntv.cn:80/aac_longjinggb/playlist.m3u8, IPv_Type: ipv4, Location: 中国-贵州-六盘水, ISP: 联通, Date: None, Delay: 566 ms, Speed: 0.06 M/s, Resolution: None
Name: 梅河口综合, URL: http://stream3.jlntv.cn:80/aac_mhkgb/playlist.m3u8, IPv_Type: ipv4, Location: 中国-青海, ISP: 联通, Date: None, Delay: 514 ms, Speed: 0.07 M/s, Resolution: None
Name: 桦甸综合, URL: http://stream9.jlntv.cn:80/aac_huadiangb/playlist.m3u8, IPv_Type: ipv4, Location: 中国-贵州-六盘水, ISP: 联通, Date: None, Delay: 521 ms, Speed: 0.07 M/s, Resolution: None
Name: 磐石综合, URL: http://stream3.jlntv.cn:80/aac_psgb/sd/live.m3u8, IPv_Type: ipv4, Location: 中国-青海, ISP: 联通, Date: None, Delay: 534 ms, Speed: 0.07 M/s, Resolution: None
Name: 舒兰新闻综合, URL: http://stream8.jlntv.cn/shulan/sd/live.m3u8?_upt=332db6421699196585, IPv_Type: ipv4, Location: 中国-山东-枣庄, ISP: 联通, Date: None, Delay: 709 ms, Speed: 0.12 M/s, Resolution: 320x240
Name: 舒兰新闻综合, URL: http://stream8.jlntv.cn/shulan/sd/live.m3u8?zjild, IPv_Type: ipv4, Location: 中国-广东-深圳, ISP: 联通, Date: None, Delay: 904 ms, Speed: 0.11 M/s, Resolution: 320x240
Name: 双辽综合, URL: http://stream3.jlntv.cn:80/aac_slgb/playlist.m3u8, IPv_Type: ipv4, Location: 中国-青海, ISP: 联通, Date: None, Delay: 524 ms, Speed: 0.07 M/s, Resolution: None
Name: 辉南新闻综合, URL: http://stream5.jlntv.cn/hn/sd/live.m3u8?zjild, IPv_Type: ipv4, Location: 中国-福建-泉州, ISP: 联通, Date: None, Delay: 1280 ms, Speed: 0.55 M/s, Resolution: 720x576
Name: 辉南新闻综合, URL: http://stream5.jlntv.cn/hn/sd/live.m3u8, IPv_Type: ipv4, Location: 中国-福建-泉州, ISP: 联通, Date: None, Delay: 1282 ms, Speed: 0.54 M/s, Resolution: 720x576
Name: 柳河综合, URL: http://stream3.jlntv.cn:80/aac_lhgb/sd/live.m3u8, IPv_Type: ipv4, Location: 中国-青海, ISP: 联通, Date: None, Delay: 520 ms, Speed: 0.08 M/s, Resolution: None
Name: 通化县综合, URL: http://stream3.jlntv.cn:80/aac_thxgb/playlist.m3u8, IPv_Type: ipv4, Location: 中国-青海, ISP: 联通, Date: None, Delay: 517 ms, Speed: 0.06 M/s, Resolution: None
Name: 汪清综合, URL: http://stream5.jlntv.cn/wq/sd/live.m3u8, IPv_Type: ipv4, Location: 中国-福建-泉州, ISP: 联通, Date: None, Delay: 656 ms, Speed: 0.12 M/s, Resolution: 720x576
Name: 汪清综合, URL: http://stream5.jlntv.cn/wq/sd/live.m3u8?zjild, IPv_Type: ipv4, Location: 中国-福建-泉州, ISP: 联通, Date: None, Delay: 759 ms, Speed: 0.11 M/s, Resolution: 720x576
Name: 内蒙经济, URL: https://ls.qingting.fm/live/1885/64k.m3u8, IPv_Type: ipv6, Location: 中国-广东-东莞, ISP: 电信, Date: None, Delay: 0.1 ms, Speed: inf M/s, Resolution: 1920x1080
Name: 内蒙古经济生活, URL: https://ls.qingting.fm/live/1885/64k.m3u8, IPv_Type: ipv6, Location: 中国-广东-东莞, ISP: 电信, Date: None, Delay: 0.1 ms, Speed: inf M/s, Resolution: 1920x1080
Name: 文山州公共, URL: http://m3u8.channel.wsrtv.com.cn/cms/videos/nmip-media/channellive/channel8/playlist.m3u8, IPv_Type: ipv6, Location: 中国, ISP: 中国电信, Date: None, Delay: 0.1 ms, Speed: inf M/s, Resolution: 1920x1080
Name: 文山州公共, URL: http://m3u8.channel.wsrtv.com.cn/cms/videos/nmip-media/channellive/channel8/playlist.m3u8?zyund, IPv_Type: ipv6, Location: 中国, ISP: 中国电信, Date: None, Delay: 0.1 ms, Speed: inf M/s, Resolution: 1920x1080
Name: 文山州新闻综合, URL: http://m3u8.channel.wsrtv.com.cn/cms/videos/nmip-media/channellive/channel7/playlist.m3u8?zyund, IPv_Type: ipv6, Location: 中国, ISP: 中国电信, Date: None, Delay: 0.1 ms, Speed: inf M/s, Resolution: 1920x1080
Name: 昆明公共, URL: http://wshls.live.migucloud.com/live/UD0YLY2G_C0_3/playlist.m3u8, IPv_Type: ipv6, Location: 中国-江苏-扬州, ISP: 电信, Date: None, Delay: 0.1 ms, Speed: inf M/s, Resolution: 1920x1080
Name: 昆明科学教育, URL: http://wshls.live.migucloud.com/live/ZBXWIMTD_C0_2/playlist.m3u8, IPv_Type: ipv6, Location: 中国-江苏-扬州, ISP: 电信, Date: None, Delay: 0.1 ms, Speed: inf M/s, Resolution: 1920x1080
Name: 易门综合, URL: https://zb-live.ynurl.com/yimen/3b75a2f9-7941-46b7-992d-a9796fbca5fe.m3u8, IPv_Type: ipv4, Location: 中国-广东-深圳, ISP: 腾讯云, Date: None, Delay: 1300 ms, Speed: 0.21 M/s, Resolution: 1920x1080
Name: 通海电视台, URL: https://zb-live.ynurl.com/tonghai/3bfe3a9e-48e6-4c1e-8770-1df66447cc6c.m3u8, IPv_Type: ipv4, Location: 中国-广东-深圳, ISP: 腾讯云, Date: None, Delay: 1085 ms, Speed: 0.18 M/s, Resolution: 1920x1080
Name: 陇川综合, URL: https://zb-live.ynurl.com/longchuan/58f88df3-605e-4c57-865c-8e8f85241ca1.m3u8, IPv_Type: ipv4, Location: 中国-广东-深圳, ISP: 腾讯云, Date: None, Delay: 1930 ms, Speed: 0.64 M/s, Resolution: 1920x1080
Name: 麻栗坡电视台, URL: http://tvdrs.wsrtv.com.cn:8100/channellive/mlptv.flv?zyund, IPv_Type: ipv4, Location: 中国-云南-文山壮族苗族自治州, ISP: 电信, Date: None, Delay: 467 ms, Speed: 0.08 M/s, Resolution: 1920x1080
Name: 云南都市, URL: https://hwapi.yntv.net/62hdvf/rjwt14.m3u8, IPv_Type: ipv4, Location: 中国-海南-海口, ISP: 电信, Date: None, Delay: 1327 ms, Speed: 0.33 M/s, Resolution: 1280x720
Name: 云南娱乐, URL: https://hwapi.yntv.net/62hdvf/q9vs1b.m3u8, IPv_Type: ipv4, Location: 中国-海南-海口, ISP: 电信, Date: None, Delay: 2168 ms, Speed: 0.29 M/s, Resolution: 1280x720
Name: 安多卫视, URL: http://php.jdshipin.com/TVOD/hljyd.php?id=3221225659, IPv_Type: ipv6, Location: 美国, ISP: CloudFlare Inc., Date: None, Delay: 0.1 ms, Speed: inf M/s, Resolution: 1920x1080
Name: 安多卫视, URL: https://liveout.xntv.tv/a65jur/96iln2.m3u8, IPv_Type: ipv6, Location: 中国, ISP: 中国电信, Date: None, Delay: 0.1 ms, Speed: inf M/s, Resolution: 1920x1080
Name: 安多卫视, URL: https://liveout.xntv.tv/a65jur/90p2i1.m3u8?zqinghd, IPv_Type: ipv6, Location: 中国, ISP: 中国电信, Date: None, Delay: 0.1 ms, Speed: inf M/s, Resolution: 1920x1080
Name: 安多卫视, URL: rtmp://liveout.xntv.tv/a65jur/96iln2, IPv_Type: ipv6, Location: 中国, ISP: 中国电信, Date: None, Delay: 0.1 ms, Speed: inf M/s, Resolution: 1920x1080
Name: 安多卫视, URL: http://[2409:8087:1a0b:df::4007]:80/ottrrs.hl.chinamobile.com/PLTV/88888888/224/3221225659/index.m3u8, IPv_Type: ipv6, Location: 中国, ISP: 中国移动, Date: None, Delay: 0.1 ms, Speed: inf M/s, Resolution: 1920x1080
Name: 安多卫视, URL: https://liveout.xntv.tv/a65jur/90p2i1.m3u8?zqing, IPv_Type: ipv6, Location: 中国, ISP: 中国电信, Date: None, Delay: -1 ms, Speed: 0.00 M/s, Resolution: None
Name: 西宁新闻综合, URL: https://liveout.xntv.tv/a65jur/96iln2.m3u8, IPv_Type: ipv6, Location: 中国, ISP: 中国电信, Date: None, Delay: 0.1 ms, Speed: inf M/s, Resolution: 1920x1080
Name: 西宁新闻综合, URL: https://liveout.xntv.tv/a65jur/96iln2.m3u8?zqinghd, IPv_Type: ipv6, Location: 中国, ISP: 中国电信, Date: None, Delay: 0.1 ms, Speed: inf M/s, Resolution: 1920x1080
Name: 西宁新闻综合, URL: rtmp://liveout.xntv.tv/a65jur/96iln2, IPv_Type: ipv6, Location: 中国, ISP: 中国电信, Date: None, Delay: 0.1 ms, Speed: inf M/s, Resolution: 1920x1080
Name: 西宁新闻综合, URL: https://liveout.xntv.tv/a65jur/90p2i1.m3u8?zqinghd#https://liveout.xntv.tv/a65jur/90p2i1.m3u8#http://dtrmlive.qhdtrm.cn/xnds/sd/live.m3u8, IPv_Type: ipv6, Location: 中国, ISP: 中国电信, Date: None, Delay: 0.1 ms, Speed: inf M/s, Resolution: 1920x1080
Name: 西宁新闻综合, URL: https://liveout.xntv.tv/a65jur/90p2i1.m3u8?zqinghd, IPv_Type: ipv6, Location: 中国, ISP: 中国电信, Date: None, Delay: -1 ms, Speed: 0.00 M/s, Resolution: None
Name: 西宁新闻综合, URL: https://liveout.xntv.tv/a65jur/90p2i1.m3u8, IPv_Type: ipv6, Location: 中国, ISP: 中国电信, Date: None, Delay: -1 ms, Speed: 0.00 M/s, Resolution: None
Name: 西宁生活服务, URL: https://liveout.xntv.tv/a65jur/90p2i1.m3u8, IPv_Type: ipv6, Location: 中国, ISP: 中国电信, Date: None, Delay: 0.1 ms, Speed: inf M/s, Resolution: 1920x1080
Name: 西宁生活服务, URL: https://liveout.xntv.tv/a65jur/90p2i1.m3u8?zqinghd, IPv_Type: ipv6, Location: 中国, ISP: 中国电信, Date: None, Delay: 0.1 ms, Speed: inf M/s, Resolution: 1920x1080
Name: 青海都市, URL: http://[2409:8087:1e01:20::3]:80/PLTV/11/224/3221225749/index.m3u8, IPv_Type: ipv6, Location: 中国, ISP: 中国移动, Date: None, Delay: -1 ms, Speed: 0.00 M/s, Resolution: None
Name: 青海综合, URL: http://lmt.scqstv.com/live1/live1.m3u8, IPv_Type: ipv6, Location: 中国, ISP: 中国电信, Date: None, Delay: 0.1 ms, Speed: inf M/s, Resolution: 1920x1080
Name: 黑龙江文体, URL: http://php.jdshipin.com/TVOD/hljyd.php?id=3221226239, IPv_Type: ipv6, Location: 美国, ISP: CloudFlare Inc., Date: None, Delay: 0.1 ms, Speed: inf M/s, Resolution: 1920x1080
Name: 黑龙江文体, URL: http://[2409:8087:1a01:df::7005]/ottrrs.hl.chinamobile.com/PLTV/88888888/224/3221226239/index.m3u8, IPv_Type: ipv6, Location: 中国, ISP: 中国移动, Date: None, Delay: 0.1 ms, Speed: inf M/s, Resolution: 1920x1080
Name: 黑龙江文体, URL: http://[2409:8087:1a01:df::4025]:80/TVOD/88888888/224/3221225965/main.m3u8, IPv_Type: ipv6, Location: 中国, ISP: 中国移动, Date: None, Delay: 0.1 ms, Speed: inf M/s, Resolution: 1920x1080
Name: 黑龙江文体, URL: http://[2409:8087:1a01:df::4025]:80/ottrrs.hl.chinamobile.com/PLTV/88888888/224/3221226239/1.m3u8, IPv_Type: ipv6, Location: 中国, ISP: 中国移动, Date: None, Delay: 0.1 ms, Speed: inf M/s, Resolution: 1920x1080
Name: 黑龙江文体, URL: http://[2409:8087:1a01:df::4077]/ottrrs.hl.chinamobile.com/PLTV/88888888/8/3221226239/index.m3u8, IPv_Type: ipv6, Location: 中国, ISP: 中国移动, Date: None, Delay: 0.1 ms, Speed: inf M/s, Resolution: 1920x1080
Name: 黑龙江文体, URL: http://[2409:8087:1a01:df::4077]:80/ottrrs.hl.chinamobile.com/PLTV/88888888/224/3221226239/index.m3u8, IPv_Type: ipv6, Location: 中国, ISP: 中国移动, Date: None, Delay: 0.1 ms, Speed: inf M/s, Resolution: 1920x1080
Name: 黑龙江文体, URL: http://ottrrs.hl.chinamobile.com/PLTV/88888888/224/3221226239/index.m3u8, IPv_Type: ipv6, Location: 中国, ISP: 中国移动, Date: None, Delay: 0.1 ms, Speed: inf M/s, Resolution: 1920x1080
Name: 黑龙江文体, URL: https://idclive.hljtv.com:4430/live/hljwy_hd.m3u8, IPv_Type: ipv6, Location: 中国, ISP: 中国移动, Date: None, Delay: 0.1 ms, Speed: inf M/s, Resolution: 1920x1080
Name: 黑龙江新闻法治, URL: http://php.jdshipin.com/TVOD/hljyd.php?id=3221226330, IPv_Type: ipv6, Location: 美国, ISP: CloudFlare Inc., Date: None, Delay: 0.1 ms, Speed: inf M/s, Resolution: 1920x1080
Name: 黑龙江新闻法治, URL: http://[2409:8087:1a01:df::7005]/ottrrs.hl.chinamobile.com/PLTV/88888888/224/3221226330/index.m3u8, IPv_Type: ipv6, Location: 中国, ISP: 中国移动, Date: None, Delay: 0.1 ms, Speed: inf M/s, Resolution: 1920x1080
Name: 黑龙江新闻法治, URL: http://[2409:8087:1a01:df::4077]/PLTV/88888888/224/3221225967/index.m3u8, IPv_Type: ipv6, Location: 中国, ISP: 中国移动, Date: None, Delay: 0.1 ms, Speed: inf M/s, Resolution: 1920x1080
Name: 黑龙江新闻法治, URL: https://ls.qingting.fm/live/4974/64k.m3u8, IPv_Type: ipv6, Location: 中国-广东-东莞, ISP: 电信, Date: None, Delay: 0.1 ms, Speed: inf M/s, Resolution: 1920x1080
Name: 黑龙江影视, URL: http://php.jdshipin.com/TVOD/hljyd.php?id=3221226298, IPv_Type: ipv6, Location: 美国, ISP: CloudFlare Inc., Date: None, Delay: 0.1 ms, Speed: inf M/s, Resolution: 1920x1080
Name: 黑龙江影视, URL: http://[2409:8087:1a01:df::7005]/ottrrs.hl.chinamobile.com/PLTV/88888888/224/3221226298/index.m3u8, IPv_Type: ipv6, Location: 中国, ISP: 中国移动, Date: None, Delay: 0.1 ms, Speed: inf M/s, Resolution: 1920x1080
Name: 黑龙江影视, URL: http://[2409:8087:1a01:df::4035]/ottrrs.hl.chinamobile.com/PLTV/88888888/224/3221226298/1.m3u8, IPv_Type: ipv6, Location: 中国, ISP: 中国移动, Date: None, Delay: 0.1 ms, Speed: inf M/s, Resolution: 1920x1080
Name: 黑龙江影视, URL: http://[2409:8087:1a01:df::4077]/ottrrs.hl.chinamobile.com/PLTV/88888888/8/3221226298/index.m3u8, IPv_Type: ipv6, Location: 中国, ISP: 中国移动, Date: None, Delay: 0.1 ms, Speed: inf M/s, Resolution: 1920x1080
Name: 黑龙江影视, URL: http://[2409:8087:1a01:df::4077]:80/ottrrs.hl.chinamobile.com/PLTV/88888888/224/3221226298/index.m3u8, IPv_Type: ipv6, Location: 中国, ISP: 中国移动, Date: None, Delay: 0.1 ms, Speed: inf M/s, Resolution: 1920x1080
Name: 黑龙江影视, URL: http://ottrrs.hl.chinamobile.com/PLTV/88888888/224/3221226298/index.m3u8, IPv_Type: ipv6, Location: 中国, ISP: 中国移动, Date: None, Delay: 0.1 ms, Speed: inf M/s, Resolution: 1920x1080
Name: 黑龙江都市, URL: http://php.jdshipin.com/TVOD/hljyd.php?id=3221226301, IPv_Type: ipv6, Location: 美国, ISP: CloudFlare Inc., Date: None, Delay: 0.1 ms, Speed: inf M/s, Resolution: 1920x1080
Name: 黑龙江都市, URL: http://[2409:8087:1a01:df::7005]/ottrrs.hl.chinamobile.com/PLTV/88888888/224/3221226301/index.m3u8, IPv_Type: ipv6, Location: 中国, ISP: 中国移动, Date: None, Delay: 0.1 ms, Speed: inf M/s, Resolution: 1920x1080
Name: 黑龙江都市, URL: http://[2409:8087:1a01:df::4025]:80/ottrrs.hl.chinamobile.com/PLTV/88888888/224/3221226301/1.m3u8, IPv_Type: ipv6, Location: 中国, ISP: 中国移动, Date: None, Delay: 0.1 ms, Speed: inf M/s, Resolution: 1920x1080
Name: 黑龙江都市, URL: http://[2409:8087:1a01:df::4055]:80/TVOD/88888888/224/3221225969/main.m3u8, IPv_Type: ipv6, Location: 中国, ISP: 中国移动, Date: None, Delay: 0.1 ms, Speed: inf M/s, Resolution: 1920x1080
Name: 黑龙江都市, URL: http://[2409:8087:1a01:df::4077]/ottrrs.hl.chinamobile.com/PLTV/88888888/8/3221226301/index.m3u8, IPv_Type: ipv6, Location: 中国, ISP: 中国移动, Date: None, Delay: 0.1 ms, Speed: inf M/s, Resolution: 1920x1080
Name: 黑龙江都市, URL: http://[2409:8087:1a01:df::4077]:80/ottrrs.hl.chinamobile.com/PLTV/88888888/224/3221226301/1.m3u8, IPv_Type: ipv6, Location: 中国, ISP: 中国移动, Date: None, Delay: 0.1 ms, Speed: inf M/s, Resolution: 1920x1080
Name: 黑龙江都市, URL: http://[2409:8087:1a01:df::4077]:80/ottrrs.hl.chinamobile.com/PLTV/88888888/224/3221226301/index.m3u8, IPv_Type: ipv6, Location: 中国, ISP: 中国移动, Date: None, Delay: 0.1 ms, Speed: inf M/s, Resolution: 1920x1080
Name: 黑龙江都市, URL: https://idclive.hljtv.com:4430/live/dushi_hd.m3u8, IPv_Type: ipv6, Location: 中国, ISP: 中国移动, Date: None, Delay: 0.1 ms, Speed: inf M/s, Resolution: 1920x1080
Name: 黑龙江少儿, URL: http://php.jdshipin.com/TVOD/hljyd.php?id=3221226304, IPv_Type: ipv6, Location: 美国, ISP: CloudFlare Inc., Date: None, Delay: 0.1 ms, Speed: inf M/s, Resolution: 1920x1080
Name: 黑龙江少儿, URL: https://ls.qingting.fm/live/4972/64k.m3u8, IPv_Type: ipv6, Location: 中国-广东-东莞, ISP: 电信, Date: None, Delay: 0.1 ms, Speed: inf M/s, Resolution: 1920x1080
Name: 黑龙江少儿, URL: http://[2409:8087:1a01:df::7005]/ottrrs.hl.chinamobile.com/PLTV/88888888/224/3221226304/index.m3u8, IPv_Type: ipv6, Location: 中国, ISP: 中国移动, Date: None, Delay: 0.1 ms, Speed: inf M/s, Resolution: 1920x1080
Name: 黑龙江少儿, URL: http://[2409:8087:1a01:df::4035]/ottrrs.hl.chinamobile.com/PLTV/88888888/224/3221226304/1.m3u8, IPv_Type: ipv6, Location: 中国, ISP: 中国移动, Date: None, Delay: 0.1 ms, Speed: inf M/s, Resolution: 1920x1080
Name: 黑龙江少儿, URL: http://[2409:8087:1a01:df::4077]/ottrrs.hl.chinamobile.com/PLTV/88888888/8/3221226304/index.m3u8, IPv_Type: ipv6, Location: 中国, ISP: 中国移动, Date: None, Delay: 0.1 ms, Speed: inf M/s, Resolution: 1920x1080
Name: 黑龙江少儿, URL: http://[2409:8087:1a01:df::4077]:80/ottrrs.hl.chinamobile.com/PLTV/88888888/224/3221226304/index.m3u8, IPv_Type: ipv6, Location: 中国, ISP: 中国移动, Date: None, Delay: 0.1 ms, Speed: inf M/s, Resolution: 1920x1080
Name: 黑龙江少儿, URL: http://ottrrs.hl.chinamobile.com/PLTV/88888888/224/3221226304/index.m3u8, IPv_Type: ipv6, Location: 中国, ISP: 中国移动, Date: None, Delay: 0.1 ms, Speed: inf M/s, Resolution: 1920x1080
Name: 黑龙江新闻, URL: https://ls.qingting.fm/live/4974/64k.m3u8, IPv_Type: ipv6, Location: 中国-广东-东莞, ISP: 电信, Date: None, Delay: 0.1 ms, Speed: inf M/s, Resolution: 1920x1080
Name: 哈尔滨新闻综合, URL: http://php.jdshipin.com/TVOD/hljyd.php?id=3221226434, IPv_Type: ipv6, Location: 美国, ISP: CloudFlare Inc., Date: None, Delay: 0.1 ms, Speed: inf M/s, Resolution: 1920x1080
Name: 哈尔滨影视, URL: https://stream.hrbtv.net/yspd/sd/live.m3u8, IPv_Type: ipv4, Location: 中国-黑龙江-哈尔滨, ISP: 联通, Date: None, Delay: 2065 ms, Speed: 0.26 M/s, Resolution: 640x480
Name: 哈尔滨影视, URL: http://stream.hrbtv.net/yspd/sd/live.m3u8, IPv_Type: ipv4, Location: 中国-黑龙江-哈尔滨, ISP: 联通, Date: None, Delay: 6003 ms, Speed: 0.08 M/s, Resolution: 640x480
Name: 哈尔滨影视, URL: http://stream.hrbtv.net/yspd/sd/live.m3u8?zheild, IPv_Type: ipv4, Location: 中国-黑龙江-哈尔滨, ISP: 联通, Date: None, Delay: 6113 ms, Speed: 0.08 M/s, Resolution: 640x480
Name: 哈尔滨影视, URL: http://111.43.126.240:9003/hls/5/index.m3u8, IPv_Type: ipv4, Location: 中国-黑龙江, ISP: 移动, Date: None, Delay: 182 ms, Speed: 0.00 M/s, Resolution: 720x576
Name: 哈尔滨资讯, URL: http://stream.hrbtv.net/zxpd/sd/live.m3u8, IPv_Type: ipv4, Location: 中国-黑龙江-哈尔滨, ISP: 联通, Date: None, Delay: 878 ms, Speed: 0.03 M/s, Resolution: 640x480
Name: 哈尔滨生活, URL: http://stream.hrbtv.net/shpd/sd/live.m3u8, IPv_Type: ipv4, Location: 中国-黑龙江-哈尔滨, ISP: 联通, Date: None, Delay: 6054 ms, Speed: 0.08 M/s, Resolution: None
Name: 哈尔滨娱乐, URL: http://stream.hrbtv.net/ylpd/sd/live.m3u8?zheild, IPv_Type: ipv4, Location: 中国-黑龙江-哈尔滨, ISP: 联通, Date: None, Delay: 659 ms, Speed: 0.04 M/s, Resolution: 640x480
Name: 哈尔滨娱乐, URL: http://stream.hrbtv.net/ylpd/sd/live.m3u8, IPv_Type: ipv4, Location: 中国-黑龙江-哈尔滨, ISP: 联通, Date: None, Delay: 672 ms, Speed: 0.04 M/s, Resolution: 640x480
Name: 哈尔滨娱乐, URL: https://stream.hrbtv.net/ylpd/sd/live.m3u8, IPv_Type: ipv4, Location: 中国-黑龙江-哈尔滨, ISP: 联通, Date: None, Delay: 1176 ms, Speed: 0.02 M/s, Resolution: 640x480
Name: 鹤岗新闻综合, URL: http://php.jdshipin.com/TVOD/hljyd.php?id=3221226534, IPv_Type: ipv6, Location: 美国, ISP: CloudFlare Inc., Date: None, Delay: 0.1 ms, Speed: inf M/s, Resolution: 1920x1080
Name: 鹤岗新闻综合, URL: http://[2409:8087:1a01:df::4059]:80/TVOD/88888888/224/3221226073/main.m3u8, IPv_Type: ipv6, Location: 中国, ISP: 中国移动, Date: None, Delay: 0.1 ms, Speed: inf M/s, Resolution: 1920x1080
Name: 鹤岗新闻综合, URL: http://[2409:8087:1a01:df::4060]:80/ottrrs.hl.chinamobile.com/PLTV/88888888/224/3221226534/index.m3u8, IPv_Type: ipv6, Location: 中国, ISP: 中国移动, Date: None, Delay: 0.1 ms, Speed: inf M/s, Resolution: 1920x1080
Name: 七台河新闻综合, URL: http://live.qthnews.org.cn:1935/live/live1/800k/tzwj_video.m3u8, IPv_Type: ipv4, Location: 中国-黑龙江-哈尔滨, ISP: 联通, Date: None, Delay: 1822 ms, Speed: 0.53 M/s, Resolution: 1280x720
Name: 佳木斯新闻综合, URL: http://php.jdshipin.com/TVOD/hljyd.php?id=3221226451, IPv_Type: ipv6, Location: 美国, ISP: CloudFlare Inc., Date: None, Delay: 0.1 ms, Speed: inf M/s, Resolution: 1920x1080
Name: 甘南县综合, URL: rtmp://masterpull.hljtv.com/live/YbFyF4Jb, IPv_Type: ipv4, Location: 中国-黑龙江, ISP: 移动, Date: None, Delay: 5151 ms, Speed: 0.00 M/s, Resolution: None
Name: 齐齐哈尔新闻综合, URL: http://php.jdshipin.com/TVOD/hljyd.php?id=3221226437, IPv_Type: ipv6, Location: 美国, ISP: CloudFlare Inc., Date: None, Delay: 0.1 ms, Speed: inf M/s, Resolution: 1920x1080
Name: 双鸭山综合, URL: rtmp://masterpull.hljtv.com/live/BowdCSzZ, IPv_Type: ipv4, Location: 中国-黑龙江, ISP: 移动, Date: None, Delay: 5139 ms, Speed: 0.00 M/s, Resolution: None
Name: 翡翠台, URL: http://cdn9.163189.xyz/smt1.1.php?id=jade_twn, IPv_Type: ipv6, Location: 美国, ISP: CloudFlare Inc., Date: None, Delay: 0.1 ms, Speed: inf M/s, Resolution: 1920x1080
Name: 翡翠台, URL: http://php.jdshipin.com/TVOD/iptv.php?id=fct, IPv_Type: ipv6, Location: 美国, ISP: CloudFlare Inc., Date: None, Delay: 0.1 ms, Speed: inf M/s, Resolution: 1920x1080
Name: 翡翠台, URL: http://php.jdshipin.com/TVOD/iptv.php?id=fct4, IPv_Type: ipv6, Location: 美国, ISP: CloudFlare Inc., Date: None, Delay: 0.1 ms, Speed: inf M/s, Resolution: 1920x1080
Name: 翡翠台, URL: http://php.jdshipin.com:8880/smt.php?id=jade_twn, IPv_Type: ipv6, Location: 美国, ISP: CloudFlare Inc., Date: None, Delay: 0.1 ms, Speed: inf M/s, Resolution: 1920x1080
Name: 翡翠台, URL: http://php.jdshipin.com/TVOD/iptv.php?id=fct2, IPv_Type: ipv6, Location: 美国, ISP: CloudFlare Inc., Date: None, Delay: 0.1 ms, Speed: inf M/s, Resolution: 1920x1080
Name: 翡翠台, URL: http://php.jdshipin.com:8880/TVOD/iptv.php?id=fct2, IPv_Type: ipv6, Location: 美国, ISP: CloudFlare Inc., Date: None, Delay: 0.1 ms, Speed: inf M/s, Resolution: 1920x1080
Name: 翡翠台, URL: http://php.jdshipin.com/TVOD/iptv.php?id=huali2, IPv_Type: ipv6, Location: 美国, ISP: CloudFlare Inc., Date: None, Delay: 0.1 ms, Speed: inf M/s, Resolution: 1920x1080
Name: 翡翠台, URL: https://cdn3.163189.xyz/live/fct/stream.m3u8, IPv_Type: ipv6, Location: 美国, ISP: CloudFlare Inc., Date: None, Delay: 0.1 ms, Speed: inf M/s, Resolution: 1920x1080
Name: 翡翠台, URL: http://php.jdshipin.com:8880/PLTV/iptv.php?id=fct3, IPv_Type: ipv6, Location: 美国, ISP: CloudFlare Inc., Date: None, Delay: 0.1 ms, Speed: inf M/s, Resolution: 1920x1080
Name: 翡翠台, URL: https://cdn5.1678520.xyz/live/live2.1.php?id=j1, IPv_Type: ipv6, Location: 美国, ISP: CloudFlare Inc., Date: None, Delay: 0.1 ms, Speed: inf M/s, Resolution: 1920x1080
Name: 翡翠台, URL: https://cdn.163189.xyz/live/fct4k/stream.m3u8, IPv_Type: ipv6, Location: 美国, ISP: CloudFlare Inc., Date: None, Delay: 0.1 ms, Speed: inf M/s, Resolution: 1920x1080
Name: 翡翠台, URL: http://php.jdshipin.com:8880/TVOD/iptv.php?id=fct4, IPv_Type: ipv6, Location: 美国, ISP: CloudFlare Inc., Date: None, Delay: 0.1 ms, Speed: inf M/s, Resolution: 1920x1080
Name: 翡翠台, URL: http://php.jdshipin.com:8880/TVOD/iptv.php?id=fct3, IPv_Type: ipv6, Location: 美国, ISP: CloudFlare Inc., Date: None, Delay: 0.1 ms, Speed: inf M/s, Resolution: 1920x1080
Name: 翡翠台, URL: http://cdn5.1678520.xyz/live/?id=fct, IPv_Type: ipv6, Location: 美国, ISP: CloudFlare Inc., Date: None, Delay: 0.1 ms, Speed: inf M/s, Resolution: 1920x1080
Name: 翡翠台, URL: http://v2h.jdshipin.com/jade2/jade.stream/chunklist_w100.m3u8, IPv_Type: ipv6, Location: 美国, ISP: CloudFlare Inc., Date: None, Delay: 0.1 ms, Speed: inf M/s, Resolution: 1920x1080
Name: 凤凰中文, URL: https://k44991.kylintv.tv/live/pxna_iphone.m3u8, IPv_Type: ipv6, Location: 美国-德克萨斯州-奥斯汀, ISP: Confluence-Networks, Date: None, Delay: 0.1 ms, Speed: inf M/s, Resolution: 1920x1080
Name: 凤凰中文, URL: https://cdn.163189.xyz/live/fhzw/stream.m3u8, IPv_Type: ipv6, Location: 美国, ISP: CloudFlare Inc., Date: None, Delay: 0.1 ms, Speed: inf M/s, Resolution: 1920x1080
Name: 凤凰中文, URL: http://cdn.163.dedyn.io/live/fhzw/stream.m3u8, IPv_Type: ipv6, Location: 美国, ISP: CloudFlare Inc., Date: None, Delay: 0.1 ms, Speed: inf M/s, Resolution: 1920x1080
Name: 凤凰中文, URL: http://php.jdshipin.com/TVOD/iptv.php, IPv_Type: ipv6, Location: 美国, ISP: CloudFlare Inc., Date: None, Delay: 0.1 ms, Speed: inf M/s, Resolution: 1920x1080
Name: 凤凰中文, URL: http://cdn.163189.xyz/live/fhzw/stream.m3u8, IPv_Type: ipv6, Location: 美国, ISP: CloudFlare Inc., Date: None, Delay: 0.1 ms, Speed: inf M/s, Resolution: 1920x1080
Name: 凤凰中文, URL: http://www.terrykang.cn:5678/sxg.php?id=test1_4000, IPv_Type: ipv6, Location: 中国, ISP: 中国电信, Date: None, Delay: 0.1 ms, Speed: inf M/s, Resolution: 1920x1080
Name: 凤凰中文, URL: http://cdn5.1678520.xyz/live/?id=fhzw, IPv_Type: ipv6, Location: 美国, ISP: CloudFlare Inc., Date: None, Delay: 0.1 ms, Speed: inf M/s, Resolution: 1920x1080
Name: 凤凰中文, URL: http://dbiptv.sn.chinamobile.com/PLTV/88888890/224/3221226547/index.m3u8, IPv_Type: ipv6, Location: 中国, ISP: 中国移动, Date: None, Delay: 0.1 ms, Speed: inf M/s, Resolution: 1920x1080
Name: 凤凰中文, URL: http://php.17186.eu.org/phtv/fhzw.m3u8, IPv_Type: ipv6, Location: 美国, ISP: CloudFlare Inc., Date: None, Delay: 0.1 ms, Speed: inf M/s, Resolution: 1920x1080
Name: 凤凰中文, URL: http://hwrr.jx.chinamobile.com:8080/PLTV/88888888/224/3221226248/index.m3u8, IPv_Type: ipv6, Location: 中国, ISP: 中国移动, Date: None, Delay: 0.1 ms, Speed: inf M/s, Resolution: 1920x1080
Name: 凤凰中文, URL: http://playtv-live.ifeng.com/live/06OLEGEGM4G_audio.m3u8, IPv_Type: ipv4, Location: 中国-江苏-常州, ISP: 电信, Date: None, Delay: 540 ms, Speed: 0.17 M/s, Resolution: None
Name: 凤凰资讯, URL: https://cdn6.163189.xyz/live/fhzx/stream.m3u8, IPv_Type: ipv6, Location: 美国, ISP: CloudFlare Inc., Date: None, Delay: 0.1 ms, Speed: inf M/s, Resolution: 1920x1080
Name: 凤凰资讯, URL: https://smart.pendy.dpdns.org/Smart.php?id=phoenixinfo_hd, IPv_Type: ipv6, Location: 美国, ISP: CloudFlare Inc., Date: None, Delay: 0.1 ms, Speed: inf M/s, Resolution: 1920x1080
Name: 凤凰资讯, URL: http://cdn3.163189.xyz/live/fhzx/stream.m3u8, IPv_Type: ipv6, Location: 美国, ISP: CloudFlare Inc., Date: None, Delay: 0.1 ms, Speed: inf M/s, Resolution: 1920x1080
Name: 凤凰资讯, URL: https://cdn3.163189.xyz/live/fhzx/stream.m3u8, IPv_Type: ipv6, Location: 美国, ISP: CloudFlare Inc., Date: None, Delay: 0.1 ms, Speed: inf M/s, Resolution: 1920x1080
Name: 凤凰资讯, URL: http://www.terrykang.cn:5678/sxg.php?id=test2_4000, IPv_Type: ipv6, Location: 中国, ISP: 中国电信, Date: None, Delay: 0.1 ms, Speed: inf M/s, Resolution: 1920x1080
Name: 凤凰资讯, URL: http://cdn5.1678520.xyz/live/?id=fhzx, IPv_Type: ipv6, Location: 美国, ISP: CloudFlare Inc., Date: None, Delay: 0.1 ms, Speed: inf M/s, Resolution: 1920x1080
Name: 凤凰资讯, URL: https://k44991.kylintv.tv/live/pxinhd_iphone.m3u8, IPv_Type: ipv6, Location: 美国-德克萨斯州-奥斯汀, ISP: Confluence-Networks, Date: None, Delay: 0.1 ms, Speed: inf M/s, Resolution: 1920x1080
Name: 凤凰资讯, URL: http://dbiptv.sn.chinamobile.com/PLTV/88888890/224/3221226546/index.m3u8, IPv_Type: ipv6, Location: 中国, ISP: 中国移动, Date: None, Delay: 0.1 ms, Speed: inf M/s, Resolution: 1920x1080
Name: 凤凰资讯, URL: http://hwrr.jx.chinamobile.com:8080/PLTV/88888888/224/3221226274/index.m3u8, IPv_Type: ipv6, Location: 中国, ISP: 中国移动, Date: None, Delay: 0.1 ms, Speed: inf M/s, Resolution: 1920x1080
Name: 凤凰资讯, URL: http://php.jdshipin.com/TVOD/iptv.php, IPv_Type: ipv6, Location: 美国, ISP: CloudFlare Inc., Date: None, Delay: 0.1 ms, Speed: inf M/s, Resolution: 1920x1080
Name: 凤凰资讯, URL: http://cdn3.132.us.kg/live/fhzx/stream.m3u8, IPv_Type: ipv6, Location: 美国, ISP: CloudFlare Inc., Date: None, Delay: 0.1 ms, Speed: inf M/s, Resolution: 1920x1080
Name: 凤凰资讯, URL: http://playtv-live.ifeng.com/live/06OLEEWQKN4_audio.m3u8, IPv_Type: ipv4, Location: 中国-江苏-常州, ISP: 电信, Date: None, Delay: 60 ms, Speed: 1.26 M/s, Resolution: None
Name: 凤凰香港, URL: http://php.jdshipin.com/TVOD/iptv.php?id=fhhk, IPv_Type: ipv6, Location: 美国, ISP: CloudFlare Inc., Date: None, Delay: 0.1 ms, Speed: inf M/s, Resolution: 1920x1080
Name: 凤凰香港, URL: https://cdn6.163189.xyz/live/fhhk/stream.m3u8, IPv_Type: ipv6, Location: 美国, ISP: CloudFlare Inc., Date: None, Delay: 0.1 ms, Speed: inf M/s, Resolution: 1920x1080
Name: 凤凰香港, URL: http://php.jdshipin.com/PLTV/iptv.php?id=fhhk, IPv_Type: ipv6, Location: 美国, ISP: CloudFlare Inc., Date: None, Delay: 0.1 ms, Speed: inf M/s, Resolution: 1920x1080
Name: 凤凰香港, URL: http://cdn3.132.us.kg/live/fhhk/stream.m3u8, IPv_Type: ipv6, Location: 美国, ISP: CloudFlare Inc., Date: None, Delay: 0.1 ms, Speed: inf M/s, Resolution: 1920x1080
Name: 凤凰香港, URL: http://php.jdshipin.com:8880/smt.php?id=hkphoenix_twn, IPv_Type: ipv6, Location: 美国, ISP: CloudFlare Inc., Date: None, Delay: 0.1 ms, Speed: inf M/s, Resolution: 1920x1080
Name: 凤凰香港, URL: https://smart.pendy.dpdns.org/Smart.php?id=hkphoenix_twn, IPv_Type: ipv6, Location: 美国, ISP: CloudFlare Inc., Date: None, Delay: 0.1 ms, Speed: inf M/s, Resolution: 1920x1080
Name: 凤凰香港, URL: http://php.jdshipin.com/TVOD/iptv.php?id=fhhk2, IPv_Type: ipv6, Location: 美国, ISP: CloudFlare Inc., Date: None, Delay: 0.1 ms, Speed: inf M/s, Resolution: 1920x1080
Name: 凤凰香港, URL: http://php.jdshipin.com:8880/TVOD/iptv.php?id=fhhk, IPv_Type: ipv6, Location: 美国, ISP: CloudFlare Inc., Date: None, Delay: 0.1 ms, Speed: inf M/s, Resolution: 1920x1080
Name: 凤凰香港, URL: http://php.jdshipin.com:8880/TVOD/iptv.php?id=fhhk2, IPv_Type: ipv6, Location: 美国, ISP: CloudFlare Inc., Date: None, Delay: 0.1 ms, Speed: inf M/s, Resolution: 1920x1080
Name: 凤凰香港, URL: http://php.17186.eu.org/phtv/fhhk.m3u8, IPv_Type: ipv6, Location: 美国, ISP: CloudFlare Inc., Date: None, Delay: 0.1 ms, Speed: inf M/s, Resolution: 1920x1080
Name: 凤凰香港, URL: http://[2409:8087:3869:8021:1001::e5]:6610/PLTV/88888910/224/3221226251/index.m3u8, IPv_Type: ipv6, Location: 中国, ISP: 中国移动, Date: None, Delay: -1 ms, Speed: 0.00 M/s, Resolution: None
Name: 凤凰卫视, URL: http://cdn.132.us.kg/live/fhzw/stream.m3u8, IPv_Type: ipv6, Location: 美国, ISP: CloudFlare Inc., Date: None, Delay: 0.1 ms, Speed: inf M/s, Resolution: 1920x1080
Name: 凤凰卫视, URL: http://php.jdshipin.com/TVOD/iptv.php?id=fhzw, IPv_Type: ipv6, Location: 美国, ISP: CloudFlare Inc., Date: None, Delay: 0.1 ms, Speed: inf M/s, Resolution: 1920x1080
Name: 凤凰卫视, URL: http://php.jdshipin.com:8880/smt.php?id=phoenixtv_hd, IPv_Type: ipv6, Location: 美国, ISP: CloudFlare Inc., Date: None, Delay: 0.1 ms, Speed: inf M/s, Resolution: 1920x1080
Name: 凤凰卫视, URL: https://smart.pendy.dpdns.org/Smart.php?id=phoenixtv_hd, IPv_Type: ipv6, Location: 美国, ISP: CloudFlare Inc., Date: None, Delay: 0.1 ms, Speed: inf M/s, Resolution: 1920x1080
Name: TVBS亚洲, URL: http://d2e1asnsl7br7b.cloudfront.net/7782e205e72f43aeb4a48ec97f66ebbe/index_5.m3u8?zshijd, IPv_Type: ipv6, Location: 美国, ISP: Amazon, Date: None, Delay: 0.1 ms, Speed: inf M/s, Resolution: 1920x1080
Name: 香港卫视, URL: http://cctvtxyh5c.liveplay.myqcloud.com/cstv/xianggangweishi_2/index.m3u8, IPv_Type: ipv6, Location: 中国, ISP: 中国联通, Date: None, Delay: 0.1 ms, Speed: inf M/s, Resolution: 1920x1080
Name: 香港卫视, URL: https://yvxymm.tv12.xyz/175.m3u8, IPv_Type: ipv6, Location: 美国, ISP: CloudFlare Inc., Date: None, Delay: -1 ms, Speed: 0.00 M/s, Resolution: None
Name: 香港卫视, URL: https://migu.188766.xyz/?migutoken=71c1dbe4568d6c43573e0f04671d588f&id=%E9%A6%99%E6%B8%AF%E5%8D%AB%E8%A7%86&pp=1, IPv_Type: ipv6, Location: 美国, ISP: CloudFlare Inc., Date: None, Delay: -1 ms, Speed: 0.00 M/s, Resolution: None
Name: 香港卫视, URL: https://migu.188766.xyz/?migutoken=6804cde09f4133e69f2aaf5406a2bcc5&id=%E9%A6%99%E6%B8%AF%E5%8D%AB%E8%A7%86&type=yy, IPv_Type: ipv6, Location: 美国, ISP: CloudFlare Inc., Date: None, Delay: -1 ms, Speed: 0.00 M/s, Resolution: None
Name: 纬来体育, URL: https://smart.pendy.dpdns.org/Smart.php?id=videolandsport, IPv_Type: ipv6, Location: 美国, ISP: CloudFlare Inc., Date: None, Delay: 0.1 ms, Speed: inf M/s, Resolution: 1920x1080
Name: 纬来育乐, URL: rtmp://9hv9.mine.nu/sat/tv701, IPv_Type: ipv4, Location: 中国-台湾, ISP: 中华电信(HiNet)数据中心, Date: None, Delay: -1 ms, Speed: inf M/s, Resolution: 1280x720
Name: 纬来育乐, URL: rtmp://60.248.77.83/sat/tv701, IPv_Type: ipv4, Location: 中国-台湾, ISP: 中华电信(HiNet)数据中心, Date: None, Delay: -1 ms, Speed: inf M/s, Resolution: 1280x720
Name: 纬来育乐, URL: rtmp://f13h.mine.nu/sat/tv701, IPv_Type: ipv4, Location: 中国-台湾-台中市, ISP: 中华电信, Date: None, Delay: -1 ms, Speed: inf M/s, Resolution: 1280x720
Name: 纬来育乐, URL: rtmp://116.93.98.236/sat/tv701.flv, IPv_Type: ipv4, Location: 菲律宾, ISP: , Date: None, Delay: 5061 ms, Speed: 0.00 M/s, Resolution: None
Name: J2, URL: http://php.jdshipin.com:8880/PLTV/iptv.php?id=j2, IPv_Type: ipv6, Location: 美国, ISP: CloudFlare Inc., Date: None, Delay: 0.1 ms, Speed: inf M/s, Resolution: 1920x1080
Name: Viutv, URL: http://php.jdshipin.com:8880/PLTV/iptv.php?id=viutv, IPv_Type: ipv6, Location: 美国, ISP: CloudFlare Inc., Date: None, Delay: 0.1 ms, Speed: inf M/s, Resolution: 1920x1080
Name: 无线新闻, URL: http://php.jdshipin.com:8880/TVOD/iptv.php?id=tvbxw, IPv_Type: ipv6, Location: 美国, ISP: CloudFlare Inc., Date: None, Delay: 0.1 ms, Speed: inf M/s, Resolution: 1920x1080
Name: 无线新闻, URL: https://cdn9.163189.xyz/smt3.1.1.php?id=inews_twn, IPv_Type: ipv6, Location: 美国, ISP: CloudFlare Inc., Date: None, Delay: 0.1 ms, Speed: inf M/s, Resolution: 1920x1080
Name: 无线新闻, URL: http://cdn9.163189.xyz/smt1.1.php?id=inews_twn, IPv_Type: ipv6, Location: 美国, ISP: CloudFlare Inc., Date: None, Delay: 0.1 ms, Speed: inf M/s, Resolution: 1920x1080
Name: 无线新闻, URL: https://v2hcdn.jdshipin.com/news/news.stream/chunklist_w105.m3u8, IPv_Type: ipv6, Location: 美国, ISP: CloudFlare Inc., Date: None, Delay: 0.1 ms, Speed: inf M/s, Resolution: 1920x1080
Name: 无线新闻, URL: http://v2hcdn.jdshipin.com/news/news.stream/chunklist_w1005.m3u8, IPv_Type: ipv6, Location: 美国, ISP: CloudFlare Inc., Date: None, Delay: 0.1 ms, Speed: inf M/s, Resolution: 1920x1080
Name: 三立新闻, URL: https://tv.iill.top/4gtv/229, IPv_Type: ipv6, Location: 美国, ISP: CloudFlare Inc., Date: None, Delay: 0.1 ms, Speed: inf M/s, Resolution: 1920x1080
Name: 三立新闻, URL: https://raw.githubusercontent.com/ChiSheng9/iptv/master/TV32.m3u8, IPv_Type: ipv6, Location: 美国, ISP: GitHub+Fastly节点, Date: None, Delay: 0.1 ms, Speed: inf M/s, Resolution: 1920x1080
Name: 东森综合, URL: https://smart.pendy.dpdns.org/Smart.php?id=ettvzhonghe, IPv_Type: ipv6, Location: 美国, ISP: CloudFlare Inc., Date: None, Delay: 0.1 ms, Speed: inf M/s, Resolution: 1920x1080
Name: 东森超视, URL: https://smart.pendy.dpdns.org/Smart.php?id=ettvsuper, IPv_Type: ipv6, Location: 美国, ISP: CloudFlare Inc., Date: None, Delay: 0.1 ms, Speed: inf M/s, Resolution: 1920x1080
Name: 东森电影, URL: http://mytv.cdn.com.mp/live/dsdy/stream.m3u8, IPv_Type: ipv6, Location: 美国, ISP: CloudFlare Inc., Date: None, Delay: 0.1 ms, Speed: inf M/s, Resolution: 1920x1080
Name: 东森电影, URL: https://smart.pendy.dpdns.org/Smart.php?id=ettvmovie, IPv_Type: ipv6, Location: 美国, ISP: CloudFlare Inc., Date: None, Delay: 0.1 ms, Speed: inf M/s, Resolution: 1920x1080
Name: CHC家庭影院, URL: http://[2409:8087:4c0a:22:1::11]:6410/170000001115/UmaiCHAN63807601b19dd/index.m3u8?m3u8_level=2, IPv_Type: ipv6, Location: 中国, ISP: 中国移动, Date: None, Delay: 0.1 ms, Speed: inf M/s, Resolution: 1920x1080
Name: CHC家庭影院, URL: http://eastscreen.tv/ooooo.php, IPv_Type: ipv6, Location: 美国, ISP: CloudFlare Inc., Date: None, Delay: 0.1 ms, Speed: inf M/s, Resolution: 1920x1080
Name: CHC家庭影院, URL: http://eastscreen.tv/ooooo.php?id=chcjt, IPv_Type: ipv6, Location: 美国, ISP: CloudFlare Inc., Date: None, Delay: 0.1 ms, Speed: inf M/s, Resolution: 1920x1080
Name: CHC家庭影院, URL: http://sport.pendy.dpdns.org/migu/644368373?token=BCDxUPC2aE0y0iz8JYzYhWA21b8DBPXm4Tw9nHe0T-ftD1MRmsBCXZPPiHXeDz7cNybVmmXGazeeaHKpxyYgEA, IPv_Type: ipv6, Location: 美国, ISP: CloudFlare Inc., Date: None, Delay: -1 ms, Speed: 0.00 M/s, Resolution: None
Name: CHC家庭影院, URL: https://mursor.ottiptv.cc/migu/644368373.m3u8?migutoken=eda0112e6a1f0fac1c6d7d1bba6e6bf6f4bad80594800fe209a244e76507b80132e671dc1045ca63e497f73f714e92acba8837381116572cad1ef61ce9ddcc4ec333dd4414d08865970e33e630, IPv_Type: ipv6, Location: 美国-新泽西州-巴赛克, ISP: DigitalOcean, Date: None, Delay: -1 ms, Speed: 0.00 M/s, Resolution: None
Name: CHC家庭影院, URL: https://migu.188766.xyz/?migutoken=1d2aae4c4233178928277e5322b57c56&id=CHC%E5%AE%B6%E5%BA%AD%E5%BD%B1%E9%99%A2&pp=1, IPv_Type: ipv6, Location: 美国, ISP: CloudFlare Inc., Date: None, Delay: -1 ms, Speed: 0.00 M/s, Resolution: None
Name: CHC家庭影院, URL: https://mgtv.ottiptv.cc/migu/644368373.m3u8?migutoken=02f6073a65cfa4b76b8198be1bbc271ad8399a5a7eba28b6d2b5a1fd269162f4e5d78202d5515f6a21832743887f1e19f9c93e34c348532e77d8b083727e41097fb2ee9c27f1606dea802ad3d5, IPv_Type: ipv6, Location: 美国, ISP: Oracle Corporation, Date: None, Delay: -1 ms, Speed: 0.00 M/s, Resolution: None
Name: CHC家庭影院, URL: https://mgtv.ottiptv.cc/mg/644368373.m3u8?sign=bda539eec2bb0ede8adbb107fcdc9993&tm=1757355490&token=072f4527703a45daa10a910c53fd653d5df5967341cf62fd859165a75cc3b6f2ae98138455253d9c9ac756a91e35dab648886b61f038012df542942ca2502a10bbd4d0abfb15d675d25435f808, IPv_Type: ipv6, Location: 美国, ISP: Oracle Corporation, Date: None, Delay: -1 ms, Speed: 0.00 M/s, Resolution: None
Name: CHC动作电影, URL: http://[2409:8087:8:21::18]:6610/otttv.bj.chinamobile.com/PLTV/88888888/224/3221226329/1.m3u8, IPv_Type: ipv6, Location: 中国, ISP: 中国移动, Date: None, Delay: 0.1 ms, Speed: inf M/s, Resolution: 1920x1080
Name: CHC动作电影, URL: http://[2409:8087:1a01:df::4021]:80/TVOD/88888888/224/3221225555/main.m3u8, IPv_Type: ipv6, Location: 中国, ISP: 中国移动, Date: None, Delay: 0.1 ms, Speed: inf M/s, Resolution: 1920x1080
Name: CHC动作电影, URL: http://[2409:8087:4c0a:22:1::11]:6410/170000001115/UmaiCHAN6380763222d00/index.m3u8?m3u8_level=2, IPv_Type: ipv6, Location: 中国, ISP: 中国移动, Date: None, Delay: 0.1 ms, Speed: inf M/s, Resolution: 1920x1080
Name: CHC动作电影, URL: http://[2409:8087:3c02:0021:0000:0001:0000:100a]:6410/shandong_cabletv.live.zte.com////CHANNEL00002030/index.m3u8?IASHttpSessionId=, IPv_Type: ipv6, Location: 中国, ISP: 中国移动, Date: None, Delay: 0.1 ms, Speed: inf M/s, Resolution: 1920x1080
Name: CHC动作电影, URL: http://data.3g.yy.com/live/hls/1382735573/1382735573, IPv_Type: ipv6, Location: 中国, ISP: 中国电信, Date: None, Delay: 0.1 ms, Speed: inf M/s, Resolution: 1920x1080
Name: CHC动作电影, URL: https://stream.freetv.fun/2f2e29b8759a2458730dc1f3686024472691952a50e787fe075944d0cb17f36e.ctv, IPv_Type: ipv6, Location: 美国, ISP: CloudFlare Inc., Date: None, Delay: 0.1 ms, Speed: inf M/s, Resolution: 1920x1080
Name: CHC动作电影, URL: http://eastscreen.tv/ooooo.php, IPv_Type: ipv6, Location: 美国, ISP: CloudFlare Inc., Date: None, Delay: 0.1 ms, Speed: inf M/s, Resolution: 1920x1080
Name: CHC动作电影, URL: http://sport.pendy.dpdns.org/migu/644368714?token=BCDxUPC2aE0y0iz8JYzYhWA21b8DBPXm4Tw9nHe0T-ftD1MRmsBCXZPPiHXeDz7cNybVmmXGazeeaHKpxyYgEA, IPv_Type: ipv6, Location: 美国, ISP: CloudFlare Inc., Date: None, Delay: -1 ms, Speed: 0.00 M/s, Resolution: None
Name: CHC动作电影, URL: https://migu.188766.xyz/?migutoken=5f7ddbc144aaa6a046ced38913096c20&id=CHC%E5%8A%A8%E4%BD%9C%E7%94%B5%E5%BD%B1&pp=1, IPv_Type: ipv6, Location: 美国, ISP: CloudFlare Inc., Date: None, Delay: -1 ms, Speed: 0.00 M/s, Resolution: None
Name: CHC动作电影, URL: https://live.chinacert.cftest5.cn/mg/?id=644368714, IPv_Type: ipv6, Location: 中国, ISP: 中国移动, Date: None, Delay: -1 ms, Speed: 0.00 M/s, Resolution: None
Name: 淘剧场, URL: http://[2409:8087:1:20:20::26]/otttv.bj.chinamobile.com/PLTV/88888888/224/3221226553/1.m3u8?GuardEncType=2&accountinfo=%7E%7EV2.0%7EQaJ92NID2SpQlY6_VJVogg%7E_eNUbgU9sJGUcVVduOMKhafLvQUgE_zlz_7pvDimJNOuQYJeiYEeFWTkFfE86Vq-%2CEND, IPv_Type: ipv6, Location: 中国, ISP: 中国移动, Date: None, Delay: 0.1 ms, Speed: inf M/s, Resolution: 1920x1080
Name: 淘剧场, URL: http://zjzcf.synology.me:35455/bptv/10000100000000050000000003887497.m3u8, IPv_Type: ipv6, Location: 中国, ISP: 中国移动, Date: None, Delay: -1 ms, Speed: 0.00 M/s, Resolution: None
Name: 淘剧场, URL: http://missyao.com:35455/bptv/10000100000000050000000003887497.m3u8, IPv_Type: ipv6, Location: 中国-香港, ISP: , Date: None, Delay: -1 ms, Speed: 0.00 M/s, Resolution: None
Name: 淘娱乐, URL: http://[2409:8087:1:20:20::2c]/otttv.bj.chinamobile.com/PLTV/88888888/224/3221226551/1.m3u8?GuardEncType=2&accountinfo=%7E%7EV2.0%7Ex0efg9fpenP8E8lWJUb5Lg%7E_eNUbgU9sJGUcVVduOMKhafLvQUgE_zlz_7pvDimJNNg3bzRax0E9tLmO9xgXVx8%2CEND, IPv_Type: ipv6, Location: 中国, ISP: 中国移动, Date: None, Delay: 0.1 ms, Speed: inf M/s, Resolution: 1920x1080
Name: 淘娱乐, URL: http://zjzcf.synology.me:35455/bptv/10000100000000050000000003887499.m3u8, IPv_Type: ipv6, Location: 中国, ISP: 中国移动, Date: None, Delay: -1 ms, Speed: 0.00 M/s, Resolution: None
Name: 淘娱乐, URL: http://missyao.com:35455/bptv/10000100000000050000000003887499.m3u8, IPv_Type: ipv6, Location: 中国-香港, ISP: , Date: None, Delay: -1 ms, Speed: 0.00 M/s, Resolution: None
Name: 淘电影, URL: http://[2409:8087:1:20:20::26]/otttv.bj.chinamobile.com/PLTV/88888888/224/3221226552/1.m3u8?GuardEncType=2&accountinfo=%7E%7EV2.0%7EXOsrWMA-UCdUl1hQSR9EKw%7E_eNUbgU9sJGUcVVduOMKhafLvQUgE_zlz_7pvDimJNNg3bzRax0E9tLmO9xgXVx8%2CEND, IPv_Type: ipv6, Location: 中国, ISP: 中国移动, Date: None, Delay: 0.1 ms, Speed: inf M/s, Resolution: 1920x1080
Name: 淘电影, URL: http://yc.myds.me:35455/bptv/10000100000000050000000003887498.m3u8, IPv_Type: ipv6, Location: 中国, ISP: 中国电信, Date: None, Delay: 0.1 ms, Speed: inf M/s, Resolution: 1920x1080
Name: NewTV惊悚悬疑, URL: http://php.jdshipin.com/TVOD/hnyd.php?id=200000001898/460000089800010077, IPv_Type: ipv6, Location: 美国, ISP: CloudFlare Inc., Date: None, Delay: 0.1 ms, Speed: inf M/s, Resolution: 1920x1080
Name: NewTV动作电影, URL: http://php.jdshipin.com/TVOD/hnyd.php?id=200000001898/460000089800010003, IPv_Type: ipv6, Location: 美国, ISP: CloudFlare Inc., Date: None, Delay: 0.1 ms, Speed: inf M/s, Resolution: 1920x1080
Name: 黑莓电影, URL: http://php.jdshipin.com/TVOD/hnyd.php?id=200000001898/460000089800010073, IPv_Type: ipv6, Location: 美国, ISP: CloudFlare Inc., Date: None, Delay: 0.1 ms, Speed: inf M/s, Resolution: 1920x1080
Name: 黑莓电影, URL: http://[2409:8087:8:21::18]:6610/otttv.bj.chinamobile.com/PLTV/88888888/224/3221226939/1.m3u8, IPv_Type: ipv6, Location: 中国, ISP: 中国移动, Date: None, Delay: 0.1 ms, Speed: inf M/s, Resolution: 1920x1080
Name: 黑莓电影, URL: http://[2409:8087:1a01:df::4001]:80/TVOD/88888888/224/3221225681/main.m3u8, IPv_Type: ipv6, Location: 中国, ISP: 中国移动, Date: None, Delay: 0.1 ms, Speed: inf M/s, Resolution: 1920x1080
Name: 黑莓电影, URL: http://[2409:8087:1a01:df::4077]:80/ottrrs.hl.chinamobile.com/PLTV/88888888/224/3221225666/index.m3u8, IPv_Type: ipv6, Location: 中国, ISP: 中国移动, Date: None, Delay: 0.1 ms, Speed: inf M/s, Resolution: 1920x1080
Name: 黑莓电影, URL: http://[2409:8087:2001:20:2800:0:df6e:eb08]/ott.mobaibox.com/PLTV/3/224/3221227520/index.m3u8, IPv_Type: ipv6, Location: 中国, ISP: 中国移动, Date: None, Delay: 0.1 ms, Speed: inf M/s, Resolution: 1920x1080
Name: 黑莓电影, URL: http://[2409:8087:1:20:20::27]/otttv.bj.chinamobile.com/PLTV/88888888/224/3221226939/1.m3u8, IPv_Type: ipv6, Location: 中国, ISP: 中国移动, Date: None, Delay: 0.1 ms, Speed: inf M/s, Resolution: 1920x1080
Name: 黑莓电影, URL: http://[2409:8087:1:20:20::27]/otttv.bj.chinamobile.com/PLTV/88888888/224/3221226939/1.m3u8?GuardEncType=2&accountinfo=%7E%7EV2.0%7E, IPv_Type: ipv6, Location: 中国, ISP: 中国移动, Date: None, Delay: 0.1 ms, Speed: inf M/s, Resolution: 1920x1080
Name: 黑莓电影, URL: http://[2409:8087:3869:8021:1001::e5]:6610/PLTV/88888888/224/3221225764/2/index.m3u8, IPv_Type: ipv6, Location: 中国, ISP: 中国移动, Date: None, Delay: 0.1 ms, Speed: inf M/s, Resolution: 1920x1080
Name: 黑莓电影, URL: http://[2409:8087:3869:8021:1001::e5]:6610/PLTV/88888888/224/3221225769/2/index.m3u8, IPv_Type: ipv6, Location: 中国, ISP: 中国移动, Date: None, Delay: 0.1 ms, Speed: inf M/s, Resolution: 1920x1080
Name: 靖天映画, URL: http://breezy-audrie-zspace-7524863c.koyeb.app/vipsir?token=leifeng&id=4gtv-4gtv055, IPv_Type: ipv6, Location: 美国, ISP: CloudFlare Inc., Date: None, Delay: -1 ms, Speed: 0.00 M/s, Resolution: None
Name: 靖天映画, URL: https://4gtv.dxjc.pp.ua/4gtv-4gtv055/index.m3u8, IPv_Type: ipv6, Location: 新加坡, ISP: Aceville Pte.Ltd., Date: None, Delay: -1 ms, Speed: 0.00 M/s, Resolution: None
Name: 靖天映画, URL: https://mao.ffmking888.dpdns.org/?id=6Z2W5aSp5pig55Wr&auth=30234cedf871581989d3c91a3daec1e9f50e024aafcfa2247e7d44d91bb8d02fbc3f571b2d67f9d82642cc1d0f133d89, IPv_Type: ipv6, Location: 美国, ISP: CloudFlare Inc., Date: None, Delay: -1 ms, Speed: 0.00 M/s, Resolution: None
Name: 靖天戏剧, URL: http://breezy-audrie-zspace-7524863c.koyeb.app/vipsir?token=leifeng&id=4gtv-4gtv058, IPv_Type: ipv6, Location: 美国, ISP: CloudFlare Inc., Date: None, Delay: -1 ms, Speed: 0.00 M/s, Resolution: None
Name: 靖天戏剧, URL: https://mao.ffmking888.dpdns.org/?id=6Z2W5aSp5oiy5YqH5Yaw&auth=30234cedf871581989d3c91a3daec1e9f50e024aafcfa2247e7d44d91bb8d02fbc3f571b2d67f9d82642cc1d0f133d89, IPv_Type: ipv6, Location: 美国, ISP: CloudFlare Inc., Date: None, Delay: -1 ms, Speed: 0.00 M/s, Resolution: None
Name: 经典电影, URL: https://tv.iill.top/4gtv/201, IPv_Type: ipv6, Location: 美国, ISP: CloudFlare Inc., Date: None, Delay: 0.1 ms, Speed: inf M/s, Resolution: 1920x1080
Name: 经典电影, URL: https://mursor.ottiptv.cc/bilibili/1777481601, IPv_Type: ipv6, Location: 美国, ISP: Oracle Corporation, Date: None, Delay: -1 ms, Speed: 0.00 M/s, Resolution: None
Name: 经典电影, URL: https://yylunbo.ottiptv.cc/yy/1414812324, IPv_Type: ipv6, Location: 美国, ISP: CloudFlare Inc., Date: None, Delay: -1 ms, Speed: 0.00 M/s, Resolution: None
Name: 天映经典, URL: https://migu.188766.xyz/?migutoken=3637f4ae3861b554c9b368728cc8b391&id=Celestial2&type=dy, IPv_Type: ipv6, Location: 美国, ISP: CloudFlare Inc., Date: None, Delay: -1 ms, Speed: 0.00 M/s, Resolution: None
Name: 天映经典, URL: https://classicarts.akamaized.net/hls/live/1024257/CAS/master.m3u8, IPv_Type: ipv6, Location: 美国, ISP: Akamai Technologies Inc., Date: None, Delay: -1 ms, Speed: 0.00 M/s, Resolution: None
Name: 天映经典, URL: https://100.061833.xyz/stream/mytv/null-1/stream.m3u8?uid=3291919010&u=rty789&p=29624e2e4c4ccee26ed8f3e0ca1012ea57a8f2191be6149f632250f7036119cc, IPv_Type: ipv6, Location: 美国, ISP: CloudFlare Inc., Date: None, Delay: -1 ms, Speed: 0.00 M/s, Resolution: None
Name: 无线星河, URL: http://php.jdshipin.com/smt.php?id=Xinhe, IPv_Type: ipv6, Location: 美国, ISP: CloudFlare Inc., Date: None, Delay: 0.1 ms, Speed: inf M/s, Resolution: 1920x1080
Name: 无线星河, URL: https://cdn6.101.qzz.io/163189/tvbxh, IPv_Type: ipv6, Location: 美国, ISP: CloudFlare Inc., Date: None, Delay: -1 ms, Speed: 0.00 M/s, Resolution: None
Name: 东森电影, URL: http://mytv.cdn.com.mp/live/dsdy/stream.m3u8, IPv_Type: ipv6, Location: 美国, ISP: CloudFlare Inc., Date: None, Delay: 0.1 ms, Speed: inf M/s, Resolution: 1920x1080
Name: 东森电影, URL: https://smart.pendy.dpdns.org/Smart.php?id=ettvmovie, IPv_Type: ipv6, Location: 美国, ISP: CloudFlare Inc., Date: None, Delay: 0.1 ms, Speed: inf M/s, Resolution: 1920x1080
Name: 东森洋片, URL: https://hls.iill.top/api/dsyp/index.m3u8, IPv_Type: ipv6, Location: 美国, ISP: CloudFlare Inc., Date: None, Delay: -1 ms, Speed: 0.00 M/s, Resolution: None
Name: 东森超视, URL: https://smart.pendy.dpdns.org/Smart.php?id=ettvsuper, IPv_Type: ipv6, Location: 美国, ISP: CloudFlare Inc., Date: None, Delay: 0.1 ms, Speed: inf M/s, Resolution: 1920x1080
Name: 咪咕直播2, URL: http://[2409:8087:5e00:24::2d]:6610/000000001000/1/3000000001000005969/index.m3u8?channel-id=FifastbLive&Contentid=3000000001000005969&livemode=1&stbId=YanG-1989, IPv_Type: ipv6, Location: 中国, ISP: 中国移动, Date: None, Delay: 0.1 ms, Speed: inf M/s, Resolution: 1920x1080
Name: 咪咕直播3, URL: http://[2409:8087:5e00:24::2d]:6610/000000001000/1/3000000001000007218/index.m3u8?channel-id=FifastbLive&Contentid=3000000001000007218&livemode=1&stbId=YanG-1989, IPv_Type: ipv6, Location: 中国, ISP: 中国移动, Date: None, Delay: 0.1 ms, Speed: inf M/s, Resolution: 1920x1080
Name: 咪咕直播4, URL: http://[2409:8087:5e00:24::2d]:6610/000000001000/1/3000000001000008001/index.m3u8?channel-id=FifastbLive&Contentid=3000000001000008001&livemode=1&stbId=YanG-1989, IPv_Type: ipv6, Location: 中国, ISP: 中国移动, Date: None, Delay: 0.1 ms, Speed: inf M/s, Resolution: 1920x1080
Name: 咪咕直播5, URL: http://[2409:8087:5e00:24::2d]:6610/000000001000/1/3000000001000008176/index.m3u8?channel-id=FifastbLive&Contentid=3000000001000008176&livemode=1&stbId=YanG-1989, IPv_Type: ipv6, Location: 中国, ISP: 中国移动, Date: None, Delay: 0.1 ms, Speed: inf M/s, Resolution: 1920x1080
Name: 咪咕直播6, URL: http://[2409:8087:5e00:24::2d]:6610/000000001000/1/3000000001000008379/index.m3u8?channel-id=FifastbLive&Contentid=3000000001000008379&livemode=1&stbId=YanG-1989, IPv_Type: ipv6, Location: 中国, ISP: 中国移动, Date: None, Delay: 0.1 ms, Speed: inf M/s, Resolution: 1920x1080
Name: 咪咕直播7, URL: http://[2409:8087:5e00:24::2d]:6610/000000001000/1/3000000001000010129/index.m3u8?channel-id=FifastbLive&Contentid=3000000001000010129&livemode=1&stbId=YanG-1989, IPv_Type: ipv6, Location: 中国, ISP: 中国移动, Date: None, Delay: 0.1 ms, Speed: inf M/s, Resolution: 1920x1080
Name: 咪咕直播8, URL: http://[2409:8087:5e00:24::2d]:6610/000000001000/1/3000000001000010948/index.m3u8?channel-id=FifastbLive&Contentid=3000000001000010948&livemode=1&stbId=YanG-1989, IPv_Type: ipv6, Location: 中国, ISP: 中国移动, Date: None, Delay: 0.1 ms, Speed: inf M/s, Resolution: 1920x1080
Name: 咪咕直播9, URL: http://[2409:8087:5e00:24::2d]:6610/000000001000/1/3000000001000028638/index.m3u8?channel-id=FifastbLive&Contentid=3000000001000028638&livemode=1&stbId=YanG-1989, IPv_Type: ipv6, Location: 中国, ISP: 中国移动, Date: None, Delay: 0.1 ms, Speed: inf M/s, Resolution: 1920x1080
Name: 咪咕直播10, URL: http://[2409:8087:5e00:24::2d]:6610/000000001000/1/3000000001000031494/index.m3u8?channel-id=FifastbLive&Contentid=3000000001000031494&livemode=1&stbId=YanG-1989, IPv_Type: ipv6, Location: 中国, ISP: 中国移动, Date: None, Delay: 0.1 ms, Speed: inf M/s, Resolution: 1920x1080
Name: 咪咕直播11, URL: http://[2409:8087:5e00:24::2d]:6610/000000001000/1/3000000010000000097/index.m3u8?channel-id=FifastbLive&Contentid=3000000010000000097&livemode=1&stbId=YanG-1989, IPv_Type: ipv6, Location: 中国, ISP: 中国移动, Date: None, Delay: 0.1 ms, Speed: inf M/s, Resolution: 1920x1080
Name: 咪咕直播12, URL: http://[2409:8087:5e00:24::2d]:6610/000000001000/1/3000000010000002019/index.m3u8?channel-id=FifastbLive&Contentid=3000000010000002019&livemode=1&stbId=YanG-1989, IPv_Type: ipv6, Location: 中国, ISP: 中国移动, Date: None, Delay: 0.1 ms, Speed: inf M/s, Resolution: 1920x1080
Name: 咪咕直播13, URL: http://[2409:8087:5e00:24::2d]:6610/000000001000/1/3000000010000002809/index.m3u8?channel-id=FifastbLive&Contentid=3000000010000002809&livemode=1&stbId=YanG-1989, IPv_Type: ipv6, Location: 中国, ISP: 中国移动, Date: None, Delay: 0.1 ms, Speed: inf M/s, Resolution: 1920x1080
Name: 咪咕直播14, URL: http://[2409:8087:5e00:24::2d]:6610/000000001000/1/3000000010000003915/index.m3u8?channel-id=FifastbLive&Contentid=3000000010000003915&livemode=1&stbId=YanG-1989, IPv_Type: ipv6, Location: 中国, ISP: 中国移动, Date: None, Delay: 0.1 ms, Speed: inf M/s, Resolution: 1920x1080
Name: 咪咕直播15, URL: http://[2409:8087:5e00:24::2d]:6610/000000001000/1/3000000010000004193/index.m3u8?channel-id=FifastbLive&Contentid=3000000010000004193&livemode=1&stbId=YanG-1989, IPv_Type: ipv6, Location: 中国, ISP: 中国移动, Date: None, Delay: 0.1 ms, Speed: inf M/s, Resolution: 1920x1080
Name: 咪咕直播16, URL: http://[2409:8087:5e00:24::2d]:6610/000000001000/1/3000000010000005837/index.m3u8?channel-id=FifastbLive&Contentid=3000000010000005837&livemode=1&stbId=YanG-1989, IPv_Type: ipv6, Location: 中国, ISP: 中国移动, Date: None, Delay: 0.1 ms, Speed: inf M/s, Resolution: 1920x1080
Name: 咪咕直播17, URL: http://[2409:8087:5e00:24::2d]:6610/000000001000/1/3000000010000006077/index.m3u8?channel-id=FifastbLive&Contentid=3000000010000006077&livemode=1&stbId=YanG-1989, IPv_Type: ipv6, Location: 中国, ISP: 中国移动, Date: None, Delay: 0.1 ms, Speed: inf M/s, Resolution: 1920x1080
Name: 咪咕直播18, URL: http://[2409:8087:5e00:24::2d]:6610/000000001000/1/3000000010000006658/index.m3u8?channel-id=FifastbLive&Contentid=3000000010000006658&livemode=1&stbId=YanG-1989, IPv_Type: ipv6, Location: 中国, ISP: 中国移动, Date: None, Delay: 0.1 ms, Speed: inf M/s, Resolution: 1920x1080
Name: 咪咕直播19, URL: http://[2409:8087:5e00:24::2d]:6610/000000001000/1/3000000010000009788/index.m3u8?channel-id=FifastbLive&Contentid=3000000010000009788&livemode=1&stbId=YanG-1989, IPv_Type: ipv6, Location: 中国, ISP: 中国移动, Date: None, Delay: 0.1 ms, Speed: inf M/s, Resolution: 1920x1080
Name: 咪咕直播20, URL: http://[2409:8087:5e00:24::2d]:6610/000000001000/1/3000000010000010833/index.m3u8?channel-id=FifastbLive&Contentid=3000000010000010833&livemode=1&stbId=YanG-1989, IPv_Type: ipv6, Location: 中国, ISP: 中国移动, Date: None, Delay: 0.1 ms, Speed: inf M/s, Resolution: 1920x1080
Name: 咪咕直播21, URL: http://[2409:8087:5e00:24::2d]:6610/000000001000/1/3000000010000011297/index.m3u8?channel-id=FifastbLive&Contentid=3000000010000011297&livemode=1&stbId=YanG-1989, IPv_Type: ipv6, Location: 中国, ISP: 中国移动, Date: None, Delay: 0.1 ms, Speed: inf M/s, Resolution: 1920x1080
Name: 咪咕直播22, URL: http://[2409:8087:5e00:24::2d]:6610/000000001000/1/3000000010000011518/index.m3u8?channel-id=FifastbLive&Contentid=3000000010000011518&livemode=1&stbId=YanG-1989, IPv_Type: ipv6, Location: 中国, ISP: 中国移动, Date: None, Delay: 0.1 ms, Speed: inf M/s, Resolution: 1920x1080
Name: 咪咕直播23, URL: http://[2409:8087:5e00:24::2d]:6610/000000001000/1/3000000010000012558/index.m3u8?channel-id=FifastbLive&Contentid=3000000010000012558&livemode=1&stbId=YanG-1989, IPv_Type: ipv6, Location: 中国, ISP: 中国移动, Date: None, Delay: 0.1 ms, Speed: inf M/s, Resolution: 1920x1080
Name: 咪咕直播24, URL: http://[2409:8087:5e00:24::2d]:6610/000000001000/1/3000000010000012616/index.m3u8?channel-id=FifastbLive&Contentid=3000000010000012616&livemode=1&stbId=YanG-1989, IPv_Type: ipv6, Location: 中国, ISP: 中国移动, Date: None, Delay: 0.1 ms, Speed: inf M/s, Resolution: 1920x1080
Name: 咪咕直播25, URL: http://[2409:8087:5e00:24::2d]:6610/000000001000/1/3000000010000015470/index.m3u8?channel-id=FifastbLive&Contentid=3000000010000015470&livemode=1&stbId=YanG-1989, IPv_Type: ipv6, Location: 中国, ISP: 中国移动, Date: None, Delay: 0.1 ms, Speed: inf M/s, Resolution: 1920x1080
Name: 咪咕直播26, URL: http://[2409:8087:5e00:24::2d]:6610/000000001000/1/3000000010000015560/index.m3u8?channel-id=FifastbLive&Contentid=3000000010000015560&livemode=1&stbId=YanG-1989, IPv_Type: ipv6, Location: 中国, ISP: 中国移动, Date: None, Delay: 0.1 ms, Speed: inf M/s, Resolution: 1920x1080
Name: 咪咕直播27, URL: http://[2409:8087:5e00:24::2d]:6610/000000001000/1/3000000010000017678/index.m3u8?channel-id=FifastbLive&Contentid=3000000010000017678&livemode=1&stbId=YanG-1989, IPv_Type: ipv6, Location: 中国, ISP: 中国移动, Date: None, Delay: 0.1 ms, Speed: inf M/s, Resolution: 1920x1080
Name: 咪咕直播28, URL: http://[2409:8087:5e00:24::2d]:6610/000000001000/1/3000000010000019839/index.m3u8?channel-id=FifastbLive&Contentid=3000000010000019839&livemode=1&stbId=YanG-1989, IPv_Type: ipv6, Location: 中国, ISP: 中国移动, Date: None, Delay: 0.1 ms, Speed: inf M/s, Resolution: 1920x1080
Name: 咪咕直播29, URL: http://[2409:8087:5e00:24::2d]:6610/000000001000/1/3000000010000021904/index.m3u8?channel-id=FifastbLive&Contentid=3000000010000021904&livemode=1&stbId=YanG-1989, IPv_Type: ipv6, Location: 中国, ISP: 中国移动, Date: None, Delay: 0.1 ms, Speed: inf M/s, Resolution: 1920x1080
Name: 咪咕直播30, URL: http://[2409:8087:5e00:24::2d]:6610/000000001000/1/3000000010000023434/index.m3u8?channel-id=FifastbLive&Contentid=3000000010000023434&livemode=1&stbId=YanG-1989, IPv_Type: ipv6, Location: 中国, ISP: 中国移动, Date: None, Delay: 0.1 ms, Speed: inf M/s, Resolution: 1920x1080
Name: 咪咕直播31, URL: http://[2409:8087:5e00:24::2d]:6610/000000001000/1/3000000010000025380/index.m3u8?channel-id=FifastbLive&Contentid=3000000010000025380&livemode=1&stbId=YanG-1989, IPv_Type: ipv6, Location: 中国, ISP: 中国移动, Date: None, Delay: 0.1 ms, Speed: inf M/s, Resolution: 1920x1080
Name: 咪咕直播32, URL: http://[2409:8087:5e00:24::2d]:6610/000000001000/1/3000000010000027691/index.m3u8?channel-id=FifastbLive&Contentid=3000000010000027691&livemode=1&stbId=YanG-1989, IPv_Type: ipv6, Location: 中国, ISP: 中国移动, Date: None, Delay: 0.1 ms, Speed: inf M/s, Resolution: 1920x1080
Name: 咪咕直播33, URL: http://[2409:8087:5e00:24::2d]:6610/000000001000/1/3000000010000031669/index.m3u8?channel-id=FifastbLive&Contentid=3000000010000031669&livemode=1&stbId=YanG-1989, IPv_Type: ipv6, Location: 中国, ISP: 中国移动, Date: None, Delay: 0.1 ms, Speed: inf M/s, Resolution: 1920x1080
Name: 咪咕直播34, URL: http://[2409:8087:5e00:24::2d]:6610/000000001000/1/3000000020000011518/index.m3u8?channel-id=FifastbLive&Contentid=3000000020000011518&livemode=1&stbId=YanG-1989, IPv_Type: ipv6, Location: 中国, ISP: 中国移动, Date: None, Delay: 0.1 ms, Speed: inf M/s, Resolution: 1920x1080
Name: 咪咕直播35, URL: http://[2409:8087:5e00:24::2d]:6610/000000001000/1/3000000020000011519/index.m3u8?channel-id=FifastbLive&Contentid=3000000020000011519&livemode=1&stbId=YanG-1989, IPv_Type: ipv6, Location: 中国, ISP: 中国移动, Date: None, Delay: 0.1 ms, Speed: inf M/s, Resolution: 1920x1080
Name: 咪咕直播36, URL: http://[2409:8087:5e00:24::2d]:6610/000000001000/1/3000000020000011520/index.m3u8?channel-id=FifastbLive&Contentid=3000000020000011520&livemode=1&stbId=YanG-1989, IPv_Type: ipv6, Location: 中国, ISP: 中国移动, Date: None, Delay: 0.1 ms, Speed: inf M/s, Resolution: 1920x1080
Name: 咪咕直播37, URL: http://[2409:8087:5e00:24::2d]:6610/000000001000/1/3000000020000011521/index.m3u8?channel-id=FifastbLive&Contentid=3000000020000011521&livemode=1&stbId=YanG-1989, IPv_Type: ipv6, Location: 中国, ISP: 中国移动, Date: None, Delay: 0.1 ms, Speed: inf M/s, Resolution: 1920x1080
Name: 咪咕直播38, URL: http://[2409:8087:5e00:24::2d]:6610/000000001000/1/3000000020000011522/index.m3u8?channel-id=FifastbLive&Contentid=3000000020000011522&livemode=1&stbId=YanG-1989, IPv_Type: ipv6, Location: 中国, ISP: 中国移动, Date: None, Delay: 0.1 ms, Speed: inf M/s, Resolution: 1920x1080
Name: CCTV-5, URL: http://php.jdshipin.com/TVOD/hljyd.php?id=3221226019, IPv_Type: ipv6, Location: 美国, ISP: CloudFlare Inc., Date: None, Delay: 0.1 ms, Speed: inf M/s, Resolution: 1920x1080
Name: CCTV-5, URL: http://iptv.huuc.edu.cn/hls/cctv5hd.m3u8, IPv_Type: ipv6, Location: 中国, ISP: 教育网, Date: None, Delay: 0.1 ms, Speed: inf M/s, Resolution: 1920x1080
Name: CCTV-5, URL: https://smart.pendy.dpdns.org/Smart.php?id=cctv5, IPv_Type: ipv6, Location: 美国, ISP: CloudFlare Inc., Date: None, Delay: 0.1 ms, Speed: inf M/s, Resolution: 1920x1080
Name: CCTV-5, URL: https://ldcctvwbcdks.v.kcdnvip.com/ldcctvwbcd/cdrmldcctv5plus_1/index.m3u8?b=200-2100, IPv_Type: ipv6, Location: 中国, ISP: 中国电信, Date: None, Delay: 0.1 ms, Speed: inf M/s, Resolution: 1920x1080
Name: CCTV-5, URL: https://ldcctvwbcdks.v.kcdnvip.com/ldcctvwbcd/cdrmldcctv5plus_1/index.m3u8?BR=td&region=shanghai, IPv_Type: ipv6, Location: 中国, ISP: 中国电信, Date: None, Delay: 0.1 ms, Speed: inf M/s, Resolution: 1920x1080
Name: CCTV-5, URL: http://[2409:8087:1a01:df::4077]/ottrrs.hl.chinamobile.com/PLTV/88888888/8/3221226019/index.m3u8, IPv_Type: ipv6, Location: 中国, ISP: 中国移动, Date: None, Delay: 0.1 ms, Speed: inf M/s, Resolution: 1920x1080
Name: CCTV-5, URL: http://[2409:8087:1a0a:df::404b]/ottrrs.hl.chinamobile.com/TVOD/88888888/224/3221226019/index.m3u8, IPv_Type: ipv6, Location: 中国, ISP: 中国移动, Date: None, Delay: 0.1 ms, Speed: inf M/s, Resolution: 1920x1080
Name: CCTV-5, URL: http://yc.myds.me:35455/gaoma/cctv5.m3u8, IPv_Type: ipv6, Location: 中国, ISP: 中国电信, Date: None, Delay: 0.1 ms, Speed: inf M/s, Resolution: 1920x1080
Name: CCTV-5, URL: http://yc.myds.me:35455/itv/1000000005000265005.m3u8?cdn=ystenlive, IPv_Type: ipv6, Location: 中国, ISP: 中国电信, Date: None, Delay: 0.1 ms, Speed: inf M/s, Resolution: 1920x1080
Name: CCTV-5, URL: http://nas.suntao.online:35455/itv/1000000005000265005.m3u8?cdn=ystenlive, IPv_Type: ipv6, Location: 中国, ISP: 中国联通, Date: None, Delay: 0.1 ms, Speed: inf M/s, Resolution: 1920x1080
Name: CCTV-5, URL: http://iptv.cdn.ha.chinamobile.com/PLTV/88888888/224/3221227323/index.m3u8, IPv_Type: ipv6, Location: 中国, ISP: 中国移动, Date: None, Delay: 0.1 ms, Speed: inf M/s, Resolution: 1920x1080
Name: CCTV-5, URL: http://lu.wqwqwq.sbs/itv/1000000005000265005.m3u8?cdn=ystenlive, IPv_Type: ipv6, Location: 美国, ISP: CloudFlare Inc., Date: None, Delay: 0.1 ms, Speed: inf M/s, Resolution: 1920x1080
Name: CCTV-5, URL: http://[2409:8087:4c0a:22:1::11]:6410/170000001115/UmaiCHAN63872908d48f9/index.m3u8?AuthInfo=9kOOdBn7MFF%2F2bWjKgahUSBx06ZL9Bo6JOM%2BSTjxZRK254G1jtietGzDaHvFNRtjXOvFnbf%2BTao33JqYlfMYYn2z3agOn9gvNMT9KmBaR9o, IPv_Type: ipv6, Location: 中国, ISP: 中国移动, Date: None, Delay: 0.1 ms, Speed: inf M/s, Resolution: 1920x1080
Name: CCTV-5, URL: http://[2409:8087:5e01:34::21]:6610/ZTE_CMS/00000001000000060000000000000461/index.m3u8?IAS, IPv_Type: ipv6, Location: 中国, ISP: 中国移动, Date: None, Delay: 0.1 ms, Speed: inf M/s, Resolution: 1920x1080
Name: CCTV-5, URL: http://[2409:8087:5e01:34::20]:6610/ZTE_CMS/00000001000000060000000000000461/index.m3u8?IAS, IPv_Type: ipv6, Location: 中国, ISP: 中国移动, Date: None, Delay: 0.1 ms, Speed: inf M/s, Resolution: 1920x1080
Name: CCTV-5, URL: http://zteres.sn.chinamobile.com:6060/000000001000/5000000004000008885/1.m3u8?channel-id=bestzb&Contentid=5000000004000008885&livemode=1&stbId=3, IPv_Type: ipv6, Location: 中国, ISP: 中国移动, Date: None, Delay: 0.1 ms, Speed: inf M/s, Resolution: 1920x1080
Name: CCTV-5, URL: http://zteres.sn.chinamobile.com:6060/000000001000/1000000005000265005/1.m3u8?channel-id=ystenlive&Contentid=1000000005000265005&livemode=1&stbId=3, IPv_Type: ipv6, Location: 中国, ISP: 中国移动, Date: None, Delay: 0.1 ms, Speed: inf M/s, Resolution: 1920x1080
Name: CCTV-5, URL: http://zteres.sn.chinamobile.com:6060/000000001000/5000000010000016619/1.m3u8?channel-id=bestzb&Contentid=5000000010000016619&livemode=1&stbId=3, IPv_Type: ipv6, Location: 中国, ISP: 中国移动, Date: None, Delay: 0.1 ms, Speed: inf M/s, Resolution: 1920x1080
Name: CCTV-5, URL: http://zteres.sn.chinamobile.com:6060/000000001000/1000000001000004794/1.m3u8?channel-id=ystenlive&Contentid=1000000001000004794&livemode=1&stbId=3, IPv_Type: ipv6, Location: 中国, ISP: 中国移动, Date: None, Delay: 0.1 ms, Speed: inf M/s, Resolution: 1920x1080
Name: CCTV-5, URL: http://[2409:8087:4c0a:22:1::11]:6410/170000001115/UmaiCHAN638727e617ca0/index.m3u8?AuthInfo=9kOOdBn7MFF%2F2bWjKgahUSPTZ4CK5oLfjaEYe9dogNMSXw4ajlL%2FoUYC2RZQQDco6uQSifXBocz5ID6RePfIKQ4rFWiHjq%2FeZoDmrzW%2FKlw, IPv_Type: ipv6, Location: 中国, ISP: 中国移动, Date: None, Delay: 0.1 ms, Speed: inf M/s, Resolution: 1920x1080
Name: CCTV-5, URL: http://[2409:8087:2001:20:2800:0:df6e:eb21]:80/PLTV/1/224/3221230976/1.m3u8, IPv_Type: ipv6, Location: 中国, ISP: 中国移动, Date: None, Delay: 0.1 ms, Speed: inf M/s, Resolution: 1920x1080
Name: CCTV-5, URL: http://[2409:8087:5e00:24::1f]:6060/ZTE_CMS/00000001000000060000000000000376/index.m3u8, IPv_Type: ipv6, Location: 中国, ISP: 中国移动, Date: None, Delay: 0.1 ms, Speed: inf M/s, Resolution: 1920x1080
Name: CCTV-5, URL: http://[2409:8087:5e01:34::22]:6610/ZTE_CMS/00000001000000060000000000000461/index.m3u8?IAS, IPv_Type: ipv6, Location: 中国, ISP: 中国移动, Date: None, Delay: 0.1 ms, Speed: inf M/s, Resolution: 1920x1080
Name: CCTV-5, URL: http://[2409:8087:5e01:34::21]:6610/ZTE_CMS/00000001000000060000000000000461/index.m3u8?key=tvbox6_com, IPv_Type: ipv6, Location: 中国, ISP: 中国移动, Date: None, Delay: 0.1 ms, Speed: inf M/s, Resolution: 1920x1080
Name: CCTV-5, URL: http://[2409:8087:74f0:22::4]:6410/270000001111/1110000305/index.m3u8, IPv_Type: ipv6, Location: 中国, ISP: 中国移动, Date: None, Delay: 0.1 ms, Speed: inf M/s, Resolution: 1920x1080
Name: CCTV-5, URL: http://[2409:8087:1a01:df::7005]/ottrrs.hl.chinamobile.com/PLTV/88888888/224/3221226019/index.m3u8, IPv_Type: ipv6, Location: 中国, ISP: 中国移动, Date: None, Delay: 0.1 ms, Speed: inf M/s, Resolution: 1920x1080
Name: CCTV-5, URL: http://[2409:8087:1a01:df::7005]:80/ottrrs.hl.chinamobile.com/PLTV/88888888/224/3221226019/index.m3u8, IPv_Type: ipv6, Location: 中国, ISP: 中国移动, Date: None, Delay: 0.1 ms, Speed: inf M/s, Resolution: 1920x1080
Name: CCTV-5, URL: http://[2409:8087:3869:8021:1001::e5]:6610/PLTV/88888910/224/3221225633/index.m3u8, IPv_Type: ipv6, Location: 中国, ISP: 中国移动, Date: None, Delay: 0.1 ms, Speed: inf M/s, Resolution: 1920x1080
Name: CCTV-5, URL: http://[2409:8087:3869:8021:1001::e5]:6610/PLTV/88888888/224/3221225633/2/index.m3u8, IPv_Type: ipv6, Location: 中国, ISP: 中国移动, Date: None, Delay: -1 ms, Speed: 0.00 M/s, Resolution: None
Name: CCTV-5, URL: http://[2409:8087:3869:8021:1001::e5]:6610/PLTV/88888888/224/3221225649/2/index.m3u8, IPv_Type: ipv6, Location: 中国, ISP: 中国移动, Date: None, Delay: -1 ms, Speed: 0.00 M/s, Resolution: None
Name: CCTV-5, URL: http://[2409:8087:8:21::18]:6610/otttv.bj.chinamobile.com/PLTV/88888888/224/3221226469/1.m3u8, IPv_Type: ipv6, Location: 中国, ISP: 中国移动, Date: None, Delay: -1 ms, Speed: 0.00 M/s, Resolution: None
Name: CCTV-5, URL: http://[2409:8087:8:21::18]:6610/otttv.bj.chinamobile.com/PLTV/88888888/224/3221226894/1.m3u8, IPv_Type: ipv6, Location: 中国, ISP: 中国移动, Date: None, Delay: -1 ms, Speed: 0.00 M/s, Resolution: None
Name: CCTV-5, URL: http://rrs01.hw.gmcc.net:8088/PLTV/81/224/3221226731/1.m3u8, IPv_Type: ipv6, Location: 中国, ISP: 中国移动, Date: None, Delay: -1 ms, Speed: 0.00 M/s, Resolution: None
Name: CCTV-5, URL: https://cc06.tv12.xyz/5.m3u8, IPv_Type: ipv6, Location: 美国, ISP: CloudFlare Inc., Date: None, Delay: -1 ms, Speed: 0.00 M/s, Resolution: None
Name: CCTV-5+, URL: http://php.jdshipin.com/TVOD/hljyd.php?id=3221225603, IPv_Type: ipv6, Location: 美国, ISP: CloudFlare Inc., Date: None, Delay: 0.1 ms, Speed: inf M/s, Resolution: 1920x1080
Name: CCTV-5+, URL: http://[2409:8087:1a01:df::4077]/ottrrs.hl.chinamobile.com/PLTV/88888888/8/3221225603/index.m3u8, IPv_Type: ipv6, Location: 中国, ISP: 中国移动, Date: None, Delay: 0.1 ms, Speed: inf M/s, Resolution: 1920x1080
Name: CCTV-5+, URL: https://smart.pendy.dpdns.org/Smart.php?id=cctv5plus, IPv_Type: ipv6, Location: 美国, ISP: CloudFlare Inc., Date: None, Delay: 0.1 ms, Speed: inf M/s, Resolution: 1920x1080
Name: CCTV-5+, URL: http://[2409:8087:1a01:df::4077]/ottrrs.hl.chinamobile.com/PLTV/88888888/224/3221225603/index.m3u8, IPv_Type: ipv6, Location: 中国, ISP: 中国移动, Date: None, Delay: 0.1 ms, Speed: inf M/s, Resolution: 1920x1080
Name: CCTV-5+, URL: http://[2409:8087:1a01:df::4077]:80/ottrrs.hl.chinamobile.com/yinhe/88888888/224/3221225603/index.m3u8, IPv_Type: ipv6, Location: 中国, ISP: 中国移动, Date: None, Delay: 0.1 ms, Speed: inf M/s, Resolution: 1920x1080
Name: CCTV-5+, URL: http://[2409:8087:1a0a:df::404b]/ottrrs.hl.chinamobile.com/TVOD/88888888/224/3221225603/index.m3u8, IPv_Type: ipv6, Location: 中国, ISP: 中国移动, Date: None, Delay: 0.1 ms, Speed: inf M/s, Resolution: 1920x1080
Name: CCTV-5+, URL: http://[2409:8087:1a01:df::4077]:80/ottrrs.hl.chinamobile.com/PLTV/88888888/8/3221225603/index.m3u8, IPv_Type: ipv6, Location: 中国, ISP: 中国移动, Date: None, Delay: 0.1 ms, Speed: inf M/s, Resolution: 1920x1080
Name: CCTV-5+, URL: http://[2409:8087:1a01:df::4077]:80/ottrrs.hl.chinamobile.com/PLTV/88888888/224/3221225603/index.m3u8, IPv_Type: ipv6, Location: 中国, ISP: 中国移动, Date: None, Delay: 0.1 ms, Speed: inf M/s, Resolution: 1920x1080
Name: CCTV-5+, URL: http://[2409:8087:1a01:df::4077]/ottrrs.hl.chinamobile.com/yinhe/88888888/224/3221225603/index.m3u8, IPv_Type: ipv6, Location: 中国, ISP: 中国移动, Date: None, Delay: 0.1 ms, Speed: inf M/s, Resolution: 1920x1080
Name: CCTV-5+, URL: http://[2409:8087:8:21::18]:6610/otttv.bj.chinamobile.com/PLTV/88888888/224/3221226349/1.m3u8, IPv_Type: ipv6, Location: 中国, ISP: 中国移动, Date: None, Delay: 0.1 ms, Speed: inf M/s, Resolution: 1920x1080
Name: CCTV-5+, URL: http://iptv.cdn.ha.chinamobile.com/PLTV/88888888/224/3221227348/index.m3u8, IPv_Type: ipv6, Location: 中国, ISP: 中国移动, Date: None, Delay: 0.1 ms, Speed: inf M/s, Resolution: 1920x1080
Name: CCTV-5+, URL: http://yc.myds.me:35455/gaoma/cctv5p.m3u8, IPv_Type: ipv6, Location: 中国, ISP: 中国电信, Date: None, Delay: 0.1 ms, Speed: inf M/s, Resolution: 1920x1080
Name: CCTV-5+, URL: http://yc.myds.me:35455/itv/6000000001000015875.m3u8?cdn=wasusyt, IPv_Type: ipv6, Location: 中国, ISP: 中国电信, Date: None, Delay: 0.1 ms, Speed: inf M/s, Resolution: 1920x1080
Name: CCTV-5+, URL: http://nas.suntao.online:35455/itv/6000000001000015875.m3u8?cdn=wasusyt, IPv_Type: ipv6, Location: 中国, ISP: 中国联通, Date: None, Delay: 0.1 ms, Speed: inf M/s, Resolution: 1920x1080
Name: CCTV-5+, URL: http://hwrr.jx.chinamobile.com:8080/PLTV/88888888/224/3221225649/index.m3u8, IPv_Type: ipv6, Location: 中国, ISP: 中国移动, Date: None, Delay: 0.1 ms, Speed: inf M/s, Resolution: 1920x1080
Name: CCTV-5+, URL: http://hwrr.jx.chinamobile.com:8080/PLTV/88888888/224/3221225706/index.m3u8, IPv_Type: ipv6, Location: 中国, ISP: 中国移动, Date: None, Delay: 0.1 ms, Speed: inf M/s, Resolution: 1920x1080
Name: CCTV-5+, URL: http://lu.wqwqwq.sbs/itv/1000000005000265016.m3u8?cdn=ystenlive, IPv_Type: ipv6, Location: 美国, ISP: CloudFlare Inc., Date: None, Delay: 0.1 ms, Speed: inf M/s, Resolution: 1920x1080
Name: CCTV-5+, URL: http://[2409:8087:5e01:34::22]:6610/ZTE_CMS/00000001000000060000000000000132/index.m3u8?IAS, IPv_Type: ipv6, Location: 中国, ISP: 中国移动, Date: None, Delay: 0.1 ms, Speed: inf M/s, Resolution: 1920x1080
Name: CCTV-5+, URL: http://[2409:8087:5e01:34::23]:6610/ZTE_CMS/00000001000000060000000000000132/index.m3u8?IAS, IPv_Type: ipv6, Location: 中国, ISP: 中国移动, Date: None, Delay: 0.1 ms, Speed: inf M/s, Resolution: 1920x1080
Name: CCTV-5+, URL: http://zteres.sn.chinamobile.com:6060/000000001000/5000000011000031127/1.m3u8?channel-id=bestzb&Contentid=5000000011000031127&livemode=1&stbId=3, IPv_Type: ipv6, Location: 中国, ISP: 中国移动, Date: None, Delay: 0.1 ms, Speed: inf M/s, Resolution: 1920x1080
Name: CCTV-5+, URL: http://zteres.sn.chinamobile.com:6060/000000001000/1000000005000265016/1.m3u8?channel-id=ystenlive&Contentid=1000000005000265016&livemode=1&stbId=3, IPv_Type: ipv6, Location: 中国, ISP: 中国移动, Date: None, Delay: 0.1 ms, Speed: inf M/s, Resolution: 1920x1080
Name: CCTV-5+, URL: http://zteres.sn.chinamobile.com:6060/000000001000/1000000001000020505/1.m3u8?channel-id=ystenlive&Contentid=1000000001000020505&livemode=1&stbId=3, IPv_Type: ipv6, Location: 中国, ISP: 中国移动, Date: None, Delay: 0.1 ms, Speed: inf M/s, Resolution: 1920x1080
Name: CCTV-5+, URL: http://[2409:8087:5e00:24::1f]:6060/ZTE_CMS/00000001000000060000000000000132/index.m3u8, IPv_Type: ipv6, Location: 中国, ISP: 中国移动, Date: None, Delay: 0.1 ms, Speed: inf M/s, Resolution: 1920x1080
Name: CCTV-5+, URL: http://[2409:8087:5e01:34::22]:6610/ZTE_CMS/00000001000000060000000000000132/index.m3u8?key=tvbox6_com, IPv_Type: ipv6, Location: 中国, ISP: 中国移动, Date: None, Delay: 0.1 ms, Speed: inf M/s, Resolution: 1920x1080
Name: CCTV-5+, URL: http://[2409:8087:5e01:34::23]:6610/ZTE_CMS/00000001000000060000000000000461/index.m3u8?IAS, IPv_Type: ipv6, Location: 中国, ISP: 中国移动, Date: None, Delay: 0.1 ms, Speed: inf M/s, Resolution: 1920x1080
Name: CCTV-5+, URL: http://[2409:8087:5e01:34::20]:6610/ZTE_CMS/00000001000000060000000000000132/index.m3u8?IAS, IPv_Type: ipv6, Location: 中国, ISP: 中国移动, Date: None, Delay: 0.1 ms, Speed: inf M/s, Resolution: 1920x1080
Name: CCTV-5+, URL: http://[2409:8087:5e01:34::21]:6610/ZTE_CMS/00000001000000060000000000000132/index.m3u8?IAS, IPv_Type: ipv6, Location: 中国, ISP: 中国移动, Date: None, Delay: 0.1 ms, Speed: inf M/s, Resolution: 1920x1080
Name: CCTV-5+, URL: http://[2409:8087:74f0:22::4]:6410/270000001111/1110000306/index.m3u8, IPv_Type: ipv6, Location: 中国, ISP: 中国移动, Date: None, Delay: 0.1 ms, Speed: inf M/s, Resolution: 1920x1080
Name: CCTV-5+, URL: http://[2409:8087:74f0:22::4]:6410/270000001128/9900000506/index.m3u8, IPv_Type: ipv6, Location: 中国, ISP: 中国移动, Date: None, Delay: 0.1 ms, Speed: inf M/s, Resolution: 1920x1080
Name: CCTV-5+, URL: http://[2409:8087:74f0:22::4]:6410/270000001128/9900000507/index.m3u8, IPv_Type: ipv6, Location: 中国, ISP: 中国移动, Date: None, Delay: 0.1 ms, Speed: inf M/s, Resolution: 1920x1080
Name: CCTV-5+, URL: http://[2409:8087:1a01:df::7005]/ottrrs.hl.chinamobile.com/PLTV/88888888/224/3221225603/index.m3u8, IPv_Type: ipv6, Location: 中国, ISP: 中国移动, Date: None, Delay: 0.1 ms, Speed: inf M/s, Resolution: 1920x1080
Name: CCTV-5+, URL: http://[2409:8087:1a01:df::7005]:80/ottrrs.hl.chinamobile.com/PLTV/88888888/224/3221225603/index.m3u8, IPv_Type: ipv6, Location: 中国, ISP: 中国移动, Date: None, Delay: 0.1 ms, Speed: inf M/s, Resolution: 1920x1080
Name: CCTV-5+, URL: http://[2409:8087:3869:8021:1001::e5]:6610/PLTV/88888910/224/3221225706/index.m3u8, IPv_Type: ipv6, Location: 中国, ISP: 中国移动, Date: None, Delay: -1 ms, Speed: 0.00 M/s, Resolution: None
Name: CCTV-5+, URL: http://rrs01.hw.gmcc.net:8088/PLTV/81/224/3221226711/1.m3u8, IPv_Type: ipv6, Location: 中国, ISP: 中国移动, Date: None, Delay: -1 ms, Speed: 0.00 M/s, Resolution: None
Name: CCTV-5+, URL: http://[2409:8087:8:21::18]:6610/otttv.bj.chinamobile.com/PLTV/88888888/224/3221226894/1.m3u8, IPv_Type: ipv6, Location: 中国, ISP: 中国移动, Date: None, Delay: -1 ms, Speed: 0.00 M/s, Resolution: None
Name: CCTV-5+, URL: https://cc06.tv12.xyz/6.m3u8, IPv_Type: ipv6, Location: 美国, ISP: CloudFlare Inc., Date: None, Delay: -1 ms, Speed: 0.00 M/s, Resolution: None
Name: 广东体育, URL: http://cdn2.163189.xyz/live/gdty/stream.m3u8, IPv_Type: ipv6, Location: 美国, ISP: CloudFlare Inc., Date: None, Delay: 0.1 ms, Speed: inf M/s, Resolution: 1920x1080
Name: 广东体育, URL: http://php.jdshipin.com/PLTV/iptv.php?id=gdty, IPv_Type: ipv6, Location: 美国, ISP: CloudFlare Inc., Date: None, Delay: 0.1 ms, Speed: inf M/s, Resolution: 1920x1080
Name: 广东体育, URL: http://php.jdshipin.com/TVOD/iptv.php?id=gdty, IPv_Type: ipv6, Location: 美国, ISP: CloudFlare Inc., Date: None, Delay: 0.1 ms, Speed: inf M/s, Resolution: 1920x1080
Name: 广东体育, URL: http://cdn2.132.us.kg/live/gdty/stream.m3u8, IPv_Type: ipv6, Location: 美国, ISP: CloudFlare Inc., Date: None, Delay: -1 ms, Speed: 0.00 M/s, Resolution: None
Name: 纬来体育, URL: https://smart.pendy.dpdns.org/Smart.php?id=videolandsport, IPv_Type: ipv6, Location: 美国, ISP: CloudFlare Inc., Date: None, Delay: 0.1 ms, Speed: inf M/s, Resolution: 1920x1080
Name: 五星体育, URL: http://[2409:8087:1e03:21::42]:6610/cms001/ch00000090990000001018/index.m3u8, IPv_Type: ipv6, Location: 中国, ISP: 中国移动, Date: None, Delay: 0.1 ms, Speed: inf M/s, Resolution: 1920x1080
Name: 五星体育, URL: https://live.v1.mk/api/bestv.php?id=wxtyhd8m/8000000, IPv_Type: ipv6, Location: 美国, ISP: CloudFlare Inc., Date: None, Delay: 0.1 ms, Speed: inf M/s, Resolution: 1920x1080
Name: 五星体育, URL: https://migu.188766.xyz/?migutoken=245ce021c8cbf7bdfc87b00952b97040&id=%E4%BA%94%E6%98%9F%E4%BD%93%E8%82%B2&pp=1, IPv_Type: ipv6, Location: 美国, ISP: CloudFlare Inc., Date: None, Delay: -1 ms, Speed: 0.00 M/s, Resolution: None
Name: 五星体育, URL: https://migu.188766.xyz/?migutoken=71ffa78ec0f711ac9ea667fb3b8b2c9c&id=%E4%BA%94%E6%98%9F%E4%BD%93%E8%82%B2&pp=1, IPv_Type: ipv6, Location: 美国, ISP: CloudFlare Inc., Date: None, Delay: -1 ms, Speed: 0.00 M/s, Resolution: None
Name: 五星体育, URL: https://other.ottiptv.cc/wxty.m3u8, IPv_Type: ipv6, Location: 美国, ISP: CloudFlare Inc., Date: None, Delay: -1 ms, Speed: 0.00 M/s, Resolution: None
Name: 五星体育, URL: http://bp-livetytv.bestv.cn/ch/bestvwxty.m3u8, IPv_Type: ipv6, Location: 中国, ISP: 中国电信, Date: None, Delay: -1 ms, Speed: 0.00 M/s, Resolution: None
Name: 劲爆体育, URL: http://php.jdshipin.com/itv6s.php?cid=hnbblive&id=2000000002000000008, IPv_Type: ipv6, Location: 美国, ISP: CloudFlare Inc., Date: None, Delay: 0.1 ms, Speed: inf M/s, Resolution: 1920x1080
Name: 劲爆体育, URL: https://live.v1.mk/api/ghyx.php?id=JinBaoTiYuHD_6000, IPv_Type: ipv6, Location: 美国, ISP: CloudFlare Inc., Date: None, Delay: 0.1 ms, Speed: inf M/s, Resolution: 1920x1080
Name: 劲爆体育, URL: https://live.v1.mk/api/bestv.php?id=jbtyhd8m/8000000, IPv_Type: ipv6, Location: 美国, ISP: CloudFlare Inc., Date: None, Delay: 0.1 ms, Speed: inf M/s, Resolution: 1920x1080
Name: 爱体育, URL: http://php.jdshipin.com:8880/itv6s.php?cid=wasusyt&id=6000000006000290630, IPv_Type: ipv6, Location: 美国, ISP: CloudFlare Inc., Date: None, Delay: 0.1 ms, Speed: inf M/s, Resolution: 1920x1080
Name: 爱体育, URL: http://[2409:8087:5e08:24::11]:6610/000000001000/2000000004000000060/index.m3u8, IPv_Type: ipv6, Location: 中国, ISP: 中国移动, Date: None, Delay: 0.1 ms, Speed: inf M/s, Resolution: 1920x1080
Name: 爱体育, URL: http://[2409:8087:5e08:24::17]:6610/000000001000/2000000004000000060/index.m3u8, IPv_Type: ipv6, Location: 中国, ISP: 中国移动, Date: None, Delay: 0.1 ms, Speed: inf M/s, Resolution: 1920x1080
Name: 爱体育, URL: http://[2409:8087:5e08:24::12]:6610/000000001000/2000000004000000000/index.m3u8, IPv_Type: ipv6, Location: 中国, ISP: 中国移动, Date: None, Delay: 0.1 ms, Speed: inf M/s, Resolution: 1920x1080
Name: 超级体育, URL: http://[2409:8087:8:21::18]:6610/otttv.bj.chinamobile.com/PLTV/88888888/224/3221226232/1.m3u8, IPv_Type: ipv6, Location: 中国, ISP: 中国移动, Date: None, Delay: 0.1 ms, Speed: inf M/s, Resolution: 1920x1080
Name: 超级体育, URL: http://[2409:8087:1a01:df::7005]:80/ottrrs.hl.chinamobile.com/TVOD/88888888/224/3221225715/index.m3u8, IPv_Type: ipv6, Location: 中国, ISP: 中国移动, Date: None, Delay: 0.1 ms, Speed: inf M/s, Resolution: 1920x1080
Name: 超级体育, URL: http://[2409:8087:8:21::18]:6610/otttv.bj.chinamobile.com/PLTV/88888888/224/3221226348/1.m3u8, IPv_Type: ipv6, Location: 中国, ISP: 中国移动, Date: None, Delay: 0.1 ms, Speed: inf M/s, Resolution: 1920x1080
Name: 超级体育, URL: http://yc.myds.me:35455/itv/1000000001000009601.m3u8?cdn=ystenlive, IPv_Type: ipv6, Location: 中国, ISP: 中国电信, Date: None, Delay: 0.1 ms, Speed: inf M/s, Resolution: 1920x1080
Name: 超级体育, URL: http://[2409:8087:1a01:df::7005]:80/ottrrs.hl.chinamobile.com/PLTV/88888888/224/3221225715/index.m3u8, IPv_Type: ipv6, Location: 中国, ISP: 中国移动, Date: None, Delay: 0.1 ms, Speed: inf M/s, Resolution: 1920x1080
Name: 超级体育, URL: http://[2409:8087:3869:8021:1001::e5]:6610/PLTV/88888888/224/3221225622/2/index.m3u8, IPv_Type: ipv6, Location: 中国, ISP: 中国移动, Date: None, Delay: 0.1 ms, Speed: inf M/s, Resolution: 1920x1080
Name: 精品体育, URL: http://[2409:8087:8:21::18]:6610/otttv.bj.chinamobile.com/PLTV/88888888/224/3221226328/1.m3u8, IPv_Type: ipv6, Location: 中国, ISP: 中国移动, Date: None, Delay: 0.1 ms, Speed: inf M/s, Resolution: 1920x1080
Name: 精品体育, URL: http://[2409:8087:3869:8021:1001::e5]:6610/PLTV/88888888/224/3221225709/2/index.m3u8, IPv_Type: ipv6, Location: 中国, ISP: 中国移动, Date: None, Delay: 0.1 ms, Speed: inf M/s, Resolution: 1920x1080
Name: 广州竞赛, URL: http://php.jdshipin.com:8880/gztv.php?id=jingsai#https://tencentplay.gztv.com/live/jingsai.m3u8?txSecret=49c8041461997c7a97dbcc3c7fd11b4f&txTime=18d00acf487, IPv_Type: ipv6, Location: 美国, ISP: CloudFlare Inc., Date: None, Delay: 0.1 ms, Speed: inf M/s, Resolution: 1920x1080
Name: 广州竞赛, URL: https://live.lalifeier.eu.org/gztv/jingsai.m3u8?t=1746307365&key=a9871a8d340d71198cae366f791f73b6, IPv_Type: ipv6, Location: 美国, ISP: CloudFlare Inc., Date: None, Delay: 0.1 ms, Speed: inf M/s, Resolution: 1920x1080
Name: 广州竞赛, URL: https://live.lalifeier.eu.org/gztv/jingsai.m3u8?t=1746292937&key=9c4406a7e61302b6549a1ec192360a80, IPv_Type: ipv6, Location: 美国, ISP: CloudFlare Inc., Date: None, Delay: 0.1 ms, Speed: inf M/s, Resolution: 1920x1080
Name: 广州竞赛, URL: https://live.lalifeier.eu.org/gztv/jingsai.m3u8?t=1745774515&key=78e6a12641c455c41ba29024931e276e, IPv_Type: ipv6, Location: 美国, ISP: CloudFlare Inc., Date: None, Delay: 0.1 ms, Speed: inf M/s, Resolution: 1920x1080
Name: 山东体育, URL: http://livealone302.iqilu.com/iqilu/typd.m3u8, IPv_Type: ipv6, Location: 中国-广东-东莞, ISP: 电信, Date: None, Delay: 0.1 ms, Speed: inf M/s, Resolution: 1920x1080
Name: 天津体育, URL: http://38.75.136.137:98/gslb/dsdqpub/tjtv5.m3u8?auth=testpub, IPv_Type: ipv4, Location: 美国-哥伦比亚特区-哥伦比亚特区, ISP: Cogent, Date: None, Delay: 511 ms, Speed: 5.57 M/s, Resolution: 1280x720
Name: 天津体育, URL: http://sun135790.x3322.net:9901/tsfile/live/16006_1.m3u8?key=txiptv&playlive=1&authid=0, IPv_Type: ipv4, Location: 中国-天津-天津, ISP: 联通, Date: None, Delay: 6738 ms, Speed: 0.11 M/s, Resolution: 1920x1080
Name: 天津体育, URL: http://ak.cj022.com:10080/hls/6/index.m3u8, IPv_Type: ipv4, Location: 中国-天津-天津, ISP: 联通, Date: None, Delay: 6477 ms, Speed: 0.03 M/s, Resolution: 1920x1080
Name: 安徽综艺体育, URL: https://live.lalifeier.eu.org/ahtv/ahzyty.m3u8?t=1745774515&key=27009aec794adc785b22478c5aa2ae16, IPv_Type: ipv6, Location: 美国, ISP: CloudFlare Inc., Date: None, Delay: 0.1 ms, Speed: inf M/s, Resolution: 1920x1080
Name: 安徽综艺体育, URL: https://live.lalifeier.eu.org/ahtv/ahzyty.m3u8?t=1746292937&key=940b0f98a121c28884c74971efaac4de, IPv_Type: ipv6, Location: 美国, ISP: CloudFlare Inc., Date: None, Delay: 0.1 ms, Speed: inf M/s, Resolution: 1920x1080
Name: 安徽综艺体育, URL: https://live.lalifeier.eu.org/ahtv/ahzyty.m3u8?t=1746307365&key=6b104d1fc66c5b34b63d0e19c627e0f9, IPv_Type: ipv6, Location: 美国, ISP: CloudFlare Inc., Date: None, Delay: 0.1 ms, Speed: inf M/s, Resolution: 1920x1080
Name: 睛彩篮球, URL: http://[2409:8087:1a01:df::4055]:80/TVOD/88888888/224/3221225901/main.m3u8, IPv_Type: ipv6, Location: 中国, ISP: 中国移动, Date: None, Delay: 0.1 ms, Speed: inf M/s, Resolution: 1920x1080
Name: 睛彩广场舞, URL: http://13937899.xyz:35455/itv/3000000020000011523.m3u8?cdn=FifastbLive, IPv_Type: ipv6, Location: 中国, ISP: 中国电信, Date: None, Delay: -1 ms, Speed: 0.00 M/s, Resolution: None
Name: 睛彩广场舞, URL: http://zjzcf.synology.me:35455/itv/3000000020000011523.m3u8?cdn=FifastbLive, IPv_Type: ipv6, Location: 中国, ISP: 中国移动, Date: None, Delay: -1 ms, Speed: 0.00 M/s, Resolution: None
Name: 睛彩广场舞, URL: http://[2409:8087:1e01:20::3]:80/PLTV/11/224/3221226139/index.m3u8, IPv_Type: ipv6, Location: 中国, ISP: 中国移动, Date: None, Delay: -1 ms, Speed: 0.00 M/s, Resolution: None
Name: 睛彩广场舞, URL: http://missyao.com:35455/itv/3000000020000011523.m3u8?cdn=FifastbLive, IPv_Type: ipv6, Location: 中国-香港, ISP: , Date: None, Delay: -1 ms, Speed: 0.00 M/s, Resolution: None
Name: 风云足球, URL: http://[2409:8087:7001:20:2::3]/dbiptv.sn.chinamobile.com/PLTV/88888893/224/3221226984/index.m3u8, IPv_Type: ipv6, Location: 中国, ISP: 中国移动, Date: None, Delay: 0.1 ms, Speed: inf M/s, Resolution: 1920x1080
Name: 风云足球, URL: https://cc06.tv12.xyz/41.m3u8, IPv_Type: ipv6, Location: 美国, ISP: CloudFlare Inc., Date: None, Delay: -1 ms, Speed: 0.00 M/s, Resolution: None
Name: 魅力足球, URL: https://tv.fanmingming.com/api/v6?id=mlyy, IPv_Type: ipv6, Location: 美国, ISP: CloudFlare Inc., Date: None, Delay: 0.1 ms, Speed: inf M/s, Resolution: 1920x1080
Name: 天元围棋, URL: https://cc06.tv12.xyz/47.m3u8, IPv_Type: ipv6, Location: 美国, ISP: CloudFlare Inc., Date: None, Delay: -1 ms, Speed: 0.00 M/s, Resolution: None
Name: 快乐垂钓, URL: http://php.jdshipin.com/itv6.php?cid=bestzb&id=5000000011000031206, IPv_Type: ipv6, Location: 美国, ISP: CloudFlare Inc., Date: None, Delay: 0.1 ms, Speed: inf M/s, Resolution: 1920x1080
Name: 快乐垂钓, URL: https://cc06.tv12.xyz/56.m3u8, IPv_Type: ipv6, Location: 美国, ISP: CloudFlare Inc., Date: None, Delay: -1 ms, Speed: 0.00 M/s, Resolution: None
Name: JJ斗地主, URL: https://live.iill.top/douyin/685317364746, IPv_Type: ipv6, Location: 美国, ISP: CloudFlare Inc., Date: None, Delay: -1 ms, Speed: 0.00 M/s, Resolution: None
Name: 少儿动画, URL: http://124.116.183.146:9901/tsfile/live/0137_1.m3u8, IPv_Type: ipv4, Location: 中国-陕西-咸阳, ISP: 电信, Date: None, Delay: 6367 ms, Speed: 0.16 M/s, Resolution: 720x576
Name: 少儿动画, URL: http://218.15.183.23:9901/tsfile/live/23045_1.m3u8, IPv_Type: ipv4, Location: 中国-广东-梅州, ISP: 电信, Date: None, Delay: 6795 ms, Speed: 0.03 M/s, Resolution: 1920x1080
Name: 少儿动画, URL: rtsp://118.212.169.207:554/PLTV/88888888/224/3221227318/10000100000000060000000001945936_0.smil, IPv_Type: ipv4, Location: 中国-江西, ISP: 联通, Date: None, Delay: 6006 ms, Speed: 0.00 M/s, Resolution: None
Name: 少儿动画, URL: rtsp://115.153.245.70/PLTV/88888888/224/3221227006/86440922.smil, IPv_Type: ipv4, Location: 中国-江西-宜春, ISP: 电信, Date: None, Delay: 6006 ms, Speed: 0.00 M/s, Resolution: None
Name: 少儿动画, URL: rtsp://115.153.254.81/PLTV/88888888/224/3221227006/86440922.smil, IPv_Type: ipv4, Location: 中国-江西-宜春, ISP: 电信, Date: None, Delay: 6006 ms, Speed: 0.00 M/s, Resolution: None
Name: 少儿动画, URL: rtsp://115.153.240.228:554/PLTV/88888888/224/3221227006/86440922.smil, IPv_Type: ipv4, Location: 中国-江西-宜春, ISP: 电信, Date: None, Delay: 6006 ms, Speed: 0.00 M/s, Resolution: None
Name: 少儿动画, URL: rtsp://115.153.212.72/PLTV/88888888/224/3221227006/86440922.smil, IPv_Type: ipv4, Location: 中国-江西-宜春, ISP: 电信, Date: None, Delay: 6006 ms, Speed: 0.00 M/s, Resolution: None
Name: 少儿动画, URL: rtsp://115.153.247.80/PLTV/88888888/224/3221227006/86440922.smil, IPv_Type: ipv4, Location: 中国-江西-宜春, ISP: 电信, Date: None, Delay: 6006 ms, Speed: 0.00 M/s, Resolution: None
Name: 少儿动画, URL: rtsp://115.153.230.145/PLTV/88888888/224/3221227006/86440922.smil, IPv_Type: ipv4, Location: 中国-江西-宜春, ISP: 电信, Date: None, Delay: 6006 ms, Speed: 0.00 M/s, Resolution: None
Name: 少儿动画, URL: rtsp://115.153.222.112:554/PLTV/88888888/224/3221227006/86440922.smil, IPv_Type: ipv4, Location: 中国-江西-宜春, ISP: 电信, Date: None, Delay: 6006 ms, Speed: 0.00 M/s, Resolution: None
Name: 少儿动画, URL: rtsp://115.153.233.154/PLTV/88888888/224/3221227006/86440922.smil, IPv_Type: ipv4, Location: 中国-江西-宜春, ISP: 电信, Date: None, Delay: 6005 ms, Speed: 0.00 M/s, Resolution: None
Name: 动漫秀场, URL: http://php.jdshipin.com/itv6.php?cid=bestzb&id=5000000011000031113, IPv_Type: ipv6, Location: 美国, ISP: CloudFlare Inc., Date: None, Delay: 0.1 ms, Speed: inf M/s, Resolution: 1920x1080
Name: 动漫秀场, URL: http://[2409:8087:74d9:21::6]/000000001000PLTV/88888888/224/3221226197/index.m3u8, IPv_Type: ipv6, Location: 中国, ISP: 中国移动, Date: None, Delay: 0.1 ms, Speed: inf M/s, Resolution: 1920x1080
Name: 动漫秀场, URL: https://live.v1.mk/api/bestv.php?id=dmxc8m/8000000, IPv_Type: ipv6, Location: 美国, ISP: CloudFlare Inc., Date: None, Delay: 0.1 ms, Speed: inf M/s, Resolution: 1920x1080
Name: 动漫秀场, URL: http://iptv.cdn.ha.chinamobile.com/PLTV/88888888/224/3221226608/index.m3u8, IPv_Type: ipv6, Location: 中国, ISP: 中国移动, Date: None, Delay: 0.1 ms, Speed: inf M/s, Resolution: 1920x1080
Name: 新动漫, URL: http://dassby.qqff.top:99/live/新动漫/index.m3u8, IPv_Type: ipv4, Location: 中国-辽宁-鞍山, ISP: 联通, Date: None, Delay: 6547 ms, Speed: 0.00 M/s, Resolution: None
Name: 新动漫, URL: rtsp://115.153.245.70/PLTV/88888888/224/3221226973/86129004.smil, IPv_Type: ipv4, Location: 中国-江西-宜春, ISP: 电信, Date: None, Delay: 6006 ms, Speed: 0.00 M/s, Resolution: None
Name: 新动漫, URL: rtsp://115.153.254.81/PLTV/88888888/224/3221226973/86129004.smil, IPv_Type: ipv4, Location: 中国-江西-宜春, ISP: 电信, Date: None, Delay: 6005 ms, Speed: 0.00 M/s, Resolution: None
Name: 新动漫, URL: rtsp://115.153.240.228:554/PLTV/88888888/224/3221226973/86129004.smil, IPv_Type: ipv4, Location: 中国-江西-宜春, ISP: 电信, Date: None, Delay: 6007 ms, Speed: 0.00 M/s, Resolution: None
Name: 新动漫, URL: rtsp://115.153.212.72/PLTV/88888888/224/3221226973/86129004.smil, IPv_Type: ipv4, Location: 中国-江西-宜春, ISP: 电信, Date: None, Delay: 6006 ms, Speed: 0.00 M/s, Resolution: None
Name: 新动漫, URL: rtsp://115.153.230.145/PLTV/88888888/224/3221226973/86129004.smil, IPv_Type: ipv4, Location: 中国-江西-宜春, ISP: 电信, Date: None, Delay: 6007 ms, Speed: 0.00 M/s, Resolution: None
Name: 新动漫, URL: rtsp://115.153.247.80/PLTV/88888888/224/3221226973/86129004.smil, IPv_Type: ipv4, Location: 中国-江西-宜春, ISP: 电信, Date: None, Delay: 6007 ms, Speed: 0.00 M/s, Resolution: None
Name: 新动漫, URL: rtsp://115.153.222.112:554/PLTV/88888888/224/3221226973/86129004.smil, IPv_Type: ipv4, Location: 中国-江西-宜春, ISP: 电信, Date: None, Delay: 6005 ms, Speed: 0.00 M/s, Resolution: None
Name: 新动漫, URL: rtsp://115.153.233.154/PLTV/88888888/224/3221226973/86129004.smil, IPv_Type: ipv4, Location: 中国-江西-宜春, ISP: 电信, Date: None, Delay: 6005 ms, Speed: 0.00 M/s, Resolution: None
Name: 青春动漫, URL: http://[2409:8087:5e00:24::2d]:6610/000000001000/1/5000000011000288008/index.m3u8?channel-id=bestzb&Contentid=5000000011000288008&livemode=1&stbId=YanG-1989, IPv_Type: ipv6, Location: 中国, ISP: 中国移动, Date: None, Delay: 0.1 ms, Speed: inf M/s, Resolution: 1920x1080
Name: 青春动漫, URL: https://live.v1.mk/api/bestv.php?id=qcdm8m/8000000, IPv_Type: ipv6, Location: 美国, ISP: CloudFlare Inc., Date: None, Delay: 0.1 ms, Speed: inf M/s, Resolution: 1920x1080
Name: 爱动漫, URL: http://php.jdshipin.com:8880/itv6s.php?cid=wasusyt&id=6000000006000280630, IPv_Type: ipv6, Location: 美国, ISP: CloudFlare Inc., Date: None, Delay: 0.1 ms, Speed: inf M/s, Resolution: 1920x1080
Name: 爱动漫, URL: http://[2409:8087:5e08:24::17]:6610/000000001000/2000000004000000059/index.m3u8, IPv_Type: ipv6, Location: 中国, ISP: 中国移动, Date: None, Delay: 0.1 ms, Speed: inf M/s, Resolution: 1920x1080
Name: 爱动漫, URL: http://[2409:8087:5e08:24::11]:6610/000000001000/2000000004000000059/index.m3u8, IPv_Type: ipv6, Location: 中国, ISP: 中国移动, Date: None, Delay: 0.1 ms, Speed: inf M/s, Resolution: 1920x1080
Name: 爱动漫, URL: http://[2409:8087:5e08:24::12]:6610/000000001000/2000000004000000000/index.m3u8, IPv_Type: ipv6, Location: 中国, ISP: 中国移动, Date: None, Delay: 0.1 ms, Speed: inf M/s, Resolution: 1920x1080
Name: 宝宝动画, URL: http://[2409:8087:5e00:24::2d]:6610/000000001000/1/5000000011000288002/index.m3u8?channel-id=bestzb&Contentid=5000000011000288002&livemode=1&stbId=YanG-1989, IPv_Type: ipv6, Location: 中国, ISP: 中国移动, Date: None, Delay: 0.1 ms, Speed: inf M/s, Resolution: 1920x1080
Name: 优漫卡通, URL: http://php.jdshipin.com/TVOD/hnyd.php?id=200000001898/460000089800010118, IPv_Type: ipv6, Location: 美国, ISP: CloudFlare Inc., Date: None, Delay: 0.1 ms, Speed: inf M/s, Resolution: 1920x1080
Name: 优漫卡通, URL: http://[2409:8087:1a01:df::7005]/ottrrs.hl.chinamobile.com/PLTV/2/224/3221225656/2.m3u8, IPv_Type: ipv6, Location: 中国, ISP: 中国移动, Date: None, Delay: 0.1 ms, Speed: inf M/s, Resolution: 1920x1080
Name: 优漫卡通, URL: https://live.lalifeier.eu.org/jstv/ymkt.m3u8?t=1745796321&key=a52fbb40a8c25dfa0feef5a1b4b5910d, IPv_Type: ipv6, Location: 美国, ISP: CloudFlare Inc., Date: None, Delay: 0.1 ms, Speed: inf M/s, Resolution: 1920x1080
Name: 优漫卡通, URL: https://live.lalifeier.eu.org/jstv/ymkt.m3u8?t=1746307365&key=c18c5077358ab692ad43005bbc7b32bd, IPv_Type: ipv6, Location: 美国, ISP: CloudFlare Inc., Date: None, Delay: 0.1 ms, Speed: inf M/s, Resolution: 1920x1080
Name: 优漫卡通, URL: http://[2409:8087:8:21::18]:6610/otttv.bj.chinamobile.com/PLTV/88888888/224/3221226932/1.m3u8, IPv_Type: ipv6, Location: 中国, ISP: 中国移动, Date: None, Delay: 0.1 ms, Speed: inf M/s, Resolution: 1920x1080
Name: 优漫卡通, URL: http://iptv.cdn.ha.chinamobile.com/PLTV/88888888/224/3221226406/index.m3u8, IPv_Type: ipv6, Location: 中国, ISP: 中国移动, Date: None, Delay: 0.1 ms, Speed: inf M/s, Resolution: 1920x1080
Name: 优漫卡通, URL: http://[2409:8087:1a0b:df::4005]:80/ottrrs.hl.chinamobile.com/PLTV/88888888/224/3221225656/index.m3u8, IPv_Type: ipv6, Location: 中国, ISP: 中国移动, Date: None, Delay: 0.1 ms, Speed: inf M/s, Resolution: 1920x1080
Name: 优漫卡通, URL: http://[2409:8087:8:21::18]:6610/otttv.bj.chinamobile.com/PLTV/88888888/224/3221226329/1.m3u8, IPv_Type: ipv6, Location: 中国, ISP: 中国移动, Date: None, Delay: -1 ms, Speed: 0.00 M/s, Resolution: None
Name: 金鹰卡通, URL: http://[2409:8087:1a01:df::7005]/ottrrs.hl.chinamobile.com/PLTV/2/224/3221225653/2.m3u8, IPv_Type: ipv6, Location: 中国, ISP: 中国移动, Date: None, Delay: 0.1 ms, Speed: inf M/s, Resolution: 1920x1080
Name: 金鹰卡通, URL: http://nas.suntao.online:35455/bptv/10000100000000050000000004796942.m3u8, IPv_Type: ipv6, Location: 中国, ISP: 中国联通, Date: None, Delay: 0.1 ms, Speed: inf M/s, Resolution: 1920x1080
Name: 金鹰卡通, URL: http://[2409:8087:8:21::18]:6610/otttv.bj.chinamobile.com/PLTV/88888888/224/3221226576/1.m3u8, IPv_Type: ipv6, Location: 中国, ISP: 中国移动, Date: None, Delay: 0.1 ms, Speed: inf M/s, Resolution: 1920x1080
Name: 金鹰卡通, URL: http://iptv.cdn.ha.chinamobile.com/PLTV/88888888/224/3221226624/index.m3u8, IPv_Type: ipv6, Location: 中国, ISP: 中国移动, Date: None, Delay: 0.1 ms, Speed: inf M/s, Resolution: 1920x1080
Name: 金鹰卡通, URL: http://dbiptv.sn.chinamobile.com/PLTV/88888890/224/3221225744/index.m3u8, IPv_Type: ipv6, Location: 中国, ISP: 中国移动, Date: None, Delay: 0.1 ms, Speed: inf M/s, Resolution: 1920x1080
Name: 金鹰卡通, URL: http://[2409:8087:1a0b:df::4008]:80/ottrrs.hl.chinamobile.com/PLTV/88888888/224/3221225653/index.m3u8, IPv_Type: ipv6, Location: 中国, ISP: 中国移动, Date: None, Delay: 0.1 ms, Speed: inf M/s, Resolution: 1920x1080
Name: 金鹰卡通, URL: http://rrs01.hw.gmcc.net:8088/PLTV/81/224/3221226674/1.m3u8, IPv_Type: ipv6, Location: 中国, ISP: 中国移动, Date: None, Delay: -1 ms, Speed: 0.00 M/s, Resolution: None
Name: 金鹰卡通, URL: https://cc06.tv12.xyz/55.m3u8, IPv_Type: ipv6, Location: 美国, ISP: CloudFlare Inc., Date: None, Delay: -1 ms, Speed: 0.00 M/s, Resolution: None
Name: 黑莓动画, URL: http://php.jdshipin.com/TVOD/hnyd.php?id=200000001898/460000089800010002, IPv_Type: ipv6, Location: 美国, ISP: CloudFlare Inc., Date: None, Delay: 0.1 ms, Speed: inf M/s, Resolution: 1920x1080
Name: 黑莓动画, URL: http://otttv.bj.chinamobile.com/PLTV/88888888/224/3221226935/1.m3u8?GuardEncType=2&accountinfo=%7E%7EV2.0%7EUc618y1E09GbQwwuOzEKaQ%7EtP4-l0lmSfjwLWEfK_el1vH_mv-s1zo4AQJwdedaVwG9xkuFTDg8J26cwOrNJzn20BErrHdLhuZ9EzLUCD3PMW-OMx4MGteHV2vLeW6BqoY%2CEND, IPv_Type: ipv6, Location: 中国, ISP: 中国移动, Date: None, Delay: 0.1 ms, Speed: inf M/s, Resolution: 1920x1080
Name: 黑莓动画, URL: http://[2409:8087:8:21::18]:6610/otttv.bj.chinamobile.com/PLTV/88888888/224/3221226935/1.m3u8, IPv_Type: ipv6, Location: 中国, ISP: 中国移动, Date: None, Delay: 0.1 ms, Speed: inf M/s, Resolution: 1920x1080
Name: 黑莓动画, URL: http://[2409:8087:1a01:df::4007]:80/TVOD/88888888/224/3221225529/main.m3u8, IPv_Type: ipv6, Location: 中国, ISP: 中国移动, Date: None, Delay: 0.1 ms, Speed: inf M/s, Resolution: 1920x1080
Name: 黑莓动画, URL: http://ottrrs.hl.chinamobile.com/TVOD/88888888/224/3221225662/index.m3u8, IPv_Type: ipv6, Location: 中国, ISP: 中国移动, Date: None, Delay: 0.1 ms, Speed: inf M/s, Resolution: 1920x1080
Name: 黑莓动画, URL: http://[2409:8087:1a0b:df::4006]:80/ottrrs.hl.chinamobile.com/PLTV/88888888/224/3221225662/index.m3u8, IPv_Type: ipv6, Location: 中国, ISP: 中国移动, Date: None, Delay: 0.1 ms, Speed: inf M/s, Resolution: 1920x1080
Name: 黑莓动画, URL: http://[2409:8087:5e08:25::16]:6610/200000001898/460000089800010002/1.m3u8, IPv_Type: ipv6, Location: 中国, ISP: 中国移动, Date: None, Delay: -1 ms, Speed: 0.00 M/s, Resolution: None
Name: 浙江少儿, URL: https://qiniup-m-l.cztv.com/channels/lantian/channel008/1080p.m3u8, IPv_Type: ipv6, Location: 中国-广东-佛山, ISP: 电信, Date: None, Delay: 0.1 ms, Speed: inf M/s, Resolution: 1920x1080
Name: 浙江少儿, URL: https://ct-m-l.cztv.com/channels/lantian/channel008/1080p.m3u8, IPv_Type: ipv6, Location: 中国-广东-广州, ISP: 电信, Date: None, Delay: 0.1 ms, Speed: inf M/s, Resolution: 1920x1080
Name: 浙江少儿, URL: https://ali-m-l.cztv.com/channels/lantian/channel008/1080p.m3u8, IPv_Type: ipv6, Location: 中国-广西-防城港, ISP: 电信, Date: None, Delay: 0.1 ms, Speed: inf M/s, Resolution: 1920x1080
Name: 浙江少儿, URL: http://ali-m-l.cztv.com/channels/lantian/channel008/1080p.m3u8, IPv_Type: ipv6, Location: 中国-广西-防城港, ISP: 电信, Date: None, Delay: 0.1 ms, Speed: inf M/s, Resolution: 1920x1080
Name: 浙江少儿, URL: http://ali-vl.cztv.com/channels/lantian/channel008/360p.m3u8, IPv_Type: ipv6, Location: 中国, ISP: 中国电信, Date: None, Delay: 0.1 ms, Speed: inf M/s, Resolution: 1920x1080
Name: 浙江少儿, URL: http://ali-m-l.cztv.com/channels/lantian/channel008/1080p.m3u8?fbl=, IPv_Type: ipv6, Location: 中国-广西-防城港, ISP: 电信, Date: None, Delay: 0.1 ms, Speed: inf M/s, Resolution: 1920x1080
Name: 河北少儿科教, URL: https://event.pull.hebtv.com/jishi/shaoerkejiao.m3u8, IPv_Type: ipv6, Location: 中国, ISP: 中国电信, Date: None, Delay: 0.1 ms, Speed: inf M/s, Resolution: 1920x1080
Name: 七龙珠, URL: https://live.ottiptv.cc/huya/11601966, IPv_Type: ipv6, Location: 美国-新泽西州-巴赛克, ISP: DigitalOcean, Date: None, Delay: -1 ms, Speed: 0.00 M/s, Resolution: None
Name: 七龙珠, URL: https://live.metshop.top/huya/11601966, IPv_Type: ipv6, Location: 美国, ISP: CloudFlare Inc., Date: None, Delay: -1 ms, Speed: 0.00 M/s, Resolution: None
Name: 火影忍者, URL: https://hd.ijycnd.com/play/Yer3NWLa/index.m3u8, IPv_Type: ipv4, Location: 中国-湖南-长沙, ISP: 湖南有线电视网络(集团)股份有限公司广东联通节点, Date: None, Delay: 167 ms, Speed: 9.96 M/s, Resolution: 1920x1032
Name: 海绵宝宝, URL: https://live.metshop.top/douyu/3949681, IPv_Type: ipv6, Location: 美国, ISP: CloudFlare Inc., Date: None, Delay: 0.1 ms, Speed: inf M/s, Resolution: 1920x1080
Name: 中华小当家, URL: https://live.metshop.top/huya/11342413, IPv_Type: ipv6, Location: 美国, ISP: CloudFlare Inc., Date: None, Delay: 0.1 ms, Speed: inf M/s, Resolution: 1920x1080
Name: 中华小当家, URL: https://live.iill.top/huya/11342413, IPv_Type: ipv6, Location: 美国, ISP: CloudFlare Inc., Date: None, Delay: 0.1 ms, Speed: inf M/s, Resolution: 1920x1080
Name: 中华小当家, URL: https://live.ottiptv.cc/huya/11342413, IPv_Type: ipv6, Location: 美国, ISP: Oracle Corporation, Date: None, Delay: -1 ms, Speed: 0.00 M/s, Resolution: None
Name: 猫和老鼠, URL: https://live.iill.top/huya/11352879, IPv_Type: ipv6, Location: 美国, ISP: CloudFlare Inc., Date: None, Delay: 0.1 ms, Speed: inf M/s, Resolution: 1920x1080
Name: 猫和老鼠, URL: http://live.iill.top/huya.php?id=11352879, IPv_Type: ipv6, Location: 美国, ISP: CloudFlare Inc., Date: None, Delay: 0.1 ms, Speed: inf M/s, Resolution: 1920x1080
Name: 猫和老鼠, URL: https://live.ottiptv.cc/huya/11352879, IPv_Type: ipv6, Location: 美国-新泽西州-巴赛克, ISP: DigitalOcean, Date: None, Delay: -1 ms, Speed: 0.00 M/s, Resolution: None
Name: 猫和老鼠, URL: https://live.metshop.top/huya/11352879, IPv_Type: ipv6, Location: 美国, ISP: CloudFlare Inc., Date: None, Delay: -1 ms, Speed: 0.00 M/s, Resolution: None
Name: 经典动漫, URL: https://www.goodiptv.club/yy/22777075, IPv_Type: ipv6, Location: 美国, ISP: CloudFlare Inc., Date: None, Delay: 0.1 ms, Speed: inf M/s, Resolution: 1920x1080
Name: 漫画解说, URL: https://www.goodiptv.club/douyu/5907076, IPv_Type: ipv6, Location: 美国, ISP: CloudFlare Inc., Date: None, Delay: 0.1 ms, Speed: inf M/s, Resolution: 1920x1080
Name: 漫画解说, URL: https://mursor.ottiptv.cc/yy/1382735568, IPv_Type: ipv6, Location: 美国-加利福尼亚州-圣克拉拉, ISP: DigitalOcean, Date: None, Delay: -1 ms, Speed: 0.00 M/s, Resolution: None
Name: 漫画解说, URL: https://yylunbo.ottiptv.cc/yy/1382735568, IPv_Type: ipv6, Location: 美国, ISP: CloudFlare Inc., Date: None, Delay: -1 ms, Speed: 0.00 M/s, Resolution: None
Name: 游戏风云, URL: http://php.jdshipin.com/itv6.php?cid=bestzb&id=5000000011000031114, IPv_Type: ipv6, Location: 美国, ISP: CloudFlare Inc., Date: None, Delay: 0.1 ms, Speed: inf M/s, Resolution: 1920x1080
Name: 游戏风云, URL: http://iptv.cdn.ha.chinamobile.com/PLTV/88888888/224/3221226548/index.m3u8, IPv_Type: ipv6, Location: 中国, ISP: 中国移动, Date: None, Delay: 0.1 ms, Speed: inf M/s, Resolution: 1920x1080
Name: 游戏风云, URL: http://[2409:8087:1e01:23::10]:8112/000000001000/5000000002000027005/1.m3u8?channel-id=bestzb&Contentid=5000000002000027005&livemode=1&stbId=m, IPv_Type: ipv6, Location: 中国, ISP: 中国移动, Date: None, Delay: -1 ms, Speed: 0.00 M/s, Resolution: None
Name: 游戏风云, URL: http://[2409:8087:1e01:23::10]:8112/000000001000/5000000011000031114/1.m3u8?channel-id=bestzb&Contentid=5000000011000031114&livemode=1&stbId=m, IPv_Type: ipv6, Location: 中国, ISP: 中国移动, Date: None, Delay: -1 ms, Speed: 0.00 M/s, Resolution: None
Name: 电竞天堂, URL: http://[2409:8087:5e00:24::2d]:6610/000000001000/1/5000000011000288003/index.m3u8?channel-id=bestzb&Contentid=5000000011000288003&livemode=1&stbId=YanG-1989, IPv_Type: ipv6, Location: 中国, ISP: 中国移动, Date: None, Delay: 0.1 ms, Speed: inf M/s, Resolution: 1920x1080
Name: 爱电竞, URL: http://php.jdshipin.com:8880/itv6s.php?cid=wasusyt&id=6000000006000230630, IPv_Type: ipv6, Location: 美国, ISP: CloudFlare Inc., Date: None, Delay: 0.1 ms, Speed: inf M/s, Resolution: 1920x1080
Name: CCTV-15, URL: http://hwrr.jx.chinamobile.com:8080/PLTV/88888888/224/3221225641/index.m3u8, IPv_Type: ipv6, Location: 中国, ISP: 中国移动, Date: None, Delay: 0.1 ms, Speed: inf M/s, Resolution: 1920x1080
Name: CCTV-15, URL: https://smart.pendy.dpdns.org/Smart.php?id=cctv15, IPv_Type: ipv6, Location: 美国, ISP: CloudFlare Inc., Date: None, Delay: 0.1 ms, Speed: inf M/s, Resolution: 1920x1080
Name: CCTV-15, URL: http://[2409:8087:1a01:df::4033]:80/TVOD/88888888/224/3221226127/main.m3u8, IPv_Type: ipv6, Location: 中国, ISP: 中国移动, Date: None, Delay: 0.1 ms, Speed: inf M/s, Resolution: 1920x1080
Name: CCTV-15, URL: http://[2409:8087:1a0a:df::404b]/ottrrs.hl.chinamobile.com/TVOD/88888888/224/3221225601/index.m3u8, IPv_Type: ipv6, Location: 中国, ISP: 中国移动, Date: None, Delay: 0.1 ms, Speed: inf M/s, Resolution: 1920x1080
Name: CCTV-15, URL: http://[2409:8087:1a01:df::4077]/ottrrs.hl.chinamobile.com/PLTV/88888888/8/3221225601/index.m3u8, IPv_Type: ipv6, Location: 中国, ISP: 中国移动, Date: None, Delay: 0.1 ms, Speed: inf M/s, Resolution: 1920x1080
Name: CCTV-15, URL: http://[2409:8087:1a01:df::4077]:80/ottrrs.hl.chinamobile.com/PLTV/88888888/8/3221225601/index.m3u8, IPv_Type: ipv6, Location: 中国, ISP: 中国移动, Date: None, Delay: 0.1 ms, Speed: inf M/s, Resolution: 1920x1080
Name: CCTV-15, URL: http://[2409:8087:1a01:df::4077]:80/ottrrs.hl.chinamobile.com/PLTV/88888888/224/3221225601/index.m3u8, IPv_Type: ipv6, Location: 中国, ISP: 中国移动, Date: None, Delay: 0.1 ms, Speed: inf M/s, Resolution: 1920x1080
Name: CCTV-15, URL: http://[2409:8087:8:21::18]:6610/otttv.bj.chinamobile.com/PLTV/88888888/224/3221226333/1.m3u8, IPv_Type: ipv6, Location: 中国, ISP: 中国移动, Date: None, Delay: 0.1 ms, Speed: inf M/s, Resolution: 1920x1080
Name: CCTV-15, URL: http://[2409:8087:8:21::18]:6610/otttv.bj.chinamobile.com/PLTV/88888888/224/3221226444/1.m3u8, IPv_Type: ipv6, Location: 中国, ISP: 中国移动, Date: None, Delay: 0.1 ms, Speed: inf M/s, Resolution: 1920x1080
Name: CCTV-15, URL: http://[2409:8087:1a01:df::4077]:80/ottrrs.hl.chinamobile.com/yinhe/88888888/224/3221225601/index.m3u8, IPv_Type: ipv6, Location: 中国, ISP: 中国移动, Date: None, Delay: 0.1 ms, Speed: inf M/s, Resolution: 1920x1080
Name: CCTV-15, URL: http://iptv.cdn.ha.chinamobile.com/PLTV/88888888/224/3221227175/index.m3u8, IPv_Type: ipv6, Location: 中国, ISP: 中国移动, Date: None, Delay: 0.1 ms, Speed: inf M/s, Resolution: 1920x1080
Name: CCTV-15, URL: http://[2409:8087:1a01:df::4077]/ottrrs.hl.chinamobile.com/PLTV/88888888/224/3221225601/index.m3u8, IPv_Type: ipv6, Location: 中国, ISP: 中国移动, Date: None, Delay: 0.1 ms, Speed: inf M/s, Resolution: 1920x1080
Name: CCTV-15, URL: http://yc.myds.me:35455/gaoma/cctv15.m3u8, IPv_Type: ipv6, Location: 中国, ISP: 中国电信, Date: None, Delay: 0.1 ms, Speed: inf M/s, Resolution: 1920x1080
Name: CCTV-15, URL: http://yc.myds.me:35455/itv/5000000011000031109.m3u8?cdn=bestzb, IPv_Type: ipv6, Location: 中国, ISP: 中国电信, Date: None, Delay: 0.1 ms, Speed: inf M/s, Resolution: 1920x1080
Name: CCTV-15, URL: http://lu.wqwqwq.sbs/itv/1000000005000265014.m3u8?cdn=ystenlive, IPv_Type: ipv6, Location: 美国, ISP: CloudFlare Inc., Date: None, Delay: 0.1 ms, Speed: inf M/s, Resolution: 1920x1080
Name: CCTV-15, URL: http://[2409:8087:5e00:24::1e]:6060/200000001898/460000089800010094/1.m3u8, IPv_Type: ipv6, Location: 中国, ISP: 中国移动, Date: None, Delay: 0.1 ms, Speed: inf M/s, Resolution: 1920x1080
Name: CCTV-15, URL: http://[2409:8087:5e01:34::20]:6610/ZTE_CMS/00000001000000060000000000000501/index.m3u8?IAS, IPv_Type: ipv6, Location: 中国, ISP: 中国移动, Date: None, Delay: 0.1 ms, Speed: inf M/s, Resolution: 1920x1080
Name: CCTV-15, URL: http://dbiptv.sn.chinamobile.com/PLTV/88888890/224/3221225785/index.m3u8, IPv_Type: ipv6, Location: 中国, ISP: 中国移动, Date: None, Delay: 0.1 ms, Speed: inf M/s, Resolution: 1920x1080
Name: CCTV-15, URL: http://[2409:8087:1a01:df::4077]/ottrrs.hl.chinamobile.com/yinhe/88888888/224/3221225601/index.m3u8, IPv_Type: ipv6, Location: 中国, ISP: 中国移动, Date: None, Delay: 0.1 ms, Speed: inf M/s, Resolution: 1920x1080
Name: CCTV-15, URL: http://zteres.sn.chinamobile.com:6060/000000001000/5000000011000031109/1.m3u8?channel-id=bestzb&Contentid=5000000011000031109&livemode=1&stbId=3, IPv_Type: ipv6, Location: 中国, ISP: 中国移动, Date: None, Delay: 0.1 ms, Speed: inf M/s, Resolution: 1920x1080
Name: CCTV-15, URL: http://zteres.sn.chinamobile.com:6060/000000001000/1000000005000265014/1.m3u8?channel-id=ystenlive&Contentid=1000000005000265014&livemode=1&stbId=3, IPv_Type: ipv6, Location: 中国, ISP: 中国移动, Date: None, Delay: 0.1 ms, Speed: inf M/s, Resolution: 1920x1080
Name: CCTV-15, URL: http://zteres.sn.chinamobile.com:6060/000000001000/1000000002000008163/1.m3u8?channel-id=ystenlive&Contentid=1000000002000008163&livemode=1&stbId=3, IPv_Type: ipv6, Location: 中国, ISP: 中国移动, Date: None, Delay: 0.1 ms, Speed: inf M/s, Resolution: 1920x1080
Name: CCTV-15, URL: http://zteres.sn.chinamobile.com:6060/000000001000/5000000005000018417/1.m3u8?channel-id=bestzb&Contentid=5000000005000018417&livemode=1&stbId=3, IPv_Type: ipv6, Location: 中国, ISP: 中国移动, Date: None, Delay: 0.1 ms, Speed: inf M/s, Resolution: 1920x1080
Name: CCTV-15, URL: http://[2409:8087:4c0a:22:1::11]:6410/170000001115/UmaiCHAN6000055BESTVSMGSMG/index.m3u8?AuthInfo=9kOOdBn7MFF%2F2bWjKgahUTWDyIgRkFJBAHMhA2ayG0Tdo%2FUL80msfbhDYvoWpNl31Dy7jHvMl%2FzVUrNxhL1ek1YEGVDZ7lCg0LtKJY4Ku%2B8, IPv_Type: ipv6, Location: 中国, ISP: 中国移动, Date: None, Delay: 0.1 ms, Speed: inf M/s, Resolution: 1920x1080
Name: CCTV-15, URL: http://[2409:8087:5e01:34::38]:6610/ZTE_CMS/00000001000000060000000000000501/index.m3u8, IPv_Type: ipv6, Location: 中国, ISP: 中国移动, Date: None, Delay: 0.1 ms, Speed: inf M/s, Resolution: 1920x1080
Name: CCTV-15, URL: http://[2409:8087:5e01:34::23]:6610/ZTE_CMS/00000001000000060000000000000501/index.m3u8?IAS, IPv_Type: ipv6, Location: 中国, ISP: 中国移动, Date: None, Delay: 0.1 ms, Speed: inf M/s, Resolution: 1920x1080
Name: CCTV-15, URL: http://[2409:8087:5e01:34::21]:6610/ZTE_CMS/00000001000000060000000000000501/index.m3u8?IAS, IPv_Type: ipv6, Location: 中国, ISP: 中国移动, Date: None, Delay: 0.1 ms, Speed: inf M/s, Resolution: 1920x1080
Name: CCTV-15, URL: http://[2409:8087:5e01:34::22]:6610/ZTE_CMS/00000001000000060000000000000501/index.m3u8?IAS, IPv_Type: ipv6, Location: 中国, ISP: 中国移动, Date: None, Delay: 0.1 ms, Speed: inf M/s, Resolution: 1920x1080
Name: CCTV-15, URL: http://[2409:8087:5e01:34::20]:6610/ZTE_CMS/00000001000000060000000000000501/index.m3u8?key=tvbox6_com, IPv_Type: ipv6, Location: 中国, ISP: 中国移动, Date: None, Delay: 0.1 ms, Speed: inf M/s, Resolution: 1920x1080
Name: CCTV-15, URL: http://[2409:8087:74f0:22::4]:6410/270000001128/9900000512/index.m3u8, IPv_Type: ipv6, Location: 中国, ISP: 中国移动, Date: None, Delay: 0.1 ms, Speed: inf M/s, Resolution: 1920x1080
Name: CCTV-15, URL: http://[2409:8087:1a01:df::7005]/ottrrs.hl.chinamobile.com/PLTV/88888888/224/3221226476/index.m3u8, IPv_Type: ipv6, Location: 中国, ISP: 中国移动, Date: None, Delay: 0.1 ms, Speed: inf M/s, Resolution: 1920x1080
Name: CCTV-15, URL: http://[2409:8087:1a01:df::7005]:80/ottrrs.hl.chinamobile.com/PLTV/88888888/224/3221226476/index.m3u8, IPv_Type: ipv6, Location: 中国, ISP: 中国移动, Date: None, Delay: 0.1 ms, Speed: inf M/s, Resolution: 1920x1080
Name: CCTV-15, URL: http://[2409:8087:3869:8021:1001::e5]:6610/PLTV/88888910/224/3221225641/index.m3u8, IPv_Type: ipv6, Location: 中国, ISP: 中国移动, Date: None, Delay: -1 ms, Speed: 0.00 M/s, Resolution: None
Name: CCTV-15, URL: http://rrs01.hw.gmcc.net:8088/PLTV/81/224/3221226648/1.m3u8, IPv_Type: ipv6, Location: 中国, ISP: 中国移动, Date: None, Delay: -1 ms, Speed: 0.00 M/s, Resolution: None
Name: CCTV-15, URL: https://cc06.tv12.xyz/16.m3u8, IPv_Type: ipv6, Location: 美国, ISP: CloudFlare Inc., Date: None, Delay: -1 ms, Speed: 0.00 M/s, Resolution: None
Name: 音乐现场, URL: https://satellitepull.cnr.cn/live/wx32nmgyygb/playlist.m3u8, IPv_Type: ipv4, Location: 美国-伊利诺伊州-库克, ISP: 网宿CDN节点, Date: None, Delay: 79 ms, Speed: 1.31 M/s, Resolution: None
Name: 潮流音乐, URL: http://play-radio-stream3.hndt.com/now/Or5au0KN/playlist.m3u8, IPv_Type: ipv4, Location: 美国-伊利诺伊州-库克, ISP: 网宿CDN节点, Date: None, Delay: 530 ms, Speed: 0.30 M/s, Resolution: None
Name: 音乐广播, URL: https://tv-1.iill.top/fm/552, IPv_Type: ipv6, Location: 美国, ISP: CloudFlare Inc., Date: None, Delay: -1 ms, Speed: 0.00 M/s, Resolution: None
Name: 笑傲江湖, URL: http://lu.wqwqwq.sbs/yy/1354930909, IPv_Type: ipv6, Location: 美国, ISP: CloudFlare Inc., Date: None, Delay: 0.1 ms, Speed: inf M/s, Resolution: 1920x1080
Name: 笑傲江湖, URL: https://live.iill.top/huya/23865142, IPv_Type: ipv6, Location: 美国, ISP: CloudFlare Inc., Date: None, Delay: 0.1 ms, Speed: inf M/s, Resolution: 1920x1080
Name: 笑傲江湖, URL: http://live.iill.top/yy.php?id=1354282410, IPv_Type: ipv6, Location: 美国, ISP: CloudFlare Inc., Date: None, Delay: 0.1 ms, Speed: inf M/s, Resolution: 1920x1080
Name: 天龙八部, URL: http://www.clmy.cc:35455/yy/1355067965, IPv_Type: ipv6, Location: 保留地址, ISP: 主机之间的链路本地地址, Date: None, Delay: 0.1 ms, Speed: inf M/s, Resolution: 1920x1080
Name: 天龙八部, URL: https://live.metshop.top/huya/23903123, IPv_Type: ipv6, Location: 美国, ISP: CloudFlare Inc., Date: None, Delay: 0.1 ms, Speed: inf M/s, Resolution: 1920x1080
Name: 天龙八部, URL: http://live.iill.top/yy.php?id=1351814644, IPv_Type: ipv6, Location: 美国, ISP: CloudFlare Inc., Date: None, Delay: 0.1 ms, Speed: inf M/s, Resolution: 1920x1080
Name: 鹿鼎记, URL: http://live.iill.top/yy.php?id=1382704650, IPv_Type: ipv6, Location: 美国, ISP: CloudFlare Inc., Date: None, Delay: 0.1 ms, Speed: inf M/s, Resolution: 1920x1080
Name: 仙剑奇侠传, URL: http://live.iill.top/yy.php?id=1382749903, IPv_Type: ipv6, Location: 美国, ISP: CloudFlare Inc., Date: None, Delay: 0.1 ms, Speed: inf M/s, Resolution: 1920x1080
Name: 西游记, URL: https://txmov2.a.kwimgs.com/bs3/video-hls/5239093806671579134_hlsb.m3u8, IPv_Type: ipv4, Location: 美国-乔治亚州-富尔顿, ISP: 腾讯云, Date: None, Delay: 613 ms, Speed: 2.51 M/s, Resolution: 704x534
Name: 三国演义, URL: https://live.iill.top/huya/11602081, IPv_Type: ipv6, Location: 美国, ISP: CloudFlare Inc., Date: None, Delay: 0.1 ms, Speed: inf M/s, Resolution: 1920x1080
Name: 三国演义, URL: http://live.iill.top/yy.php?id=1354936241, IPv_Type: ipv6, Location: 美国, ISP: CloudFlare Inc., Date: None, Delay: 0.1 ms, Speed: inf M/s, Resolution: 1920x1080
Name: 水浒传, URL: http://www.clmy.cc:35455/yy/1353873252, IPv_Type: ipv6, Location: 保留地址, ISP: 主机之间的链路本地地址, Date: None, Delay: 0.1 ms, Speed: inf M/s, Resolution: 1920x1080
Name: 新白娘子传奇, URL: http://lu.wqwqwq.sbs/yy/1354490667, IPv_Type: ipv6, Location: 美国, ISP: CloudFlare Inc., Date: None, Delay: 0.1 ms, Speed: inf M/s, Resolution: 1920x1080
Name: 新白娘子传奇, URL: http://www.clmy.cc:35455/yy/1354490667, IPv_Type: ipv6, Location: 保留地址, ISP: 主机之间的链路本地地址, Date: None, Delay: 0.1 ms, Speed: inf M/s, Resolution: 1920x1080
Name: 新白娘子传奇, URL: http://live.iill.top/yy.php?id=1354490667, IPv_Type: ipv6, Location: 美国, ISP: CloudFlare Inc., Date: None, Delay: 0.1 ms, Speed: inf M/s, Resolution: 1920x1080
Name: 济公游记, URL: http://live.iill.top/yy.php?id=1355265814, IPv_Type: ipv6, Location: 美国, ISP: CloudFlare Inc., Date: None, Delay: 0.1 ms, Speed: inf M/s, Resolution: 1920x1080
Name: 封神榜, URL: http://www.clmy.cc:35455/yy/1353426319, IPv_Type: ipv6, Location: 保留地址, ISP: 主机之间的链路本地地址, Date: None, Delay: 0.1 ms, Speed: inf M/s, Resolution: 1920x1080
Name: 封神榜, URL: http://live.iill.top/yy.php?id=1353426319, IPv_Type: ipv6, Location: 美国, ISP: CloudFlare Inc., Date: None, Delay: 0.1 ms, Speed: inf M/s, Resolution: 1920x1080
Name: 封神榜, URL: http://live.ottiptv.cc/huya/29465849, IPv_Type: ipv6, Location: 美国, ISP: Oracle Corporation, Date: None, Delay: -1 ms, Speed: 0.00 M/s, Resolution: None
Name: 封神榜, URL: https://live.metshop.top/huya/29465849, IPv_Type: ipv6, Location: 美国, ISP: CloudFlare Inc., Date: None, Delay: -1 ms, Speed: 0.00 M/s, Resolution: None
Name: 上海滩, URL: http://live.iill.top/yy.php?id=1382745184, IPv_Type: ipv6, Location: 美国, ISP: CloudFlare Inc., Date: None, Delay: 0.1 ms, Speed: inf M/s, Resolution: 1920x1080
Name: 射雕英雄传, URL: http://live.iill.top/yy.php?id=1354210357, IPv_Type: ipv6, Location: 美国, ISP: CloudFlare Inc., Date: None, Delay: 0.1 ms, Speed: inf M/s, Resolution: 1920x1080
Name: 射雕英雄传, URL: https://live.metshop.top/huya/23824164, IPv_Type: ipv6, Location: 美国, ISP: CloudFlare Inc., Date: None, Delay: -1 ms, Speed: 0.00 M/s, Resolution: None
